2026-09-17 10:58:45.407 xcodebuild[10037:322110]  DVTFilePathFSEvents: Failed to start fs event stream.
2026-09-17 10:58:45.523 xcodebuild[10037:322108] [MT] DVTDeveloperPaths: Failed to get length of DARWIN_USER_CACHE_DIR from confstr(3), error = Error Domain=NSPOSIXErrorDomain Code=5 "Input/output error". Using NSCachesDirectory instead.
2026-09-17 10:58:45.761 xcodebuild[10037:322111] CoreSimulatorService connection became invalid.  Simulator services will no longer be available.
Command line invocation:
    /Users/owen.coffer/Downloads/Installers/Xcode.app/Contents/Developer/usr/bin/xcodebuild -project public-app/Binocular.xcodeproj -scheme Binocular -sdk iphonesimulator -configuration Debug -derivedDataPath public-app/build/ios CODE_SIGNING_ALLOWED=NO build

Build settings from command line:
    CODE_SIGNING_ALLOWED = NO
    SDKROOT = iphonesimulator27.0

2026-09-17 10:58:45.805 xcodebuild[10037:322111] Logging connecton invalid: <OS_xpc_error: <dictionary: 0x1f4c8f0e0> { count = 1, transaction: 0, voucher = 0x0, contents =
	"XPCErrorDescription" => <string: 0x1f4c8f220> { string cache = 0x0, length = 18, contents = "Connection invalid" }
}>
2026-09-17 10:58:45.805 xcodebuild[10037:322111] Error opening log file (/Users/owen.coffer/Library/Logs/CoreSimulator/CoreSimulator.com.apple.dt.xcodebuild.log): Operation not permitted
[-[SimServiceContext initWithDeveloperDir:connectionType:error:]:499] WARN  : Unable to discover any Simulator runtimes. Developer Directory is /Users/owen.coffer/Downloads/Installers/Xcode.app/Contents/Developer.
[-[SimDiskImageManager _onQueue_checkConnection:]:239] ERROR : simdiskimaged returned error (invalid), marking disconnected.
[-[SimDiskImageManager init]:175] ERROR : Could not kickstart simdiskimaged; SimDiskImageManager services will not be available: Error Domain=NSPOSIXErrorDomain Code=53 "Software caused connection abort" UserInfo={NSLocalizedDescription=Error returned in reply from CoreSimulatorService: Connection invalid}
[-[SimDiskImageManager _onQueue_checkConnection:]:219] ERROR : simdiskimaged connection is currently unavailable because connection became invalid
[-[SimServiceContext initWithDeveloperDir:connectionType:error:]_block_invoke:556] ERROR : Could not get list of trusted mount directories: Error Domain=com.apple.CoreSimulator.SimError Code=409 "Cannot talk to the service used to manage runtime disk images (simdiskimaged) because its launchd job is not registered or was unloaded" UserInfo={NSLocalizedDescription=Cannot talk to the service used to manage runtime disk images (simdiskimaged) because its launchd job is not registered or was unloaded}
[-[SimServiceContext sendRequest:reply:error:]:1982] ERROR : Unable to deliver request ({
    request = "notification_subscription";
    "set_path" = "/Users/owen.coffer/Library/Developer/CoreSimulator/Devices";
}) because we are not connected to CoreSimulatorService.
2026-09-17 10:58:45.806 xcodebuild[10037:322110] Error Domain=NSPOSIXErrorDomain Code=61 "Connection refused" UserInfo={NSLocalizedDescription=CoreSimulatorService connection became invalid.  Simulator services will no longer be available.}
[-[SimServiceContext sendRequest:reply:error:]:1982] ERROR : Unable to deliver request ({
    request = "notification_subscription";
    "set_path" = "/Users/owen.coffer/Library/Developer/CoreSimulator/Devices";
}) because we are not connected to CoreSimulatorService.
2026-09-17 10:58:45.806 xcodebuild[10037:322157] Error Domain=NSPOSIXErrorDomain Code=61 "Connection refused" UserInfo={NSLocalizedDescription=CoreSimulatorService connection became invalid.  Simulator services will no longer be available.}
2026-09-17 10:58:45.806 xcodebuild[10037:322110]  IDESimulatorAvailability: startObservingSimulatorUpdates() FAILED to register SimDeviceSet observer
2026-09-17 10:58:45.806 xcodebuild[10037:322157]  iOSSimulator: [SimServiceContext defaultDeviceSetWithError:] returned nil (Error Domain=NSPOSIXErrorDomain Code=61 "Connection refused" UserInfo={NSLocalizedFailureReason=Failed to subscribe to notifications from CoreSimulatorService., NSLocalizedDescription=Failed to initialize simulator device set., NSUnderlyingError=0x78ec1a08d0 {Error Domain=NSPOSIXErrorDomain Code=61 "Connection refused" UserInfo={NSLocalizedDescription=CoreSimulatorService connection became invalid.  Simulator services will no longer be available.}}}). Simulator device support disabled.
2026-09-17 10:58:45.815 xcodebuild[10037:322108] [MT] DVTAssertions: Warning in DVTFrameworks/DVTFoundation/FileTypes/DVTFileDataTypeDetection.m:80
Details:  detectedTypeIdentifier (com.apple.binary-property-list) does not conform to matchedTypeIdentifier in MagicFileDataTypeDetector extenson com.apple.property-list. When both are specified, this conformance is required unless overridden by setting allowNonInheritance. extension.identifier:Xcode.MagicFileDataTypeDetector.BinaryPlist
Object:   <DVTFileDataTypeDetectionMagicCache: 0x78ec1a1a10>
Method:   -initWithExtension:
Thread:   <_NSMainThread: 0x100cf52a0>{number = 1, name = main}
Please file a bug at https://feedbackassistant.apple.com with this warning message and any useful information you can provide.
2026-09-17 10:58:45.815 xcodebuild[10037:322108] [MT] DVTAssertions: Warning in DVTFrameworks/DVTFoundation/FileTypes/DVTFileDataTypeDetection.m:80
Details:  detectedTypeIdentifier (com.apple.xml-property-list) does not conform to matchedTypeIdentifier in MagicFileDataTypeDetector extenson com.apple.property-list. When both are specified, this conformance is required unless overridden by setting allowNonInheritance. extension.identifier:Xcode.MagicFileDataTypeDetector.XMLPlist
Object:   <DVTFileDataTypeDetectionMagicCache: 0x78ec1a1a10>
Method:   -initWithExtension:
Thread:   <_NSMainThread: 0x100cf52a0>{number = 1, name = main}
Please file a bug at https://feedbackassistant.apple.com with this warning message and any useful information you can provide.
2026-09-17 10:58:45.919 xcodebuild[10037:322108] [MT] IDERunDestination: Supported platforms for the buildables in the current scheme is empty.
--- xcodebuild: WARNING: Using the first of multiple matching destinations:
{ platform:iOS Simulator, id:dvtdevice-DVTiOSDeviceSimulatorPlaceholder-iphonesimulator:placeholder, name:Any iOS Simulator Device }
{ platform:macOS, arch:arm64, id:00008142-001948362E2B401C, name:My Mac }
{ platform:macOS, arch:x86_64, id:00008142-001948362E2B401C, name:My Mac }
{ platform:iOS, id:dvtdevice-DVTiPhonePlaceholder-iphoneos:placeholder, name:Any iOS Device }
{ platform:macOS, name:Any Mac }
ComputePackagePrebuildTargetDependencyGraph

Prepare packages

CreateBuildRequest

SendProjectDescription

CreateBuildOperation

ComputeTargetDependencyGraph
note: Building targets in dependency order
note: Target dependency graph (1 target)
    Target 'Binocular' in project 'Binocular' (no dependencies)

GatherProvisioningInputs

CreateBuildDescription

ExecuteExternalTool /Users/owen.coffer/Downloads/Installers/Xcode.app/Contents/Developer/Toolchains/XcodeDefault.xctoolchain/usr/bin/clang -v -E -dM -isysroot /Users/owen.coffer/Downloads/Installers/Xcode.app/Contents/Developer/Platforms/iPhoneSimulator.platform/Developer/SDKs/iPhoneSimulator27.0.sdk -x c -c /dev/null

ExecuteExternalTool /Users/owen.coffer/Downloads/Installers/Xcode.app/Contents/Developer/usr/bin/actool --print-asset-tag-combinations --output-format xml1 /Users/owen.coffer/Documents/Codex/2026-09-15/i-x20/public-app/Assets.xcassets

ExecuteExternalTool /Users/owen.coffer/Downloads/Installers/Xcode.app/Contents/Developer/usr/bin/actool --version --output-format xml1

ExecuteExternalTool /Users/owen.coffer/Downloads/Installers/Xcode.app/Contents/Developer/Toolchains/XcodeDefault.xctoolchain/usr/bin/swiftc --version

ExecuteExternalTool /Users/owen.coffer/Downloads/Installers/Xcode.app/Contents/Developer/Toolchains/XcodeDefault.xctoolchain/usr/bin/ld -version_details

Build description signature: c8e1e18217e019799db593e7525da3fa
Build description path: /Users/owen.coffer/Documents/Codex/2026-09-15/i-x20/public-app/build/ios/Build/Intermediates.noindex/XCBuildData/c8e1e18217e019799db593e7525da3fa.xcbuilddata
CreateBuildDirectory /Users/owen.coffer/Documents/Codex/2026-09-15/i-x20/public-app/build/ios/SDKExplicitPrecompiledModules
    cd /Users/owen.coffer/Documents/Codex/2026-09-15/i-x20/public-app/Binocular.xcodeproj
    builtin-create-build-directory /Users/owen.coffer/Documents/Codex/2026-09-15/i-x20/public-app/build/ios/SDKExplicitPrecompiledModules

CreateBuildDirectory /Users/owen.coffer/Documents/Codex/2026-09-15/i-x20/public-app/build/ios/Build/Intermediates.noindex
    cd /Users/owen.coffer/Documents/Codex/2026-09-15/i-x20/public-app/Binocular.xcodeproj
    builtin-create-build-directory /Users/owen.coffer/Documents/Codex/2026-09-15/i-x20/public-app/build/ios/Build/Intermediates.noindex

CreateBuildDirectory /Users/owen.coffer/Documents/Codex/2026-09-15/i-x20/public-app/build/ios/CompilationCache.noindex
    cd /Users/owen.coffer/Documents/Codex/2026-09-15/i-x20/public-app/Binocular.xcodeproj
    builtin-create-build-directory /Users/owen.coffer/Documents/Codex/2026-09-15/i-x20/public-app/build/ios/CompilationCache.noindex

CreateBuildDirectory /Users/owen.coffer/Documents/Codex/2026-09-15/i-x20/public-app/build/ios/ModuleCache.noindex
    cd /Users/owen.coffer/Documents/Codex/2026-09-15/i-x20/public-app/Binocular.xcodeproj
    builtin-create-build-directory /Users/owen.coffer/Documents/Codex/2026-09-15/i-x20/public-app/build/ios/ModuleCache.noindex

CreateBuildDirectory /Users/owen.coffer/Documents/Codex/2026-09-15/i-x20/public-app/build/ios/Build/Products
    cd /Users/owen.coffer/Documents/Codex/2026-09-15/i-x20/public-app/Binocular.xcodeproj
    builtin-create-build-directory /Users/owen.coffer/Documents/Codex/2026-09-15/i-x20/public-app/build/ios/Build/Products

ClangStatCache /Users/owen.coffer/Downloads/Installers/Xcode.app/Contents/Developer/Toolchains/XcodeDefault.xctoolchain/usr/bin/clang-stat-cache /Users/owen.coffer/Downloads/Installers/Xcode.app/Contents/Developer/Platforms/iPhoneSimulator.platform/Developer/SDKs/iPhoneSimulator27.0.sdk /Users/owen.coffer/Documents/Codex/2026-09-15/i-x20/public-app/build/ios/SDKStatCaches.noindex/iphonesimulator27.0-24A430-93b4481594ef7a1b3290577e87e72c23.sdkstatcache
    cd /Users/owen.coffer/Documents/Codex/2026-09-15/i-x20/public-app/Binocular.xcodeproj
    /Users/owen.coffer/Downloads/Installers/Xcode.app/Contents/Developer/Toolchains/XcodeDefault.xctoolchain/usr/bin/clang-stat-cache /Users/owen.coffer/Downloads/Installers/Xcode.app/Contents/Developer/Platforms/iPhoneSimulator.platform/Developer/SDKs/iPhoneSimulator27.0.sdk -o /Users/owen.coffer/Documents/Codex/2026-09-15/i-x20/public-app/build/ios/SDKStatCaches.noindex/iphonesimulator27.0-24A430-93b4481594ef7a1b3290577e87e72c23.sdkstatcache

CreateBuildDirectory /Users/owen.coffer/Documents/Codex/2026-09-15/i-x20/public-app/build/ios/Build/Products/Debug-iphonesimulator
    cd /Users/owen.coffer/Documents/Codex/2026-09-15/i-x20/public-app/Binocular.xcodeproj
    builtin-create-build-directory /Users/owen.coffer/Documents/Codex/2026-09-15/i-x20/public-app/build/ios/Build/Products/Debug-iphonesimulator

CreateBuildDirectory /Users/owen.coffer/Documents/Codex/2026-09-15/i-x20/public-app/build/ios/Build/Intermediates.noindex/SwiftExplicitPrecompiledModules
    cd /Users/owen.coffer/Documents/Codex/2026-09-15/i-x20/public-app/Binocular.xcodeproj
    builtin-create-build-directory /Users/owen.coffer/Documents/Codex/2026-09-15/i-x20/public-app/build/ios/Build/Intermediates.noindex/SwiftExplicitPrecompiledModules

CreateBuildDirectory /Users/owen.coffer/Documents/Codex/2026-09-15/i-x20/public-app/build/ios/Build/Intermediates.noindex/ExplicitPrecompiledModules
    cd /Users/owen.coffer/Documents/Codex/2026-09-15/i-x20/public-app/Binocular.xcodeproj
    builtin-create-build-directory /Users/owen.coffer/Documents/Codex/2026-09-15/i-x20/public-app/build/ios/Build/Intermediates.noindex/ExplicitPrecompiledModules

CreateBuildDirectory /Users/owen.coffer/Documents/Codex/2026-09-15/i-x20/public-app/build/ios/Build/Intermediates.noindex/PrecompiledHeaders
    cd /Users/owen.coffer/Documents/Codex/2026-09-15/i-x20/public-app/Binocular.xcodeproj
    builtin-create-build-directory /Users/owen.coffer/Documents/Codex/2026-09-15/i-x20/public-app/build/ios/Build/Intermediates.noindex/PrecompiledHeaders

CreateBuildDirectory /Users/owen.coffer/Documents/Codex/2026-09-15/i-x20/public-app/build/ios/Build/Intermediates.noindex/EagerLinkingTBDs/Debug-iphonesimulator
    cd /Users/owen.coffer/Documents/Codex/2026-09-15/i-x20/public-app/Binocular.xcodeproj
    builtin-create-build-directory /Users/owen.coffer/Documents/Codex/2026-09-15/i-x20/public-app/build/ios/Build/Intermediates.noindex/EagerLinkingTBDs/Debug-iphonesimulator

WriteAuxiliaryFile /Users/owen.coffer/Documents/Codex/2026-09-15/i-x20/public-app/build/ios/Build/Intermediates.noindex/Binocular.build/Debug-iphonesimulator/Binocular-6ecf99979625f6f5677cab6f7d75a1f3-VFS-iphonesimulator/all-product-headers.yaml
    cd /Users/owen.coffer/Documents/Codex/2026-09-15/i-x20/public-app/Binocular.xcodeproj
    write-file /Users/owen.coffer/Documents/Codex/2026-09-15/i-x20/public-app/build/ios/Build/Intermediates.noindex/Binocular.build/Debug-iphonesimulator/Binocular-6ecf99979625f6f5677cab6f7d75a1f3-VFS-iphonesimulator/all-product-headers.yaml

WriteAuxiliaryFile /Users/owen.coffer/Documents/Codex/2026-09-15/i-x20/public-app/build/ios/Build/Intermediates.noindex/Binocular.build/Debug-iphonesimulator/Binocular.build/empty-Binocular.plist (in target 'Binocular' from project 'Binocular')
    cd /Users/owen.coffer/Documents/Codex/2026-09-15/i-x20/public-app
    write-file /Users/owen.coffer/Documents/Codex/2026-09-15/i-x20/public-app/build/ios/Build/Intermediates.noindex/Binocular.build/Debug-iphonesimulator/Binocular.build/empty-Binocular.plist

WriteAuxiliaryFile /Users/owen.coffer/Documents/Codex/2026-09-15/i-x20/public-app/build/ios/Build/Intermediates.noindex/Binocular.build/Debug-iphonesimulator/Binocular.build/Objects-normal/x86_64/Binocular_const_extract_protocols.json (in target 'Binocular' from project 'Binocular')
    cd /Users/owen.coffer/Documents/Codex/2026-09-15/i-x20/public-app
    write-file /Users/owen.coffer/Documents/Codex/2026-09-15/i-x20/public-app/build/ios/Build/Intermediates.noindex/Binocular.build/Debug-iphonesimulator/Binocular.build/Objects-normal/x86_64/Binocular_const_extract_protocols.json

WriteAuxiliaryFile /Users/owen.coffer/Documents/Codex/2026-09-15/i-x20/public-app/build/ios/Build/Intermediates.noindex/Binocular.build/Debug-iphonesimulator/Binocular.build/Objects-normal/x86_64/Binocular.SwiftConstValuesFileList (in target 'Binocular' from project 'Binocular')
    cd /Users/owen.coffer/Documents/Codex/2026-09-15/i-x20/public-app
    write-file /Users/owen.coffer/Documents/Codex/2026-09-15/i-x20/public-app/build/ios/Build/Intermediates.noindex/Binocular.build/Debug-iphonesimulator/Binocular.build/Objects-normal/x86_64/Binocular.SwiftConstValuesFileList

WriteAuxiliaryFile /Users/owen.coffer/Documents/Codex/2026-09-15/i-x20/public-app/build/ios/Build/Intermediates.noindex/Binocular.build/Debug-iphonesimulator/Binocular.build/Objects-normal/x86_64/Binocular-OutputFileMap.json (in target 'Binocular' from project 'Binocular')
    cd /Users/owen.coffer/Documents/Codex/2026-09-15/i-x20/public-app
    write-file /Users/owen.coffer/Documents/Codex/2026-09-15/i-x20/public-app/build/ios/Build/Intermediates.noindex/Binocular.build/Debug-iphonesimulator/Binocular.build/Objects-normal/x86_64/Binocular-OutputFileMap.json

WriteAuxiliaryFile /Users/owen.coffer/Documents/Codex/2026-09-15/i-x20/public-app/build/ios/Build/Intermediates.noindex/Binocular.build/Debug-iphonesimulator/Binocular.build/Objects-normal/x86_64/Binocular.LinkFileList (in target 'Binocular' from project 'Binocular')
    cd /Users/owen.coffer/Documents/Codex/2026-09-15/i-x20/public-app
    write-file /Users/owen.coffer/Documents/Codex/2026-09-15/i-x20/public-app/build/ios/Build/Intermediates.noindex/Binocular.build/Debug-iphonesimulator/Binocular.build/Objects-normal/x86_64/Binocular.LinkFileList

WriteAuxiliaryFile /Users/owen.coffer/Documents/Codex/2026-09-15/i-x20/public-app/build/ios/Build/Intermediates.noindex/Binocular.build/Debug-iphonesimulator/Binocular.build/Objects-normal/x86_64/Binocular.SwiftFileList (in target 'Binocular' from project 'Binocular')
    cd /Users/owen.coffer/Documents/Codex/2026-09-15/i-x20/public-app
    write-file /Users/owen.coffer/Documents/Codex/2026-09-15/i-x20/public-app/build/ios/Build/Intermediates.noindex/Binocular.build/Debug-iphonesimulator/Binocular.build/Objects-normal/x86_64/Binocular.SwiftFileList

WriteAuxiliaryFile /Users/owen.coffer/Documents/Codex/2026-09-15/i-x20/public-app/build/ios/Build/Intermediates.noindex/Binocular.build/Debug-iphonesimulator/Binocular.build/Objects-normal/arm64/Binocular.LinkFileList (in target 'Binocular' from project 'Binocular')
    cd /Users/owen.coffer/Documents/Codex/2026-09-15/i-x20/public-app
    write-file /Users/owen.coffer/Documents/Codex/2026-09-15/i-x20/public-app/build/ios/Build/Intermediates.noindex/Binocular.build/Debug-iphonesimulator/Binocular.build/Objects-normal/arm64/Binocular.LinkFileList

WriteAuxiliaryFile /Users/owen.coffer/Documents/Codex/2026-09-15/i-x20/public-app/build/ios/Build/Intermediates.noindex/Binocular.build/Debug-iphonesimulator/Binocular.build/Objects-normal/arm64/Binocular.SwiftFileList (in target 'Binocular' from project 'Binocular')
    cd /Users/owen.coffer/Documents/Codex/2026-09-15/i-x20/public-app
    write-file /Users/owen.coffer/Documents/Codex/2026-09-15/i-x20/public-app/build/ios/Build/Intermediates.noindex/Binocular.build/Debug-iphonesimulator/Binocular.build/Objects-normal/arm64/Binocular.SwiftFileList

WriteAuxiliaryFile /Users/owen.coffer/Documents/Codex/2026-09-15/i-x20/public-app/build/ios/Build/Intermediates.noindex/Binocular.build/Debug-iphonesimulator/Binocular.build/Objects-normal/arm64/Binocular_const_extract_protocols.json (in target 'Binocular' from project 'Binocular')
    cd /Users/owen.coffer/Documents/Codex/2026-09-15/i-x20/public-app
    write-file /Users/owen.coffer/Documents/Codex/2026-09-15/i-x20/public-app/build/ios/Build/Intermediates.noindex/Binocular.build/Debug-iphonesimulator/Binocular.build/Objects-normal/arm64/Binocular_const_extract_protocols.json

WriteAuxiliaryFile /Users/owen.coffer/Documents/Codex/2026-09-15/i-x20/public-app/build/ios/Build/Intermediates.noindex/Binocular.build/Debug-iphonesimulator/Binocular.build/Objects-normal/arm64/Binocular.SwiftConstValuesFileList (in target 'Binocular' from project 'Binocular')
    cd /Users/owen.coffer/Documents/Codex/2026-09-15/i-x20/public-app
    write-file /Users/owen.coffer/Documents/Codex/2026-09-15/i-x20/public-app/build/ios/Build/Intermediates.noindex/Binocular.build/Debug-iphonesimulator/Binocular.build/Objects-normal/arm64/Binocular.SwiftConstValuesFileList

WriteAuxiliaryFile /Users/owen.coffer/Documents/Codex/2026-09-15/i-x20/public-app/build/ios/Build/Intermediates.noindex/Binocular.build/Debug-iphonesimulator/Binocular.build/Objects-normal/arm64/Binocular-OutputFileMap.json (in target 'Binocular' from project 'Binocular')
    cd /Users/owen.coffer/Documents/Codex/2026-09-15/i-x20/public-app
    write-file /Users/owen.coffer/Documents/Codex/2026-09-15/i-x20/public-app/build/ios/Build/Intermediates.noindex/Binocular.build/Debug-iphonesimulator/Binocular.build/Objects-normal/arm64/Binocular-OutputFileMap.json

WriteAuxiliaryFile /Users/owen.coffer/Documents/Codex/2026-09-15/i-x20/public-app/build/ios/Build/Intermediates.noindex/Binocular.build/Debug-iphonesimulator/Binocular.build/Binocular.hmap (in target 'Binocular' from project 'Binocular')
    cd /Users/owen.coffer/Documents/Codex/2026-09-15/i-x20/public-app
    write-file /Users/owen.coffer/Documents/Codex/2026-09-15/i-x20/public-app/build/ios/Build/Intermediates.noindex/Binocular.build/Debug-iphonesimulator/Binocular.build/Binocular.hmap

WriteAuxiliaryFile /Users/owen.coffer/Documents/Codex/2026-09-15/i-x20/public-app/build/ios/Build/Intermediates.noindex/Binocular.build/Debug-iphonesimulator/Binocular.build/Binocular.DependencyMetadataFileList (in target 'Binocular' from project 'Binocular')
    cd /Users/owen.coffer/Documents/Codex/2026-09-15/i-x20/public-app
    write-file /Users/owen.coffer/Documents/Codex/2026-09-15/i-x20/public-app/build/ios/Build/Intermediates.noindex/Binocular.build/Debug-iphonesimulator/Binocular.build/Binocular.DependencyMetadataFileList

WriteAuxiliaryFile /Users/owen.coffer/Documents/Codex/2026-09-15/i-x20/public-app/build/ios/Build/Intermediates.noindex/Binocular.build/Debug-iphonesimulator/Binocular.build/Binocular.DependencyStaticMetadataFileList (in target 'Binocular' from project 'Binocular')
    cd /Users/owen.coffer/Documents/Codex/2026-09-15/i-x20/public-app
    write-file /Users/owen.coffer/Documents/Codex/2026-09-15/i-x20/public-app/build/ios/Build/Intermediates.noindex/Binocular.build/Debug-iphonesimulator/Binocular.build/Binocular.DependencyStaticMetadataFileList

WriteAuxiliaryFile /Users/owen.coffer/Documents/Codex/2026-09-15/i-x20/public-app/build/ios/Build/Intermediates.noindex/Binocular.build/Debug-iphonesimulator/Binocular.build/Binocular-project-headers.hmap (in target 'Binocular' from project 'Binocular')
    cd /Users/owen.coffer/Documents/Codex/2026-09-15/i-x20/public-app
    write-file /Users/owen.coffer/Documents/Codex/2026-09-15/i-x20/public-app/build/ios/Build/Intermediates.noindex/Binocular.build/Debug-iphonesimulator/Binocular.build/Binocular-project-headers.hmap

WriteAuxiliaryFile /Users/owen.coffer/Documents/Codex/2026-09-15/i-x20/public-app/build/ios/Build/Intermediates.noindex/Binocular.build/Debug-iphonesimulator/Binocular.build/Binocular-generated-files.hmap (in target 'Binocular' from project 'Binocular')
    cd /Users/owen.coffer/Documents/Codex/2026-09-15/i-x20/public-app
    write-file /Users/owen.coffer/Documents/Codex/2026-09-15/i-x20/public-app/build/ios/Build/Intermediates.noindex/Binocular.build/Debug-iphonesimulator/Binocular.build/Binocular-generated-files.hmap

WriteAuxiliaryFile /Users/owen.coffer/Documents/Codex/2026-09-15/i-x20/public-app/build/ios/Build/Intermediates.noindex/Binocular.build/Debug-iphonesimulator/Binocular.build/Binocular-own-target-headers.hmap (in target 'Binocular' from project 'Binocular')
    cd /Users/owen.coffer/Documents/Codex/2026-09-15/i-x20/public-app
    write-file /Users/owen.coffer/Documents/Codex/2026-09-15/i-x20/public-app/build/ios/Build/Intermediates.noindex/Binocular.build/Debug-iphonesimulator/Binocular.build/Binocular-own-target-headers.hmap

WriteAuxiliaryFile /Users/owen.coffer/Documents/Codex/2026-09-15/i-x20/public-app/build/ios/Build/Intermediates.noindex/Binocular.build/Debug-iphonesimulator/Binocular.build/Binocular-all-target-headers.hmap (in target 'Binocular' from project 'Binocular')
    cd /Users/owen.coffer/Documents/Codex/2026-09-15/i-x20/public-app
    write-file /Users/owen.coffer/Documents/Codex/2026-09-15/i-x20/public-app/build/ios/Build/Intermediates.noindex/Binocular.build/Debug-iphonesimulator/Binocular.build/Binocular-all-target-headers.hmap

WriteAuxiliaryFile /Users/owen.coffer/Documents/Codex/2026-09-15/i-x20/public-app/build/ios/Build/Intermediates.noindex/Binocular.build/Debug-iphonesimulator/Binocular.build/Binocular-DebugDylibPath-normal-x86_64.txt (in target 'Binocular' from project 'Binocular')
    cd /Users/owen.coffer/Documents/Codex/2026-09-15/i-x20/public-app
    write-file /Users/owen.coffer/Documents/Codex/2026-09-15/i-x20/public-app/build/ios/Build/Intermediates.noindex/Binocular.build/Debug-iphonesimulator/Binocular.build/Binocular-DebugDylibPath-normal-x86_64.txt

WriteAuxiliaryFile /Users/owen.coffer/Documents/Codex/2026-09-15/i-x20/public-app/build/ios/Build/Intermediates.noindex/Binocular.build/Debug-iphonesimulator/Binocular.build/Binocular-all-non-framework-target-headers.hmap (in target 'Binocular' from project 'Binocular')
    cd /Users/owen.coffer/Documents/Codex/2026-09-15/i-x20/public-app
    write-file /Users/owen.coffer/Documents/Codex/2026-09-15/i-x20/public-app/build/ios/Build/Intermediates.noindex/Binocular.build/Debug-iphonesimulator/Binocular.build/Binocular-all-non-framework-target-headers.hmap

WriteAuxiliaryFile /Users/owen.coffer/Documents/Codex/2026-09-15/i-x20/public-app/build/ios/Build/Intermediates.noindex/Binocular.build/Debug-iphonesimulator/Binocular.build/Binocular-DebugDylibPath-normal-arm64.txt (in target 'Binocular' from project 'Binocular')
    cd /Users/owen.coffer/Documents/Codex/2026-09-15/i-x20/public-app
    write-file /Users/owen.coffer/Documents/Codex/2026-09-15/i-x20/public-app/build/ios/Build/Intermediates.noindex/Binocular.build/Debug-iphonesimulator/Binocular.build/Binocular-DebugDylibPath-normal-arm64.txt

WriteAuxiliaryFile /Users/owen.coffer/Documents/Codex/2026-09-15/i-x20/public-app/build/ios/Build/Intermediates.noindex/Binocular.build/Debug-iphonesimulator/Binocular.build/Binocular-DebugDylibInstallName-normal-x86_64.txt (in target 'Binocular' from project 'Binocular')
    cd /Users/owen.coffer/Documents/Codex/2026-09-15/i-x20/public-app
    write-file /Users/owen.coffer/Documents/Codex/2026-09-15/i-x20/public-app/build/ios/Build/Intermediates.noindex/Binocular.build/Debug-iphonesimulator/Binocular.build/Binocular-DebugDylibInstallName-normal-x86_64.txt

WriteAuxiliaryFile /Users/owen.coffer/Documents/Codex/2026-09-15/i-x20/public-app/build/ios/Build/Intermediates.noindex/Binocular.build/Debug-iphonesimulator/Binocular.build/Binocular-DebugDylibInstallName-normal-arm64.txt (in target 'Binocular' from project 'Binocular')
    cd /Users/owen.coffer/Documents/Codex/2026-09-15/i-x20/public-app
    write-file /Users/owen.coffer/Documents/Codex/2026-09-15/i-x20/public-app/build/ios/Build/Intermediates.noindex/Binocular.build/Debug-iphonesimulator/Binocular.build/Binocular-DebugDylibInstallName-normal-arm64.txt

MkDir /Users/owen.coffer/Documents/Codex/2026-09-15/i-x20/public-app/build/ios/Build/Products/Debug-iphonesimulator/Binocular.app (in target 'Binocular' from project 'Binocular')
    cd /Users/owen.coffer/Documents/Codex/2026-09-15/i-x20/public-app
    /bin/mkdir -p /Users/owen.coffer/Documents/Codex/2026-09-15/i-x20/public-app/build/ios/Build/Products/Debug-iphonesimulator/Binocular.app

MkDir /Users/owen.coffer/Documents/Codex/2026-09-15/i-x20/public-app/build/ios/Build/Intermediates.noindex/Binocular.build/Debug-iphonesimulator/Binocular.build/assetcatalog_output/thinned (in target 'Binocular' from project 'Binocular')
    cd /Users/owen.coffer/Documents/Codex/2026-09-15/i-x20/public-app
    /bin/mkdir -p /Users/owen.coffer/Documents/Codex/2026-09-15/i-x20/public-app/build/ios/Build/Intermediates.noindex/Binocular.build/Debug-iphonesimulator/Binocular.build/assetcatalog_output/thinned

MkDir /Users/owen.coffer/Documents/Codex/2026-09-15/i-x20/public-app/build/ios/Build/Intermediates.noindex/Binocular.build/Debug-iphonesimulator/Binocular.build/assetcatalog_output/unthinned (in target 'Binocular' from project 'Binocular')
    cd /Users/owen.coffer/Documents/Codex/2026-09-15/i-x20/public-app
    /bin/mkdir -p /Users/owen.coffer/Documents/Codex/2026-09-15/i-x20/public-app/build/ios/Build/Intermediates.noindex/Binocular.build/Debug-iphonesimulator/Binocular.build/assetcatalog_output/unthinned

CopyPlistFile /Users/owen.coffer/Documents/Codex/2026-09-15/i-x20/public-app/build/ios/Build/Products/Debug-iphonesimulator/Binocular.app/ServiceConfig.plist /Users/owen.coffer/Documents/Codex/2026-09-15/i-x20/public-app/Sources/Binocular/ServiceConfig.plist (in target 'Binocular' from project 'Binocular')
    cd /Users/owen.coffer/Documents/Codex/2026-09-15/i-x20/public-app
    builtin-copyPlist --convert binary1 --outdir /Users/owen.coffer/Documents/Codex/2026-09-15/i-x20/public-app/build/ios/Build/Products/Debug-iphonesimulator/Binocular.app -- /Users/owen.coffer/Documents/Codex/2026-09-15/i-x20/public-app/Sources/Binocular/ServiceConfig.plist

Ld /Users/owen.coffer/Documents/Codex/2026-09-15/i-x20/public-app/build/ios/Build/Intermediates.noindex/Binocular.build/Debug-iphonesimulator/Binocular.build/Objects-normal/x86_64/Binary/__preview.dylib normal x86_64 (in target 'Binocular' from project 'Binocular')
    cd /Users/owen.coffer/Documents/Codex/2026-09-15/i-x20/public-app
    /Users/owen.coffer/Downloads/Installers/Xcode.app/Contents/Developer/Toolchains/XcodeDefault.xctoolchain/usr/bin/clang -Xlinker -reproducible -target x86_64-apple-ios17.0-simulator -dynamiclib -isysroot /Users/owen.coffer/Downloads/Installers/Xcode.app/Contents/Developer/Platforms/iPhoneSimulator.platform/Developer/SDKs/iPhoneSimulator27.0.sdk -Os -Xlinker -no_warn_duplicate_libraries -L/Users/owen.coffer/Documents/Codex/2026-09-15/i-x20/public-app/build/ios/Build/Products/Debug-iphonesimulator -F/Users/owen.coffer/Documents/Codex/2026-09-15/i-x20/public-app/build/ios/Build/Products/Debug-iphonesimulator -install_name @rpath/Binocular.debug.dylib -Xlinker -dead_strip -Xlinker -objc_abi_version -Xlinker 2 -Xlinker -dependency_info -Xlinker /Users/owen.coffer/Documents/Codex/2026-09-15/i-x20/public-app/build/ios/Build/Intermediates.noindex/Binocular.build/Debug-iphonesimulator/Binocular.build/Objects-normal/x86_64/Binocular_dependency_info.dat -o /Users/owen.coffer/Documents/Codex/2026-09-15/i-x20/public-app/build/ios/Build/Intermediates.noindex/Binocular.build/Debug-iphonesimulator/Binocular.build/Objects-normal/x86_64/Binary/__preview.dylib

Ld /Users/owen.coffer/Documents/Codex/2026-09-15/i-x20/public-app/build/ios/Build/Intermediates.noindex/Binocular.build/Debug-iphonesimulator/Binocular.build/Objects-normal/arm64/Binary/__preview.dylib normal arm64 (in target 'Binocular' from project 'Binocular')
    cd /Users/owen.coffer/Documents/Codex/2026-09-15/i-x20/public-app
    /Users/owen.coffer/Downloads/Installers/Xcode.app/Contents/Developer/Toolchains/XcodeDefault.xctoolchain/usr/bin/clang -Xlinker -reproducible -target arm64-apple-ios17.0-simulator -dynamiclib -isysroot /Users/owen.coffer/Downloads/Installers/Xcode.app/Contents/Developer/Platforms/iPhoneSimulator.platform/Developer/SDKs/iPhoneSimulator27.0.sdk -Os -Xlinker -no_warn_duplicate_libraries -L/Users/owen.coffer/Documents/Codex/2026-09-15/i-x20/public-app/build/ios/Build/Products/Debug-iphonesimulator -F/Users/owen.coffer/Documents/Codex/2026-09-15/i-x20/public-app/build/ios/Build/Products/Debug-iphonesimulator -install_name @rpath/Binocular.debug.dylib -Xlinker -dead_strip -Xlinker -objc_abi_version -Xlinker 2 -Xlinker -dependency_info -Xlinker /Users/owen.coffer/Documents/Codex/2026-09-15/i-x20/public-app/build/ios/Build/Intermediates.noindex/Binocular.build/Debug-iphonesimulator/Binocular.build/Objects-normal/arm64/Binocular_dependency_info.dat -o /Users/owen.coffer/Documents/Codex/2026-09-15/i-x20/public-app/build/ios/Build/Intermediates.noindex/Binocular.build/Debug-iphonesimulator/Binocular.build/Objects-normal/arm64/Binary/__preview.dylib

GenerateAssetSymbols /Users/owen.coffer/Documents/Codex/2026-09-15/i-x20/public-app/Assets.xcassets (in target 'Binocular' from project 'Binocular')
    cd /Users/owen.coffer/Documents/Codex/2026-09-15/i-x20/public-app
    /Users/owen.coffer/Downloads/Installers/Xcode.app/Contents/Developer/usr/bin/actool /Users/owen.coffer/Documents/Codex/2026-09-15/i-x20/public-app/Assets.xcassets --compile /Users/owen.coffer/Documents/Codex/2026-09-15/i-x20/public-app/build/ios/Build/Products/Debug-iphonesimulator/Binocular.app --output-format human-readable-text --notices --warnings --export-dependency-info /Users/owen.coffer/Documents/Codex/2026-09-15/i-x20/public-app/build/ios/Build/Intermediates.noindex/Binocular.build/Debug-iphonesimulator/Binocular.build/assetcatalog_dependencies --output-partial-info-plist /Users/owen.coffer/Documents/Codex/2026-09-15/i-x20/public-app/build/ios/Build/Intermediates.noindex/Binocular.build/Debug-iphonesimulator/Binocular.build/assetcatalog_generated_info.plist --app-icon AppIcon --compress-pngs --enable-on-demand-resources YES --development-region en --target-device iphone --target-device ipad --minimum-deployment-target 17.0 --platform iphonesimulator --bundle-identifier app.binocular.preview --generate-swift-asset-symbol-extensions NO --generate-swift-asset-symbols /Users/owen.coffer/Documents/Codex/2026-09-15/i-x20/public-app/build/ios/Build/Intermediates.noindex/Binocular.build/Debug-iphonesimulator/Binocular.build/DerivedSources/GeneratedAssetSymbols.swift --generate-objc-asset-symbols /Users/owen.coffer/Documents/Codex/2026-09-15/i-x20/public-app/build/ios/Build/Intermediates.noindex/Binocular.build/Debug-iphonesimulator/Binocular.build/DerivedSources/GeneratedAssetSymbols.h --generate-asset-symbol-index /Users/owen.coffer/Documents/Codex/2026-09-15/i-x20/public-app/build/ios/Build/Intermediates.noindex/Binocular.build/Debug-iphonesimulator/Binocular.build/DerivedSources/GeneratedAssetSymbols-Index.plist
2026-09-17 10:58:48.769 ibtoold[10047:322318] CoreSimulatorService connection became invalid.  Simulator services will no longer be available.
2026-09-17 10:58:48.770 ibtoold[10047:322330] Logging connecton invalid: <OS_xpc_error: <dictionary: 0x1f4c8f0e0> { count = 1, transaction: 0, voucher = 0x0, contents =
	"XPCErrorDescription" => <string: 0x1f4c8f220> { string cache = 0x0, length = 18, contents = "Connection invalid" }
}>
2026-09-17 10:58:48.770 ibtoold[10047:322329] Error opening log file (/Users/owen.coffer/Library/Logs/CoreSimulator/CoreSimulator.com.apple.ibtool.log): Operation not permitted
[-[SimServiceContext sendRequest:]:1961] ERROR : Unable to deliver request ({
    "developer_dir" = "/Users/owen.coffer/Downloads/Installers/Xcode.app/Contents/Developer";
    request = "set_developer_dir";
}) because we are not connected to CoreSimulatorService.
[-[SimServiceContext initWithDeveloperDir:connectionType:error:]:499] WARN  : Unable to discover any Simulator runtimes. Developer Directory is /Users/owen.coffer/Downloads/Installers/Xcode.app/Contents/Developer.
[-[SimDiskImageManager init]:175] ERROR : Could not kickstart simdiskimaged; SimDiskImageManager services will not be available: Error Domain=NSPOSIXErrorDomain Code=53 "Software caused connection abort" UserInfo={NSLocalizedDescription=Error returned in reply from CoreSimulatorService: Connection invalid}
[-[SimDiskImageManager _onQueue_checkConnection:]:239] ERROR : simdiskimaged returned error (invalid), marking disconnected.
[-[SimDiskImageManager _onQueue_checkConnection:]:219] ERROR : simdiskimaged connection is currently unavailable because connection became invalid
[-[SimServiceContext initWithDeveloperDir:connectionType:error:]_block_invoke:556] ERROR : Could not get list of trusted mount directories: Error Domain=com.apple.CoreSimulator.SimError Code=409 "Cannot talk to the service used to manage runtime disk images (simdiskimaged) because its launchd job is not registered or was unloaded" UserInfo={NSLocalizedDescription=Cannot talk to the service used to manage runtime disk images (simdiskimaged) because its launchd job is not registered or was unloaded}
[-[SimServiceContext sendRequest:reply:error:]:1982] ERROR : Unable to deliver request ({
    request = "notification_subscription";
    "set_path" = "/Users/owen.coffer/Library/Developer/CoreSimulator/Devices";
}) because we are not connected to CoreSimulatorService.
2026-09-17 10:58:48.828 ibtoold[10047:322320] Error Domain=NSPOSIXErrorDomain Code=61 "Connection refused" UserInfo={NSLocalizedDescription=CoreSimulatorService connection became invalid.  Simulator services will no longer be available.}
/* com.apple.actool.compilation-results */
/Users/owen.coffer/Documents/Codex/2026-09-15/i-x20/public-app/build/ios/Build/Intermediates.noindex/Binocular.build/Debug-iphonesimulator/Binocular.build/DerivedSources/GeneratedAssetSymbols-Index.plist
/Users/owen.coffer/Documents/Codex/2026-09-15/i-x20/public-app/build/ios/Build/Intermediates.noindex/Binocular.build/Debug-iphonesimulator/Binocular.build/DerivedSources/GeneratedAssetSymbols.h
/Users/owen.coffer/Documents/Codex/2026-09-15/i-x20/public-app/build/ios/Build/Intermediates.noindex/Binocular.build/Debug-iphonesimulator/Binocular.build/DerivedSources/GeneratedAssetSymbols.swift


CompileAssetCatalogVariant thinned /Users/owen.coffer/Documents/Codex/2026-09-15/i-x20/public-app/build/ios/Build/Products/Debug-iphonesimulator/Binocular.app /Users/owen.coffer/Documents/Codex/2026-09-15/i-x20/public-app/Assets.xcassets (in target 'Binocular' from project 'Binocular')
    cd /Users/owen.coffer/Documents/Codex/2026-09-15/i-x20/public-app
    /Users/owen.coffer/Downloads/Installers/Xcode.app/Contents/Developer/usr/bin/actool /Users/owen.coffer/Documents/Codex/2026-09-15/i-x20/public-app/Assets.xcassets --compile /Users/owen.coffer/Documents/Codex/2026-09-15/i-x20/public-app/build/ios/Build/Intermediates.noindex/Binocular.build/Debug-iphonesimulator/Binocular.build/assetcatalog_output/thinned --output-format human-readable-text --notices --warnings --export-dependency-info /Users/owen.coffer/Documents/Codex/2026-09-15/i-x20/public-app/build/ios/Build/Intermediates.noindex/Binocular.build/Debug-iphonesimulator/Binocular.build/assetcatalog_dependencies_thinned --output-partial-info-plist /Users/owen.coffer/Documents/Codex/2026-09-15/i-x20/public-app/build/ios/Build/Intermediates.noindex/Binocular.build/Debug-iphonesimulator/Binocular.build/assetcatalog_generated_info.plist_thinned --app-icon AppIcon --compress-pngs --enable-on-demand-resources YES --development-region en --target-device iphone --target-device ipad --minimum-deployment-target 17.0 --platform iphonesimulator
2026-09-17 10:58:48.770 ibtoold[10050:322319] CoreSimulatorService connection became invalid.  Simulator services will no longer be available.
2026-09-17 10:58:48.770 ibtoold[10050:322331] Logging connecton invalid: <OS_xpc_error: <dictionary: 0x1f4c8f0e0> { count = 1, transaction: 0, voucher = 0x0, contents =
	"XPCErrorDescription" => <string: 0x1f4c8f220> { string cache = 0x0, length = 18, contents = "Connection invalid" }
}>
2026-09-17 10:58:48.771 ibtoold[10050:322319] Error opening log file (/Users/owen.coffer/Library/Logs/CoreSimulator/CoreSimulator.com.apple.ibtool.log): Operation not permitted
[-[SimServiceContext sendRequest:]:1961] ERROR : Unable to deliver request ({
    "developer_dir" = "/Users/owen.coffer/Downloads/Installers/Xcode.app/Contents/Developer";
    request = "set_developer_dir";
}) because we are not connected to CoreSimulatorService.
[-[SimServiceContext initWithDeveloperDir:connectionType:error:]:499] WARN  : Unable to discover any Simulator runtimes. Developer Directory is /Users/owen.coffer/Downloads/Installers/Xcode.app/Contents/Developer.
[-[SimDiskImageManager init]:175] ERROR : Could not kickstart simdiskimaged; SimDiskImageManager services will not be available: Error Domain=NSPOSIXErrorDomain Code=53 "Software caused connection abort" UserInfo={NSLocalizedDescription=Error returned in reply from CoreSimulatorService: Connection invalid}
[-[SimDiskImageManager _onQueue_checkConnection:]:219] ERROR : simdiskimaged connection is currently unavailable because connection became invalid
[-[SimDiskImageManager _onQueue_checkConnection:]:219] ERROR : simdiskimaged connection is currently unavailable because connection became invalid
[-[SimServiceContext initWithDeveloperDir:connectionType:error:]_block_invoke:556] ERROR : Could not get list of trusted mount directories: Error Domain=com.apple.CoreSimulator.SimError Code=409 "Cannot talk to the service used to manage runtime disk images (simdiskimaged) because its launchd job is not registered or was unloaded" UserInfo={NSLocalizedDescription=Cannot talk to the service used to manage runtime disk images (simdiskimaged) because its launchd job is not registered or was unloaded}
[-[SimServiceContext sendRequest:reply:error:]:1982] ERROR : Unable to deliver request ({
    request = "notification_subscription";
    "set_path" = "/Users/owen.coffer/Library/Developer/CoreSimulator/Devices";
}) because we are not connected to CoreSimulatorService.
2026-09-17 10:58:48.829 ibtoold[10050:322317] Error Domain=NSPOSIXErrorDomain Code=61 "Connection refused" UserInfo={NSLocalizedDescription=CoreSimulatorService connection became invalid.  Simulator services will no longer be available.}
/* com.apple.actool.compilation-results */
/Users/owen.coffer/Documents/Codex/2026-09-15/i-x20/public-app/build/ios/Build/Intermediates.noindex/Binocular.build/Debug-iphonesimulator/Binocular.build/assetcatalog_generated_info.plist_thinned
/Users/owen.coffer/Documents/Codex/2026-09-15/i-x20/public-app/build/ios/Build/Intermediates.noindex/Binocular.build/Debug-iphonesimulator/Binocular.build/assetcatalog_output/thinned/AppIcon60x60@2x.png
/Users/owen.coffer/Documents/Codex/2026-09-15/i-x20/public-app/build/ios/Build/Intermediates.noindex/Binocular.build/Debug-iphonesimulator/Binocular.build/assetcatalog_output/thinned/AppIcon76x76@2x~ipad.png
/Users/owen.coffer/Documents/Codex/2026-09-15/i-x20/public-app/build/ios/Build/Intermediates.noindex/Binocular.build/Debug-iphonesimulator/Binocular.build/assetcatalog_output/thinned/Assets.car


CreateUniversalBinary /Users/owen.coffer/Documents/Codex/2026-09-15/i-x20/public-app/build/ios/Build/Products/Debug-iphonesimulator/Binocular.app/__preview.dylib normal arm64\ x86_64 (in target 'Binocular' from project 'Binocular')
    cd /Users/owen.coffer/Documents/Codex/2026-09-15/i-x20/public-app
    /Users/owen.coffer/Downloads/Installers/Xcode.app/Contents/Developer/Toolchains/XcodeDefault.xctoolchain/usr/bin/lipo -create /Users/owen.coffer/Documents/Codex/2026-09-15/i-x20/public-app/build/ios/Build/Intermediates.noindex/Binocular.build/Debug-iphonesimulator/Binocular.build/Objects-normal/arm64/Binary/__preview.dylib /Users/owen.coffer/Documents/Codex/2026-09-15/i-x20/public-app/build/ios/Build/Intermediates.noindex/Binocular.build/Debug-iphonesimulator/Binocular.build/Objects-normal/x86_64/Binary/__preview.dylib -output /Users/owen.coffer/Documents/Codex/2026-09-15/i-x20/public-app/build/ios/Build/Products/Debug-iphonesimulator/Binocular.app/__preview.dylib

SwiftDriver Binocular normal arm64 com.apple.xcode.tools.swift.compiler (in target 'Binocular' from project 'Binocular')
    cd /Users/owen.coffer/Documents/Codex/2026-09-15/i-x20/public-app
    builtin-SwiftDriver -- /Users/owen.coffer/Downloads/Installers/Xcode.app/Contents/Developer/Toolchains/XcodeDefault.xctoolchain/usr/bin/swiftc -module-name Binocular -Onone @/Users/owen.coffer/Documents/Codex/2026-09-15/i-x20/public-app/build/ios/Build/Intermediates.noindex/Binocular.build/Debug-iphonesimulator/Binocular.build/Objects-normal/arm64/Binocular.SwiftFileList -enable-bare-slash-regex -enable-experimental-feature DebugDescriptionMacro -sdk /Users/owen.coffer/Downloads/Installers/Xcode.app/Contents/Developer/Platforms/iPhoneSimulator.platform/Developer/SDKs/iPhoneSimulator27.0.sdk -target arm64-apple-ios17.0-simulator -g -module-cache-path /Users/owen.coffer/Documents/Codex/2026-09-15/i-x20/public-app/build/ios/ModuleCache.noindex -Xfrontend -serialize-debugging-options -index-store-path /Users/owen.coffer/Documents/Codex/2026-09-15/i-x20/public-app/build/ios/Index.noindex/DataStore -swift-version 5 -I /Users/owen.coffer/Documents/Codex/2026-09-15/i-x20/public-app/build/ios/Build/Products/Debug-iphonesimulator -F /Users/owen.coffer/Documents/Codex/2026-09-15/i-x20/public-app/build/ios/Build/Products/Debug-iphonesimulator -emit-localized-strings -emit-localized-strings-path /Users/owen.coffer/Documents/Codex/2026-09-15/i-x20/public-app/build/ios/Build/Intermediates.noindex/Binocular.build/Debug-iphonesimulator/Binocular.build/Objects-normal/arm64 -c -j10 -enable-batch-mode -incremental -Xcc -ivfsstatcache -Xcc /Users/owen.coffer/Documents/Codex/2026-09-15/i-x20/public-app/build/ios/SDKStatCaches.noindex/iphonesimulator27.0-24A430-93b4481594ef7a1b3290577e87e72c23.sdkstatcache -output-file-map /Users/owen.coffer/Documents/Codex/2026-09-15/i-x20/public-app/build/ios/Build/Intermediates.noindex/Binocular.build/Debug-iphonesimulator/Binocular.build/Objects-normal/arm64/Binocular-OutputFileMap.json -save-temps -no-color-diagnostics -explicit-module-build -module-cache-path /Users/owen.coffer/Documents/Codex/2026-09-15/i-x20/public-app/build/ios/Build/Intermediates.noindex/SwiftExplicitPrecompiledModules -clang-scanner-module-cache-path /Users/owen.coffer/Documents/Codex/2026-09-15/i-x20/public-app/build/ios/ModuleCache.noindex -sdk-module-cache-path /Users/owen.coffer/Documents/Codex/2026-09-15/i-x20/public-app/build/ios/SDKExplicitPrecompiledModules -emit-dependencies -emit-module -emit-module-path /Users/owen.coffer/Documents/Codex/2026-09-15/i-x20/public-app/build/ios/Build/Intermediates.noindex/Binocular.build/Debug-iphonesimulator/Binocular.build/Objects-normal/arm64/Binocular.swiftmodule -serialize-diagnostics -dependency-scan-serialize-diagnostics-path /Users/owen.coffer/Documents/Codex/2026-09-15/i-x20/public-app/build/ios/Build/Intermediates.noindex/Binocular.build/Debug-iphonesimulator/Binocular.build/Objects-normal/arm64/Binocular-dependency-scan.dia -validate-clang-modules-once -clang-build-session-file /Users/owen.coffer/Documents/Codex/2026-09-15/i-x20/public-app/build/ios/ModuleCache.noindex/Session.modulevalidation -Xcc -fmodules-prune-interval\=86400 -Xcc -fmodules-prune-after\=345600 -emit-const-values -const-gather-protocols-list /Users/owen.coffer/Documents/Codex/2026-09-15/i-x20/public-app/build/ios/Build/Intermediates.noindex/Binocular.build/Debug-iphonesimulator/Binocular.build/Objects-normal/arm64/Binocular_const_extract_protocols.json -Xcc -iquote -Xcc /Users/owen.coffer/Documents/Codex/2026-09-15/i-x20/public-app/build/ios/Build/Intermediates.noindex/Binocular.build/Debug-iphonesimulator/Binocular.build/Binocular-generated-files.hmap -Xcc -I/Users/owen.coffer/Documents/Codex/2026-09-15/i-x20/public-app/build/ios/Build/Intermediates.noindex/Binocular.build/Debug-iphonesimulator/Binocular.build/Binocular-own-target-headers.hmap -Xcc -I/Users/owen.coffer/Documents/Codex/2026-09-15/i-x20/public-app/build/ios/Build/Intermediates.noindex/Binocular.build/Debug-iphonesimulator/Binocular.build/Binocular-all-target-headers.hmap -Xcc -iquote -Xcc /Users/owen.coffer/Documents/Codex/2026-09-15/i-x20/public-app/build/ios/Build/Intermediates.noindex/Binocular.build/Debug-iphonesimulator/Binocular.build/Binocular-project-headers.hmap -Xcc -I/Users/owen.coffer/Documents/Codex/2026-09-15/i-x20/public-app/build/ios/Build/Products/Debug-iphonesimulator/include -Xcc -I/Users/owen.coffer/Documents/Codex/2026-09-15/i-x20/public-app/build/ios/Build/Intermediates.noindex/Binocular.build/Debug-iphonesimulator/Binocular.build/DerivedSources-normal/arm64 -Xcc -I/Users/owen.coffer/Documents/Codex/2026-09-15/i-x20/public-app/build/ios/Build/Intermediates.noindex/Binocular.build/Debug-iphonesimulator/Binocular.build/DerivedSources/arm64 -Xcc -I/Users/owen.coffer/Documents/Codex/2026-09-15/i-x20/public-app/build/ios/Build/Intermediates.noindex/Binocular.build/Debug-iphonesimulator/Binocular.build/DerivedSources -emit-objc-header -emit-objc-header-path /Users/owen.coffer/Documents/Codex/2026-09-15/i-x20/public-app/build/ios/Build/Intermediates.noindex/Binocular.build/Debug-iphonesimulator/Binocular.build/Objects-normal/arm64/Binocular-Swift.h -working-directory /Users/owen.coffer/Documents/Codex/2026-09-15/i-x20/public-app -experimental-emit-module-separately -disable-cmo

SwiftDriver Binocular normal x86_64 com.apple.xcode.tools.swift.compiler (in target 'Binocular' from project 'Binocular')
    cd /Users/owen.coffer/Documents/Codex/2026-09-15/i-x20/public-app
    builtin-SwiftDriver -- /Users/owen.coffer/Downloads/Installers/Xcode.app/Contents/Developer/Toolchains/XcodeDefault.xctoolchain/usr/bin/swiftc -module-name Binocular -Onone @/Users/owen.coffer/Documents/Codex/2026-09-15/i-x20/public-app/build/ios/Build/Intermediates.noindex/Binocular.build/Debug-iphonesimulator/Binocular.build/Objects-normal/x86_64/Binocular.SwiftFileList -enable-bare-slash-regex -enable-experimental-feature DebugDescriptionMacro -sdk /Users/owen.coffer/Downloads/Installers/Xcode.app/Contents/Developer/Platforms/iPhoneSimulator.platform/Developer/SDKs/iPhoneSimulator27.0.sdk -target x86_64-apple-ios17.0-simulator -g -module-cache-path /Users/owen.coffer/Documents/Codex/2026-09-15/i-x20/public-app/build/ios/ModuleCache.noindex -Xfrontend -serialize-debugging-options -index-store-path /Users/owen.coffer/Documents/Codex/2026-09-15/i-x20/public-app/build/ios/Index.noindex/DataStore -swift-version 5 -I /Users/owen.coffer/Documents/Codex/2026-09-15/i-x20/public-app/build/ios/Build/Products/Debug-iphonesimulator -F /Users/owen.coffer/Documents/Codex/2026-09-15/i-x20/public-app/build/ios/Build/Products/Debug-iphonesimulator -emit-localized-strings -emit-localized-strings-path /Users/owen.coffer/Documents/Codex/2026-09-15/i-x20/public-app/build/ios/Build/Intermediates.noindex/Binocular.build/Debug-iphonesimulator/Binocular.build/Objects-normal/x86_64 -c -j10 -enable-batch-mode -incremental -Xcc -ivfsstatcache -Xcc /Users/owen.coffer/Documents/Codex/2026-09-15/i-x20/public-app/build/ios/SDKStatCaches.noindex/iphonesimulator27.0-24A430-93b4481594ef7a1b3290577e87e72c23.sdkstatcache -output-file-map /Users/owen.coffer/Documents/Codex/2026-09-15/i-x20/public-app/build/ios/Build/Intermediates.noindex/Binocular.build/Debug-iphonesimulator/Binocular.build/Objects-normal/x86_64/Binocular-OutputFileMap.json -save-temps -no-color-diagnostics -explicit-module-build -module-cache-path /Users/owen.coffer/Documents/Codex/2026-09-15/i-x20/public-app/build/ios/Build/Intermediates.noindex/SwiftExplicitPrecompiledModules -clang-scanner-module-cache-path /Users/owen.coffer/Documents/Codex/2026-09-15/i-x20/public-app/build/ios/ModuleCache.noindex -sdk-module-cache-path /Users/owen.coffer/Documents/Codex/2026-09-15/i-x20/public-app/build/ios/SDKExplicitPrecompiledModules -emit-dependencies -emit-module -emit-module-path /Users/owen.coffer/Documents/Codex/2026-09-15/i-x20/public-app/build/ios/Build/Intermediates.noindex/Binocular.build/Debug-iphonesimulator/Binocular.build/Objects-normal/x86_64/Binocular.swiftmodule -serialize-diagnostics -dependency-scan-serialize-diagnostics-path /Users/owen.coffer/Documents/Codex/2026-09-15/i-x20/public-app/build/ios/Build/Intermediates.noindex/Binocular.build/Debug-iphonesimulator/Binocular.build/Objects-normal/x86_64/Binocular-dependency-scan.dia -validate-clang-modules-once -clang-build-session-file /Users/owen.coffer/Documents/Codex/2026-09-15/i-x20/public-app/build/ios/ModuleCache.noindex/Session.modulevalidation -Xcc -fmodules-prune-interval\=86400 -Xcc -fmodules-prune-after\=345600 -emit-const-values -const-gather-protocols-list /Users/owen.coffer/Documents/Codex/2026-09-15/i-x20/public-app/build/ios/Build/Intermediates.noindex/Binocular.build/Debug-iphonesimulator/Binocular.build/Objects-normal/x86_64/Binocular_const_extract_protocols.json -Xcc -iquote -Xcc /Users/owen.coffer/Documents/Codex/2026-09-15/i-x20/public-app/build/ios/Build/Intermediates.noindex/Binocular.build/Debug-iphonesimulator/Binocular.build/Binocular-generated-files.hmap -Xcc -I/Users/owen.coffer/Documents/Codex/2026-09-15/i-x20/public-app/build/ios/Build/Intermediates.noindex/Binocular.build/Debug-iphonesimulator/Binocular.build/Binocular-own-target-headers.hmap -Xcc -I/Users/owen.coffer/Documents/Codex/2026-09-15/i-x20/public-app/build/ios/Build/Intermediates.noindex/Binocular.build/Debug-iphonesimulator/Binocular.build/Binocular-all-target-headers.hmap -Xcc -iquote -Xcc /Users/owen.coffer/Documents/Codex/2026-09-15/i-x20/public-app/build/ios/Build/Intermediates.noindex/Binocular.build/Debug-iphonesimulator/Binocular.build/Binocular-project-headers.hmap -Xcc -I/Users/owen.coffer/Documents/Codex/2026-09-15/i-x20/public-app/build/ios/Build/Products/Debug-iphonesimulator/include -Xcc -I/Users/owen.coffer/Documents/Codex/2026-09-15/i-x20/public-app/build/ios/Build/Intermediates.noindex/Binocular.build/Debug-iphonesimulator/Binocular.build/DerivedSources-normal/x86_64 -Xcc -I/Users/owen.coffer/Documents/Codex/2026-09-15/i-x20/public-app/build/ios/Build/Intermediates.noindex/Binocular.build/Debug-iphonesimulator/Binocular.build/DerivedSources/x86_64 -Xcc -I/Users/owen.coffer/Documents/Codex/2026-09-15/i-x20/public-app/build/ios/Build/Intermediates.noindex/Binocular.build/Debug-iphonesimulator/Binocular.build/DerivedSources -emit-objc-header -emit-objc-header-path /Users/owen.coffer/Documents/Codex/2026-09-15/i-x20/public-app/build/ios/Build/Intermediates.noindex/Binocular.build/Debug-iphonesimulator/Binocular.build/Objects-normal/x86_64/Binocular-Swift.h -working-directory /Users/owen.coffer/Documents/Codex/2026-09-15/i-x20/public-app -experimental-emit-module-separately -disable-cmo

LinkAssetCatalog /Users/owen.coffer/Documents/Codex/2026-09-15/i-x20/public-app/Assets.xcassets (in target 'Binocular' from project 'Binocular')
    cd /Users/owen.coffer/Documents/Codex/2026-09-15/i-x20/public-app
    builtin-linkAssetCatalog --thinned /Users/owen.coffer/Documents/Codex/2026-09-15/i-x20/public-app/build/ios/Build/Intermediates.noindex/Binocular.build/Debug-iphonesimulator/Binocular.build/assetcatalog_output/thinned --thinned-dependencies /Users/owen.coffer/Documents/Codex/2026-09-15/i-x20/public-app/build/ios/Build/Intermediates.noindex/Binocular.build/Debug-iphonesimulator/Binocular.build/assetcatalog_dependencies_thinned --thinned-info-plist-content /Users/owen.coffer/Documents/Codex/2026-09-15/i-x20/public-app/build/ios/Build/Intermediates.noindex/Binocular.build/Debug-iphonesimulator/Binocular.build/assetcatalog_generated_info.plist_thinned --unthinned /Users/owen.coffer/Documents/Codex/2026-09-15/i-x20/public-app/build/ios/Build/Intermediates.noindex/Binocular.build/Debug-iphonesimulator/Binocular.build/assetcatalog_output/unthinned --unthinned-dependencies /Users/owen.coffer/Documents/Codex/2026-09-15/i-x20/public-app/build/ios/Build/Intermediates.noindex/Binocular.build/Debug-iphonesimulator/Binocular.build/assetcatalog_dependencies_unthinned --unthinned-info-plist-content /Users/owen.coffer/Documents/Codex/2026-09-15/i-x20/public-app/build/ios/Build/Intermediates.noindex/Binocular.build/Debug-iphonesimulator/Binocular.build/assetcatalog_generated_info.plist_unthinned --output /Users/owen.coffer/Documents/Codex/2026-09-15/i-x20/public-app/build/ios/Build/Products/Debug-iphonesimulator/Binocular.app --plist-output /Users/owen.coffer/Documents/Codex/2026-09-15/i-x20/public-app/build/ios/Build/Intermediates.noindex/Binocular.build/Debug-iphonesimulator/Binocular.build/assetcatalog_generated_info.plist
note: Emplaced /Users/owen.coffer/Documents/Codex/2026-09-15/i-x20/public-app/build/ios/Build/Products/Debug-iphonesimulator/Binocular.app/Assets.car (in target 'Binocular' from project 'Binocular')
note: Emplaced /Users/owen.coffer/Documents/Codex/2026-09-15/i-x20/public-app/build/ios/Build/Products/Debug-iphonesimulator/Binocular.app/AppIcon76x76@2x~ipad.png (in target 'Binocular' from project 'Binocular')
note: Emplaced /Users/owen.coffer/Documents/Codex/2026-09-15/i-x20/public-app/build/ios/Build/Products/Debug-iphonesimulator/Binocular.app/AppIcon60x60@2x.png (in target 'Binocular' from project 'Binocular')

ProcessInfoPlistFile /Users/owen.coffer/Documents/Codex/2026-09-15/i-x20/public-app/build/ios/Build/Products/Debug-iphonesimulator/Binocular.app/Info.plist /Users/owen.coffer/Documents/Codex/2026-09-15/i-x20/public-app/build/ios/Build/Intermediates.noindex/Binocular.build/Debug-iphonesimulator/Binocular.build/empty-Binocular.plist (in target 'Binocular' from project 'Binocular')
    cd /Users/owen.coffer/Documents/Codex/2026-09-15/i-x20/public-app
    builtin-infoPlistUtility /Users/owen.coffer/Documents/Codex/2026-09-15/i-x20/public-app/build/ios/Build/Intermediates.noindex/Binocular.build/Debug-iphonesimulator/Binocular.build/empty-Binocular.plist -producttype com.apple.product-type.application -genpkginfo /Users/owen.coffer/Documents/Codex/2026-09-15/i-x20/public-app/build/ios/Build/Products/Debug-iphonesimulator/Binocular.app/PkgInfo -expandbuildsettings -format binary -platform iphonesimulator -additionalcontentfile /Users/owen.coffer/Documents/Codex/2026-09-15/i-x20/public-app/build/ios/Build/Intermediates.noindex/Binocular.build/Debug-iphonesimulator/Binocular.build/assetcatalog_generated_info.plist -o /Users/owen.coffer/Documents/Codex/2026-09-15/i-x20/public-app/build/ios/Build/Products/Debug-iphonesimulator/Binocular.app/Info.plist

SwiftExplicitDependencyGeneratePcm x86_64 /Users/owen.coffer/Documents/Codex/2026-09-15/i-x20/public-app/build/ios/SDKExplicitPrecompiledModules/ptrcheck-CJ0ER851MCKH3LP5JXJHER0KW.pcm

SwiftExplicitDependencyGeneratePcm x86_64 /Users/owen.coffer/Documents/Codex/2026-09-15/i-x20/public-app/build/ios/SDKExplicitPrecompiledModules/ptrauth-AJZ7FNYHGSUHZ80IZ6YLKLEBW.pcm

SwiftExplicitDependencyGeneratePcm x86_64 /Users/owen.coffer/Documents/Codex/2026-09-15/i-x20/public-app/build/ios/SDKExplicitPrecompiledModules/_Builtin_stdbool-1CN00BCBGTV7ZNR4W30V2ULG0.pcm

SwiftExplicitDependencyGeneratePcm x86_64 /Users/owen.coffer/Documents/Codex/2026-09-15/i-x20/public-app/build/ios/SDKExplicitPrecompiledModules/DeveloperToolsSupport-DH94ZPPP58IPD7W86CLKORKI.pcm

SwiftExplicitDependencyGeneratePcm x86_64 /Users/owen.coffer/Documents/Codex/2026-09-15/i-x20/public-app/build/ios/SDKExplicitPrecompiledModules/_SwiftConcurrencyShims-6CJRDCMV4AEL1OV6ZUJCHJYZX.pcm

SwiftExplicitDependencyGeneratePcm x86_64 /Users/owen.coffer/Documents/Codex/2026-09-15/i-x20/public-app/build/ios/SDKExplicitPrecompiledModules/_Builtin_float-2RASVAJYFO9DD75VQZXHTHUV1.pcm

SwiftExplicitDependencyGeneratePcm x86_64 /Users/owen.coffer/Documents/Codex/2026-09-15/i-x20/public-app/build/ios/SDKExplicitPrecompiledModules/_Builtin_stdarg-CROG5DVFKM1DQ050B3O4ZNVFU.pcm

SwiftExplicitDependencyGeneratePcm arm64 /Users/owen.coffer/Documents/Codex/2026-09-15/i-x20/public-app/build/ios/SDKExplicitPrecompiledModules/ptrauth-4AVVIPGACTLJDGO3LYRZDOEV3.pcm

SwiftExplicitDependencyGeneratePcm arm64 /Users/owen.coffer/Documents/Codex/2026-09-15/i-x20/public-app/build/ios/SDKExplicitPrecompiledModules/_SwiftConcurrencyShims-1UKQQFDX25N5D6YFI7LZZSA5M.pcm

SwiftExplicitDependencyGeneratePcm arm64 /Users/owen.coffer/Documents/Codex/2026-09-15/i-x20/public-app/build/ios/SDKExplicitPrecompiledModules/SwiftShims-B6HV6TNXQCBHZJAS6CAN7OZPG.pcm

SwiftExplicitDependencyGeneratePcm x86_64 /Users/owen.coffer/Documents/Codex/2026-09-15/i-x20/public-app/build/ios/SDKExplicitPrecompiledModules/_Builtin_stddef-5IC0J31LD9SDQ6VOO89XWQ6DF.pcm

SwiftExplicitDependencyGeneratePcm arm64 /Users/owen.coffer/Documents/Codex/2026-09-15/i-x20/public-app/build/ios/SDKExplicitPrecompiledModules/_Builtin_stdarg-7DQHZYOTF22J5QEKFBKW8UX46.pcm

SwiftExplicitDependencyGeneratePcm arm64 /Users/owen.coffer/Documents/Codex/2026-09-15/i-x20/public-app/build/ios/SDKExplicitPrecompiledModules/_Builtin_stdbool-EELPCV5S2C1NN26F63O115SQ7.pcm

SwiftExplicitDependencyGeneratePcm arm64 /Users/owen.coffer/Documents/Codex/2026-09-15/i-x20/public-app/build/ios/SDKExplicitPrecompiledModules/_AvailabilityInternal-5YUSITXUI3CAC4239R229E640.pcm

SwiftExplicitDependencyGeneratePcm x86_64 /Users/owen.coffer/Documents/Codex/2026-09-15/i-x20/public-app/build/ios/SDKExplicitPrecompiledModules/_AvailabilityInternal-5G5A6564J1IC01M6KZD1HPIJ1.pcm

SwiftExplicitDependencyGeneratePcm arm64 /Users/owen.coffer/Documents/Codex/2026-09-15/i-x20/public-app/build/ios/SDKExplicitPrecompiledModules/DeveloperToolsSupport-OCPOYXHFOPPY498AQOABTQH1.pcm

SwiftExplicitDependencyGeneratePcm arm64 /Users/owen.coffer/Documents/Codex/2026-09-15/i-x20/public-app/build/ios/SDKExplicitPrecompiledModules/_Builtin_stddef-9BUE6UXD2O8GDYYVN2GO9MW86.pcm

SwiftExplicitDependencyGeneratePcm arm64 /Users/owen.coffer/Documents/Codex/2026-09-15/i-x20/public-app/build/ios/SDKExplicitPrecompiledModules/ptrcheck-6C8Q0SEKEYJ01Z8WWUWUW77Q2.pcm

SwiftExplicitDependencyGeneratePcm arm64 /Users/owen.coffer/Documents/Codex/2026-09-15/i-x20/public-app/build/ios/SDKExplicitPrecompiledModules/_Builtin_float-EOS2ZO4LY4JMM9QZEZLGTKW8K.pcm

SwiftExplicitDependencyGeneratePcm x86_64 /Users/owen.coffer/Documents/Codex/2026-09-15/i-x20/public-app/build/ios/SDKExplicitPrecompiledModules/SwiftShims-2GYL7VWFICCYHEN6EK39VRMYR.pcm

SwiftExplicitDependencyGeneratePcm x86_64 /Users/owen.coffer/Documents/Codex/2026-09-15/i-x20/public-app/build/ios/SDKExplicitPrecompiledModules/_DarwinFoundation1-6JUBZNGCGGFQY22XQ3QW11CUK.pcm

SwiftExplicitDependencyGeneratePcm arm64 /Users/owen.coffer/Documents/Codex/2026-09-15/i-x20/public-app/build/ios/SDKExplicitPrecompiledModules/_DarwinFoundation1-74G1FONTDMEL4X61EF1P1XSHD.pcm

SwiftExplicitDependencyGeneratePcm x86_64 /Users/owen.coffer/Documents/Codex/2026-09-15/i-x20/public-app/build/ios/SDKExplicitPrecompiledModules/_Builtin_limits-42BJL5CAZ6TEZ3G064F6I0KA3.pcm

SwiftExplicitDependencyGeneratePcm x86_64 /Users/owen.coffer/Documents/Codex/2026-09-15/i-x20/public-app/build/ios/SDKExplicitPrecompiledModules/_DarwinFoundation2-5GJ0U78GQFIKF52RQTIAG94X7.pcm

SwiftExplicitDependencyGeneratePcm arm64 /Users/owen.coffer/Documents/Codex/2026-09-15/i-x20/public-app/build/ios/SDKExplicitPrecompiledModules/_Builtin_limits-W1Z6182TM1O2FSUHYL89PS3N.pcm

SwiftExplicitDependencyGeneratePcm arm64 /Users/owen.coffer/Documents/Codex/2026-09-15/i-x20/public-app/build/ios/SDKExplicitPrecompiledModules/_DarwinFoundation2-778SEH0GP9XAP0INNC4TJGQR1.pcm

SwiftExplicitDependencyGeneratePcm x86_64 /Users/owen.coffer/Documents/Codex/2026-09-15/i-x20/public-app/build/ios/SDKExplicitPrecompiledModules/string_h-3VDOEK88CGB8TIGYBFB72KTAV.pcm

SwiftExplicitDependencyGeneratePcm x86_64 /Users/owen.coffer/Documents/Codex/2026-09-15/i-x20/public-app/build/ios/SDKExplicitPrecompiledModules/_Builtin_stdint-630SVTK9Q5DCTJJDRKLIRDEF9.pcm

SwiftExplicitDependencyGeneratePcm x86_64 /Users/owen.coffer/Documents/Codex/2026-09-15/i-x20/public-app/build/ios/SDKExplicitPrecompiledModules/_Builtin_tgmath-J313W8QB0M83ES3C1KA6OWZE.pcm

SwiftExplicitDependencyGeneratePcm x86_64 /Users/owen.coffer/Documents/Codex/2026-09-15/i-x20/public-app/build/ios/SDKExplicitPrecompiledModules/sys_types-4BFGIMW5IYUBQWKBWNRUW04N3.pcm

SwiftExplicitDependencyGeneratePcm arm64 /Users/owen.coffer/Documents/Codex/2026-09-15/i-x20/public-app/build/ios/SDKExplicitPrecompiledModules/_Builtin_tgmath-5105GYGS0BU07807496C09YVH.pcm

SwiftExplicitDependencyGeneratePcm arm64 /Users/owen.coffer/Documents/Codex/2026-09-15/i-x20/public-app/build/ios/SDKExplicitPrecompiledModules/sys_types-BMC29N4YP9WAZ49MN3L90LDPY.pcm

SwiftExplicitDependencyGeneratePcm arm64 /Users/owen.coffer/Documents/Codex/2026-09-15/i-x20/public-app/build/ios/SDKExplicitPrecompiledModules/string_h-ABM4R7UQM1YTWR1PYLDSJZDLL.pcm

SwiftExplicitDependencyGeneratePcm arm64 /Users/owen.coffer/Documents/Codex/2026-09-15/i-x20/public-app/build/ios/SDKExplicitPrecompiledModules/_Builtin_stdint-CLDPU8JW007ZH7C5P75SQM5FD.pcm

SwiftExplicitDependencyGeneratePcm x86_64 /Users/owen.coffer/Documents/Codex/2026-09-15/i-x20/public-app/build/ios/SDKExplicitPrecompiledModules/_DarwinFoundation3-7K8M8V3RWJNCT1KU8OO54Q0ST.pcm

SwiftExplicitDependencyGeneratePcm x86_64 /Users/owen.coffer/Documents/Codex/2026-09-15/i-x20/public-app/build/ios/SDKExplicitPrecompiledModules/_Builtin_stdatomic-BMEK8BBRSXYJQLVYK3S0JK0BJ.pcm

SwiftExplicitDependencyGeneratePcm arm64 /Users/owen.coffer/Documents/Codex/2026-09-15/i-x20/public-app/build/ios/SDKExplicitPrecompiledModules/_Builtin_stdatomic-ANHVS44G3SLJERYMC8KRFPWUS.pcm

SwiftExplicitDependencyGeneratePcm arm64 /Users/owen.coffer/Documents/Codex/2026-09-15/i-x20/public-app/build/ios/SDKExplicitPrecompiledModules/_Builtin_intrinsics-3BKZX90MT0GBCRCOKP01C46KI.pcm

SwiftExplicitDependencyGeneratePcm arm64 /Users/owen.coffer/Documents/Codex/2026-09-15/i-x20/public-app/build/ios/SDKExplicitPrecompiledModules/_DarwinFoundation3-6ZZSAE3E0CI2GSJNH7KG1N00T.pcm

SwiftExplicitDependencyGeneratePcm x86_64 /Users/owen.coffer/Documents/Codex/2026-09-15/i-x20/public-app/build/ios/SDKExplicitPrecompiledModules/_Builtin_intrinsics-3CWQI8AKAGJ7E81NIHUYKZIGW.pcm

SwiftExplicitDependencyGeneratePcm x86_64 /Users/owen.coffer/Documents/Codex/2026-09-15/i-x20/public-app/build/ios/SDKExplicitPrecompiledModules/_Builtin_inttypes-H6391U1QTWCYB0AL0KB5URC1.pcm

SwiftExplicitDependencyGeneratePcm arm64 /Users/owen.coffer/Documents/Codex/2026-09-15/i-x20/public-app/build/ios/SDKExplicitPrecompiledModules/_Builtin_inttypes-BV0TPQSWAMQDYK40GNEVXJRLO.pcm

SwiftExplicitDependencyGeneratePcm x86_64 /Users/owen.coffer/Documents/Codex/2026-09-15/i-x20/public-app/build/ios/SDKExplicitPrecompiledModules/Darwin-54JSTNEK2NBQW8RLV1RZ5R47U.pcm

SwiftExplicitDependencyGeneratePcm arm64 /Users/owen.coffer/Documents/Codex/2026-09-15/i-x20/public-app/build/ios/SDKExplicitPrecompiledModules/Darwin-ERSVLBW0UANN3UQTBRU0G3HTE.pcm

SwiftExplicitDependencyGeneratePcm arm64 /Users/owen.coffer/Documents/Codex/2026-09-15/i-x20/public-app/build/ios/SDKExplicitPrecompiledModules/simd-B4CTU3G8HK7W6PUXY7PN4I8IM.pcm

SwiftExplicitDependencyGeneratePcm x86_64 /Users/owen.coffer/Documents/Codex/2026-09-15/i-x20/public-app/build/ios/SDKExplicitPrecompiledModules/MachO-86TDCVY7YCND8VCT3LW6PN3S8.pcm

SwiftExplicitDependencyGeneratePcm x86_64 /Users/owen.coffer/Documents/Codex/2026-09-15/i-x20/public-app/build/ios/SDKExplicitPrecompiledModules/ObjectiveC-2RMW8MHBKJY7VROLCJF5M43ZL.pcm

SwiftExplicitDependencyGeneratePcm x86_64 /Users/owen.coffer/Documents/Codex/2026-09-15/i-x20/public-app/build/ios/SDKExplicitPrecompiledModules/simd-2QS9DV58DLQOW3FC5S8134NFM.pcm

SwiftExplicitDependencyGeneratePcm arm64 /Users/owen.coffer/Documents/Codex/2026-09-15/i-x20/public-app/build/ios/SDKExplicitPrecompiledModules/MachO-814P5PLVQAQI18JIAJXOCHQ7J.pcm

SwiftExplicitDependencyGeneratePcm arm64 /Users/owen.coffer/Documents/Codex/2026-09-15/i-x20/public-app/build/ios/SDKExplicitPrecompiledModules/ObjectiveC-3A5SWWPFZBVLPAHBOKYGKREN.pcm

SwiftExplicitDependencyGeneratePcm x86_64 /Users/owen.coffer/Documents/Codex/2026-09-15/i-x20/public-app/build/ios/SDKExplicitPrecompiledModules/os_object-8Q0OHSI2HVZY6GERV9R1T7DC4.pcm

SwiftExplicitDependencyGeneratePcm arm64 /Users/owen.coffer/Documents/Codex/2026-09-15/i-x20/public-app/build/ios/SDKExplicitPrecompiledModules/os_object-18AYV28AASKB54EBVJTJA7TXC.pcm

SwiftExplicitDependencyGeneratePcm x86_64 /Users/owen.coffer/Documents/Codex/2026-09-15/i-x20/public-app/build/ios/SDKExplicitPrecompiledModules/os_workgroup-81O1SS3XSHND2BESK4WZ5BRJI.pcm

SwiftExplicitDependencyGeneratePcm arm64 /Users/owen.coffer/Documents/Codex/2026-09-15/i-x20/public-app/build/ios/SDKExplicitPrecompiledModules/os_workgroup-9DEAQ1SGPQ68AOBLHGCBYUJE5.pcm

SwiftExplicitDependencyGeneratePcm arm64 /Users/owen.coffer/Documents/Codex/2026-09-15/i-x20/public-app/build/ios/SDKExplicitPrecompiledModules/Spatial-3ZMZMDDO9CB9Z871NIO8S8QE8.pcm

SwiftExplicitDependencyGeneratePcm x86_64 /Users/owen.coffer/Documents/Codex/2026-09-15/i-x20/public-app/build/ios/SDKExplicitPrecompiledModules/Dispatch-2811136I5A2JKHH6YCNGO0FJL.pcm

SwiftExplicitDependencyGeneratePcm arm64 /Users/owen.coffer/Documents/Codex/2026-09-15/i-x20/public-app/build/ios/SDKExplicitPrecompiledModules/Dispatch-DJDCBCMJYOBNEN8UYQ2G3R9F4.pcm

SwiftExplicitDependencyGeneratePcm x86_64 /Users/owen.coffer/Documents/Codex/2026-09-15/i-x20/public-app/build/ios/SDKExplicitPrecompiledModules/XPC-7P113VY5TVNA1NKY6BVA5PSWE.pcm

SwiftExplicitDependencyGeneratePcm x86_64 /Users/owen.coffer/Documents/Codex/2026-09-15/i-x20/public-app/build/ios/SDKExplicitPrecompiledModules/CoreFoundation-1SDMUB0SH9SFORIPI4P87134A.pcm

SwiftExplicitDependencyGeneratePcm arm64 /Users/owen.coffer/Documents/Codex/2026-09-15/i-x20/public-app/build/ios/SDKExplicitPrecompiledModules/XPC-40XSKDLTUBIT4Y8GNTINVSRWG.pcm

SwiftExplicitDependencyGeneratePcm arm64 /Users/owen.coffer/Documents/Codex/2026-09-15/i-x20/public-app/build/ios/SDKExplicitPrecompiledModules/CoreFoundation-7M7GHT0N9Q8JU9BPR4AHIC9VB.pcm

SwiftExplicitDependencyGeneratePcm x86_64 /Users/owen.coffer/Documents/Codex/2026-09-15/i-x20/public-app/build/ios/SDKExplicitPrecompiledModules/os-58328AFNMUHAPNQUJMPVZ1P7H.pcm

SwiftExplicitDependencyGeneratePcm x86_64 /Users/owen.coffer/Documents/Codex/2026-09-15/i-x20/public-app/build/ios/SDKExplicitPrecompiledModules/Spatial-B4MABTDEHYH8BON4AT8FVTGPE.pcm

SwiftExplicitDependencyGeneratePcm arm64 /Users/owen.coffer/Documents/Codex/2026-09-15/i-x20/public-app/build/ios/SDKExplicitPrecompiledModules/os-D6S80QRUG2M3P69GQ8B6925YN.pcm

SwiftExplicitDependencyGeneratePcm x86_64 /Users/owen.coffer/Documents/Codex/2026-09-15/i-x20/public-app/build/ios/SDKExplicitPrecompiledModules/CFNetwork-7JLJ565LSZCG9TQ2642YAMQKY.pcm

SwiftExplicitDependencyGeneratePcm x86_64 /Users/owen.coffer/Documents/Codex/2026-09-15/i-x20/public-app/build/ios/SDKExplicitPrecompiledModules/Security-5TE56X7779F79W6AXXC7SYX5O.pcm

SwiftExplicitDependencyGeneratePcm x86_64 /Users/owen.coffer/Documents/Codex/2026-09-15/i-x20/public-app/build/ios/SDKExplicitPrecompiledModules/CoreAudioTypes-CZP45ON9BZQQ8KS778D7QHWSK.pcm

SwiftExplicitDependencyGeneratePcm x86_64 /Users/owen.coffer/Documents/Codex/2026-09-15/i-x20/public-app/build/ios/SDKExplicitPrecompiledModules/CoreGraphics-6IBA4RG3RK4YFPTZ8JT9P2JBM.pcm

SwiftExplicitDependencyGeneratePcm arm64 /Users/owen.coffer/Documents/Codex/2026-09-15/i-x20/public-app/build/ios/SDKExplicitPrecompiledModules/CFNetwork-D7TT7HCVQEHM17KCQ709OIIO.pcm

SwiftExplicitDependencyGeneratePcm arm64 /Users/owen.coffer/Documents/Codex/2026-09-15/i-x20/public-app/build/ios/SDKExplicitPrecompiledModules/CoreAudioTypes-A0VQEUUZPBE97YM16VGQNT1JX.pcm

SwiftExplicitDependencyGeneratePcm arm64 /Users/owen.coffer/Documents/Codex/2026-09-15/i-x20/public-app/build/ios/SDKExplicitPrecompiledModules/CoreGraphics-6ICPWMKJ2QWNRZUK6B00Y3BQV.pcm

SwiftExplicitDependencyGeneratePcm arm64 /Users/owen.coffer/Documents/Codex/2026-09-15/i-x20/public-app/build/ios/SDKExplicitPrecompiledModules/Security-7SG5Q17RSC6ITQLA2LOH8R907.pcm

SwiftExplicitDependencyGeneratePcm x86_64 /Users/owen.coffer/Documents/Codex/2026-09-15/i-x20/public-app/build/ios/SDKExplicitPrecompiledModules/CoreAudio-I73BHY7SMOK07SXG5VT7XUQ8.pcm

SwiftExplicitDependencyGeneratePcm x86_64 /Users/owen.coffer/Documents/Codex/2026-09-15/i-x20/public-app/build/ios/SDKExplicitPrecompiledModules/Foundation-DTN168RZTMNY66G1JA0F244BB.pcm

SwiftExplicitDependencyGeneratePcm x86_64 /Users/owen.coffer/Documents/Codex/2026-09-15/i-x20/public-app/build/ios/SDKExplicitPrecompiledModules/CoreText-8M4J95WUCLTWTA43Y462PZXAU.pcm

SwiftExplicitDependencyGeneratePcm x86_64 /Users/owen.coffer/Documents/Codex/2026-09-15/i-x20/public-app/build/ios/SDKExplicitPrecompiledModules/ImageIO-BQW7UM445FTNPB480RKROK8EF.pcm

SwiftExplicitDependencyGeneratePcm arm64 /Users/owen.coffer/Documents/Codex/2026-09-15/i-x20/public-app/build/ios/SDKExplicitPrecompiledModules/CoreAudio-8YMIGF920WIXL74MAWCD22HLO.pcm

SwiftExplicitDependencyGeneratePcm arm64 /Users/owen.coffer/Documents/Codex/2026-09-15/i-x20/public-app/build/ios/SDKExplicitPrecompiledModules/Foundation-X6B5ZSAZU117JZT13XWRIQOR.pcm

SwiftExplicitDependencyGeneratePcm arm64 /Users/owen.coffer/Documents/Codex/2026-09-15/i-x20/public-app/build/ios/SDKExplicitPrecompiledModules/CoreText-484K4FSLI3UU5KK3C24Y0WFUZ.pcm

SwiftExplicitDependencyGeneratePcm arm64 /Users/owen.coffer/Documents/Codex/2026-09-15/i-x20/public-app/build/ios/SDKExplicitPrecompiledModules/ImageIO-5MPRH788ES8M36RMZWLID4JII.pcm

SwiftExplicitDependencyGeneratePcm x86_64 /Users/owen.coffer/Documents/Codex/2026-09-15/i-x20/public-app/build/ios/SDKExplicitPrecompiledModules/OpenGLES-CSR2XFSKM839G6OJ3V0VFONLY.pcm

SwiftExplicitDependencyGeneratePcm x86_64 /Users/owen.coffer/Documents/Codex/2026-09-15/i-x20/public-app/build/ios/SDKExplicitPrecompiledModules/Symbols-88KOWFMGJ0AEEVSC3GSD5H15V.pcm

SwiftExplicitDependencyGeneratePcm x86_64 /Users/owen.coffer/Documents/Codex/2026-09-15/i-x20/public-app/build/ios/SDKExplicitPrecompiledModules/CoreData-8ZCV5OZX5YPJ6XRUUNYVMT2ST.pcm

SwiftExplicitDependencyGeneratePcm x86_64 /Users/owen.coffer/Documents/Codex/2026-09-15/i-x20/public-app/build/ios/SDKExplicitPrecompiledModules/Accessibility-71NQ8GX0CDIEHTDP7AGSY1OBQ.pcm

SwiftExplicitDependencyGeneratePcm x86_64 /Users/owen.coffer/Documents/Codex/2026-09-15/i-x20/public-app/build/ios/SDKExplicitPrecompiledModules/CoreTransferable-4D52A01UILOL9T8X24VSD3PEK.pcm

SwiftExplicitDependencyGeneratePcm x86_64 /Users/owen.coffer/Documents/Codex/2026-09-15/i-x20/public-app/build/ios/SDKExplicitPrecompiledModules/UniformTypeIdentifiers-F3J7QE376K8FVLOM3JBQDAUB9.pcm

SwiftExplicitDependencyGeneratePcm x86_64 /Users/owen.coffer/Documents/Codex/2026-09-15/i-x20/public-app/build/ios/SDKExplicitPrecompiledModules/OSLog-DUJWMPWZDOS1WBWMRXGTL024J.pcm

SwiftExplicitDependencyGeneratePcm x86_64 /Users/owen.coffer/Documents/Codex/2026-09-15/i-x20/public-app/build/ios/SDKExplicitPrecompiledModules/IOSurface-5ERH6AWXZSJBHNDYGB5BZFSGU.pcm

SwiftExplicitDependencyGeneratePcm x86_64 /Users/owen.coffer/Documents/Codex/2026-09-15/i-x20/public-app/build/ios/SDKExplicitPrecompiledModules/UIUtilities-6IS6QEE6D2HNI67HD6WGZGZMU.pcm

SwiftExplicitDependencyGeneratePcm x86_64 /Users/owen.coffer/Documents/Codex/2026-09-15/i-x20/public-app/build/ios/SDKExplicitPrecompiledModules/DataDetection-CKBGYNFLJ2KNYSRB4M8HPN68K.pcm

SwiftExplicitDependencyGeneratePcm arm64 /Users/owen.coffer/Documents/Codex/2026-09-15/i-x20/public-app/build/ios/SDKExplicitPrecompiledModules/OSLog-3NSUYRVH6NRK47SEZWYSY7ZR5.pcm

SwiftExplicitDependencyGeneratePcm arm64 /Users/owen.coffer/Documents/Codex/2026-09-15/i-x20/public-app/build/ios/SDKExplicitPrecompiledModules/UniformTypeIdentifiers-AI5OG33KJER9HC9DCBUIIHCC8.pcm

SwiftExplicitDependencyGeneratePcm arm64 /Users/owen.coffer/Documents/Codex/2026-09-15/i-x20/public-app/build/ios/SDKExplicitPrecompiledModules/Symbols-BO449R59QB8LI3VMHPOJFYK2U.pcm

SwiftExplicitDependencyGeneratePcm arm64 /Users/owen.coffer/Documents/Codex/2026-09-15/i-x20/public-app/build/ios/SDKExplicitPrecompiledModules/OpenGLES-CRVVY3UADC05DRUWC19FB3ZB0.pcm

SwiftExplicitDependencyGeneratePcm arm64 /Users/owen.coffer/Documents/Codex/2026-09-15/i-x20/public-app/build/ios/SDKExplicitPrecompiledModules/CoreTransferable-573TUH5CUCZVKJ4BZIG7T7RP2.pcm

SwiftExplicitDependencyGeneratePcm arm64 /Users/owen.coffer/Documents/Codex/2026-09-15/i-x20/public-app/build/ios/SDKExplicitPrecompiledModules/DataDetection-5VMUV6NG7Z2P2SFRTOAQQWWI7.pcm

SwiftExplicitDependencyGeneratePcm arm64 /Users/owen.coffer/Documents/Codex/2026-09-15/i-x20/public-app/build/ios/SDKExplicitPrecompiledModules/_LocationEssentials-AWS6NVG5KEVPYT7FYN0N3ZZSJ.pcm

SwiftExplicitDependencyGeneratePcm arm64 /Users/owen.coffer/Documents/Codex/2026-09-15/i-x20/public-app/build/ios/SDKExplicitPrecompiledModules/Accessibility-13AQB69Q2RVGSIODPCAH1048E.pcm

SwiftExplicitDependencyGeneratePcm arm64 /Users/owen.coffer/Documents/Codex/2026-09-15/i-x20/public-app/build/ios/SDKExplicitPrecompiledModules/UIUtilities-MI7U2UWRN2BXMRUFZ72395PN.pcm

SwiftExplicitDependencyGeneratePcm arm64 /Users/owen.coffer/Documents/Codex/2026-09-15/i-x20/public-app/build/ios/SDKExplicitPrecompiledModules/FileProvider-6OMNJWK985EWMGIUH1TBYYWEK.pcm

SwiftExplicitDependencyGeneratePcm arm64 /Users/owen.coffer/Documents/Codex/2026-09-15/i-x20/public-app/build/ios/SDKExplicitPrecompiledModules/UserNotifications-75XY41TJX4UQ1699YB0G3GS2K.pcm

SwiftExplicitDependencyGeneratePcm arm64 /Users/owen.coffer/Documents/Codex/2026-09-15/i-x20/public-app/build/ios/SDKExplicitPrecompiledModules/IOSurface-2TMXPIK3VIGPNAJIFTK05AGLR.pcm

SwiftExplicitDependencyGeneratePcm arm64 /Users/owen.coffer/Documents/Codex/2026-09-15/i-x20/public-app/build/ios/SDKExplicitPrecompiledModules/CoreData-5NI9DSPZL8Y3GLM39AKNM4BEY.pcm

SwiftExplicitDependencyGeneratePcm x86_64 /Users/owen.coffer/Documents/Codex/2026-09-15/i-x20/public-app/build/ios/SDKExplicitPrecompiledModules/Metal-5SV2OXC7T4312W9DGBYK7I8RW.pcm

SwiftExplicitDependencyGeneratePcm x86_64 /Users/owen.coffer/Documents/Codex/2026-09-15/i-x20/public-app/build/ios/SDKExplicitPrecompiledModules/FileProvider-CXCIZVS5HB0PSBFFCXNT7PRT8.pcm

SwiftExplicitDependencyGeneratePcm x86_64 /Users/owen.coffer/Documents/Codex/2026-09-15/i-x20/public-app/build/ios/SDKExplicitPrecompiledModules/_LocationEssentials-49ZTWH1NY43KS3QHEZD0NA7CH.pcm

SwiftExplicitDependencyGeneratePcm x86_64 /Users/owen.coffer/Documents/Codex/2026-09-15/i-x20/public-app/build/ios/SDKExplicitPrecompiledModules/UserNotifications-BQHTL2FDQ2B2OS3U4CAB4D6V3.pcm

SwiftExplicitDependencyGeneratePcm arm64 /Users/owen.coffer/Documents/Codex/2026-09-15/i-x20/public-app/build/ios/SDKExplicitPrecompiledModules/CoreLocation-D5BAYIX7GWB7LRBLO1J9BSQ2C.pcm

SwiftExplicitDependencyGeneratePcm x86_64 /Users/owen.coffer/Documents/Codex/2026-09-15/i-x20/public-app/build/ios/SDKExplicitPrecompiledModules/CoreLocation-POA9Y5AMGBZ7RQ6CH9XR6LKB.pcm

SwiftExplicitDependencyGeneratePcm arm64 /Users/owen.coffer/Documents/Codex/2026-09-15/i-x20/public-app/build/ios/SDKExplicitPrecompiledModules/Metal-523LNJW7CV83CWOTG6W38TYXY.pcm

SwiftExplicitDependencyGeneratePcm arm64 /Users/owen.coffer/Documents/Codex/2026-09-15/i-x20/public-app/build/ios/SDKExplicitPrecompiledModules/CoreMotion-362AB3M1SBQHLJHDASAHKL14A.pcm

SwiftExplicitDependencyGeneratePcm x86_64 /Users/owen.coffer/Documents/Codex/2026-09-15/i-x20/public-app/build/ios/SDKExplicitPrecompiledModules/CoreVideo-1QI580EP097MVKA9GPDY45EYR.pcm

SwiftExplicitDependencyGeneratePcm x86_64 /Users/owen.coffer/Documents/Codex/2026-09-15/i-x20/public-app/build/ios/SDKExplicitPrecompiledModules/CoreMotion-65IBU5CY629B9Z927Q5V4A608.pcm

SwiftExplicitDependencyGeneratePcm arm64 /Users/owen.coffer/Documents/Codex/2026-09-15/i-x20/public-app/build/ios/SDKExplicitPrecompiledModules/CoreVideo-CSMYS4QJL12QRTR8CUCBIXZCO.pcm

SwiftExplicitDependencyGeneratePcm x86_64 /Users/owen.coffer/Documents/Codex/2026-09-15/i-x20/public-app/build/ios/SDKExplicitPrecompiledModules/QuartzCore-D0HM3FYIY9SUS06PKQFAXZY8W.pcm

SwiftExplicitDependencyGeneratePcm x86_64 /Users/owen.coffer/Documents/Codex/2026-09-15/i-x20/public-app/build/ios/SDKExplicitPrecompiledModules/CoreMedia-7ETJKTRLQWIPNGZ2B45QWMB0V.pcm

SwiftExplicitDependencyGeneratePcm x86_64 /Users/owen.coffer/Documents/Codex/2026-09-15/i-x20/public-app/build/ios/SDKExplicitPrecompiledModules/CoreImage-1X7HBY3R6QE4PEJA6G7VEIRK1.pcm

SwiftExplicitDependencyGeneratePcm arm64 /Users/owen.coffer/Documents/Codex/2026-09-15/i-x20/public-app/build/ios/SDKExplicitPrecompiledModules/CoreMedia-ACVACZIDMWVNDFMHVG9363UVY.pcm

SwiftExplicitDependencyGeneratePcm arm64 /Users/owen.coffer/Documents/Codex/2026-09-15/i-x20/public-app/build/ios/SDKExplicitPrecompiledModules/CoreImage-D7PAHRRWP0X3G66P5V2JHLE38.pcm

SwiftExplicitDependencyGeneratePcm arm64 /Users/owen.coffer/Documents/Codex/2026-09-15/i-x20/public-app/build/ios/SDKExplicitPrecompiledModules/QuartzCore-3APK8KT2C7O063GDTLZP3LAND.pcm

SwiftExplicitDependencyGeneratePcm x86_64 /Users/owen.coffer/Documents/Codex/2026-09-15/i-x20/public-app/build/ios/SDKExplicitPrecompiledModules/SwiftUICore-6Q835BLFT7TKCS06MELSULQDM.pcm

SwiftExplicitDependencyGeneratePcm x86_64 /Users/owen.coffer/Documents/Codex/2026-09-15/i-x20/public-app/build/ios/SDKExplicitPrecompiledModules/UIKit-DPM9D1B7JBWXZSL5IHULFDCQL.pcm

SwiftExplicitDependencyGeneratePcm arm64 /Users/owen.coffer/Documents/Codex/2026-09-15/i-x20/public-app/build/ios/SDKExplicitPrecompiledModules/SwiftUICore-BSX9BQBFQVFF8U7FBNBU4DJM8.pcm

SwiftExplicitDependencyGeneratePcm arm64 /Users/owen.coffer/Documents/Codex/2026-09-15/i-x20/public-app/build/ios/SDKExplicitPrecompiledModules/UIKit-AKT0U2SV855KA0SBCRO80YR2.pcm

SwiftExplicitDependencyGeneratePcm x86_64 /Users/owen.coffer/Documents/Codex/2026-09-15/i-x20/public-app/build/ios/SDKExplicitPrecompiledModules/SwiftUI-EQCC5VNDWGSV9MU76TVN4K1EI.pcm

SwiftEmitModule normal x86_64 Emitting\ module\ for\ Binocular (in target 'Binocular' from project 'Binocular')
sandbox-exec: sandbox_apply: Operation not permitted
/Users/owen.coffer/Documents/Codex/2026-09-15/i-x20/public-app/Sources/Binocular/BinocularApp.swift:115:24: error: external macro implementation type 'SwiftUIMacros.StateMacro' could not be found for macro 'State()'; '/Users/owen.coffer/Downloads/Installers/Xcode.app/Contents/Developer/Platforms/iPhoneOS.platform/Developer/usr/bin/swift-plugin-server' produced malformed response
113 | struct LoginView: View {
114 |     @EnvironmentObject var model: AccountModel
115 |     @State private var email = ""
    |                        `- error: external macro implementation type 'SwiftUIMacros.StateMacro' could not be found for macro 'State()'; '/Users/owen.coffer/Downloads/Installers/Xcode.app/Contents/Developer/Platforms/iPhoneOS.platform/Developer/usr/bin/swift-plugin-server' produced malformed response
116 |     @State private var code = ""
117 |     var body: some View {

SwiftUI.State:1:145: note: 'State()' declared here
1 | @attached(accessor, names: named(init), named(get), named(set)) @attached(peer, names: prefixed(`_`), prefixed(__), prefixed(`$`)) public macro State() = #externalMacro(module: "SwiftUIMacros", type: "StateMacro")
  |                                                                                                                                                 `- note: 'State()' declared here

/Users/owen.coffer/Documents/Codex/2026-09-15/i-x20/public-app/Sources/Binocular/BinocularApp.swift:116:24: error: external macro implementation type 'SwiftUIMacros.StateMacro' could not be found for macro 'State()'; '/Users/owen.coffer/Downloads/Installers/Xcode.app/Contents/Developer/Platforms/iPhoneOS.platform/Developer/usr/bin/swift-plugin-server' produced malformed response
114 |     @EnvironmentObject var model: AccountModel
115 |     @State private var email = ""
116 |     @State private var code = ""
    |                        `- error: external macro implementation type 'SwiftUIMacros.StateMacro' could not be found for macro 'State()'; '/Users/owen.coffer/Downloads/Installers/Xcode.app/Contents/Developer/Platforms/iPhoneOS.platform/Developer/usr/bin/swift-plugin-server' produced malformed response
117 |     var body: some View {
118 |         ScrollView {

SwiftUI.State:1:145: note: 'State()' declared here
1 | @attached(accessor, names: named(init), named(get), named(set)) @attached(peer, names: prefixed(`_`), prefixed(__), prefixed(`$`)) public macro State() = #externalMacro(module: "SwiftUIMacros", type: "StateMacro")
  |                                                                                                                                                 `- note: 'State()' declared here

/Users/owen.coffer/Documents/Codex/2026-09-15/i-x20/public-app/Sources/Binocular/BinocularApp.swift:115:24: error: external macro implementation type 'SwiftUIMacros.StateMacro' could not be found for macro 'State()'; '/Users/owen.coffer/Downloads/Installers/Xcode.app/Contents/Developer/Platforms/iPhoneOS.platform/Developer/usr/bin/swift-plugin-server' produced malformed response
113 | struct LoginView: View {
114 |     @EnvironmentObject var model: AccountModel
115 |     @State private var email = ""
    |                        `- error: external macro implementation type 'SwiftUIMacros.StateMacro' could not be found for macro 'State()'; '/Users/owen.coffer/Downloads/Installers/Xcode.app/Contents/Developer/Platforms/iPhoneOS.platform/Developer/usr/bin/swift-plugin-server' produced malformed response
116 |     @State private var code = ""
117 |     var body: some View {

SwiftUI.State:1:145: note: 'State()' declared here
1 | @attached(accessor, names: named(init), named(get), named(set)) @attached(peer, names: prefixed(`_`), prefixed(__), prefixed(`$`)) public macro State() = #externalMacro(module: "SwiftUIMacros", type: "StateMacro")
  |                                                                                                                                                 `- note: 'State()' declared here

/Users/owen.coffer/Documents/Codex/2026-09-15/i-x20/public-app/Sources/Binocular/BinocularApp.swift:116:24: error: external macro implementation type 'SwiftUIMacros.StateMacro' could not be found for macro 'State()'; '/Users/owen.coffer/Downloads/Installers/Xcode.app/Contents/Developer/Platforms/iPhoneOS.platform/Developer/usr/bin/swift-plugin-server' produced malformed response
114 |     @EnvironmentObject var model: AccountModel
115 |     @State private var email = ""
116 |     @State private var code = ""
    |                        `- error: external macro implementation type 'SwiftUIMacros.StateMacro' could not be found for macro 'State()'; '/Users/owen.coffer/Downloads/Installers/Xcode.app/Contents/Developer/Platforms/iPhoneOS.platform/Developer/usr/bin/swift-plugin-server' produced malformed response
117 |     var body: some View {
118 |         ScrollView {

SwiftUI.State:1:145: note: 'State()' declared here
1 | @attached(accessor, names: named(init), named(get), named(set)) @attached(peer, names: prefixed(`_`), prefixed(__), prefixed(`$`)) public macro State() = #externalMacro(module: "SwiftUIMacros", type: "StateMacro")
  |                                                                                                                                                 `- note: 'State()' declared here

/Users/owen.coffer/Documents/Codex/2026-09-15/i-x20/public-app/Sources/Binocular/BinocularApp.swift:187:24: error: external macro implementation type 'SwiftUIMacros.StateMacro' could not be found for macro 'State()'; '/Users/owen.coffer/Downloads/Installers/Xcode.app/Contents/Developer/Platforms/iPhoneOS.platform/Developer/usr/bin/swift-plugin-server' produced malformed response
185 | struct AccountView: View {
186 |     @EnvironmentObject var model: AccountModel
187 |     @State private var deleting = false
    |                        `- error: external macro implementation type 'SwiftUIMacros.StateMacro' could not be found for macro 'State()'; '/Users/owen.coffer/Downloads/Installers/Xcode.app/Contents/Developer/Platforms/iPhoneOS.platform/Developer/usr/bin/swift-plugin-server' produced malformed response
188 |     var body: some View {
189 |         Form {

SwiftUI.State:1:145: note: 'State()' declared here
1 | @attached(accessor, names: named(init), named(get), named(set)) @attached(peer, names: prefixed(`_`), prefixed(__), prefixed(`$`)) public macro State() = #externalMacro(module: "SwiftUIMacros", type: "StateMacro")
  |                                                                                                                                                 `- note: 'State()' declared here

/Users/owen.coffer/Documents/Codex/2026-09-15/i-x20/public-app/Sources/Binocular/BinocularApp.swift:187:24: error: external macro implementation type 'SwiftUIMacros.StateMacro' could not be found for macro 'State()'; '/Users/owen.coffer/Downloads/Installers/Xcode.app/Contents/Developer/Platforms/iPhoneOS.platform/Developer/usr/bin/swift-plugin-server' produced malformed response
185 | struct AccountView: View {
186 |     @EnvironmentObject var model: AccountModel
187 |     @State private var deleting = false
    |                        `- error: external macro implementation type 'SwiftUIMacros.StateMacro' could not be found for macro 'State()'; '/Users/owen.coffer/Downloads/Installers/Xcode.app/Contents/Developer/Platforms/iPhoneOS.platform/Developer/usr/bin/swift-plugin-server' produced malformed response
188 |     var body: some View {
189 |         Form {

SwiftUI.State:1:145: note: 'State()' declared here
1 | @attached(accessor, names: named(init), named(get), named(set)) @attached(peer, names: prefixed(`_`), prefixed(__), prefixed(`$`)) public macro State() = #externalMacro(module: "SwiftUIMacros", type: "StateMacro")
  |                                                                                                                                                 `- note: 'State()' declared here
Failed frontend command:

SwiftCompile normal x86_64 (in target 'Binocular' from project 'Binocular')
    cd /Users/owen.coffer/Documents/Codex/2026-09-15/i-x20/public-app
    

/Users/owen.coffer/Downloads/Installers/Xcode.app/Contents/Developer/Toolchains/XcodeDefault.xctoolchain/usr/bin/swift-frontend -frontend -emit-module -experimental-skip-non-inlinable-function-bodies-without-types /Users/owen.coffer/Documents/Codex/2026-09-15/i-x20/public-app/Sources/Binocular/Service.swift /Users/owen.coffer/Documents/Codex/2026-09-15/i-x20/public-app/Sources/Binocular/BinocularApp.swift /Users/owen.coffer/Documents/Codex/2026-09-15/i-x20/public-app/build/ios/Build/Intermediates.noindex/Binocular.build/Debug-iphonesimulator/Binocular.build/DerivedSources/GeneratedAssetSymbols.swift -target x86_64-apple-ios17.0-simulator -module-can-import-version DeveloperToolsSupport 24.0.24 24.0.24 -disable-cross-import-overlay-search -load-resolved-plugin /Users/owen.coffer/Downloads/Installers/Xcode.app/Contents/Developer/Platforms/iPhoneOS.platform/Developer/usr/lib/swift/host/plugins/libFoundationMacros.dylib\#/Users/owen.coffer/Downloads/Installers/Xcode.app/Contents/Developer/Platforms/iPhoneOS.platform/Developer/usr/bin/swift-plugin-server\#FoundationMacros -load-resolved-plugin /Users/owen.coffer/Downloads/Installers/Xcode.app/Contents/Developer/Platforms/iPhoneOS.platform/Developer/usr/lib/swift/host/plugins/libObservationMacros.dylib\#/Users/owen.coffer/Downloads/Installers/Xcode.app/Contents/Developer/Platforms/iPhoneOS.platform/Developer/usr/bin/swift-plugin-server\#ObservationMacros -load-resolved-plugin /Users/owen.coffer/Downloads/Installers/Xcode.app/Contents/Developer/Platforms/iPhoneOS.platform/Developer/usr/lib/swift/host/plugins/libPreviewsMacros.dylib\#/Users/owen.coffer/Downloads/Installers/Xcode.app/Contents/Developer/Platforms/iPhoneOS.platform/Developer/usr/bin/swift-plugin-server\#PreviewsMacros -load-resolved-plugin /Users/owen.coffer/Downloads/Installers/Xcode.app/Contents/Developer/Platforms/iPhoneOS.platform/Developer/usr/lib/swift/host/plugins/libSwiftMacros.dylib\#/Users/owen.coffer/Downloads/Installers/Xcode.app/Contents/Developer/Platforms/iPhoneOS.platform/Developer/usr/bin/swift-plugin-server\#SwiftMacros -load-resolved-plugin /Users/owen.coffer/Downloads/Installers/Xcode.app/Contents/Developer/Platforms/iPhoneOS.platform/Developer/usr/lib/swift/host/plugins/libSwiftUIMacros.dylib\#/Users/owen.coffer/Downloads/Installers/Xcode.app/Contents/Developer/Platforms/iPhoneOS.platform/Developer/usr/bin/swift-plugin-server\#SwiftUIMacros -disable-implicit-swift-modules -Xcc -fno-implicit-modules -Xcc -fno-implicit-module-maps -explicit-swift-module-map-file /Users/owen.coffer/Documents/Codex/2026-09-15/i-x20/public-app/build/ios/Build/Intermediates.noindex/Binocular.build/Debug-iphonesimulator/Binocular.build/Objects-normal/x86_64/Binocular-dependencies-1.json -enable-objc-interop -sdk /Users/owen.coffer/Downloads/Installers/Xcode.app/Contents/Developer/Platforms/iPhoneSimulator.platform/Developer/SDKs/iPhoneSimulator27.0.sdk -I /Users/owen.coffer/Documents/Codex/2026-09-15/i-x20/public-app/build/ios/Build/Products/Debug-iphonesimulator -F /Users/owen.coffer/Documents/Codex/2026-09-15/i-x20/public-app/build/ios/Build/Products/Debug-iphonesimulator -module-cache-path /Users/owen.coffer/Documents/Codex/2026-09-15/i-x20/public-app/build/ios/Build/Intermediates.noindex/SwiftExplicitPrecompiledModules -no-color-diagnostics -Xcc -fno-color-diagnostics -g -debug-info-format\=dwarf -dwarf-version\=4 -swift-version 5 -Onone -serialize-debugging-options -enable-experimental-feature DebugDescriptionMacro -enable-bare-slash-regex -empty-abi-descriptor -validate-clang-modules-once -clang-build-session-file /Users/owen.coffer/Documents/Codex/2026-09-15/i-x20/public-app/build/ios/ModuleCache.noindex/Session.modulevalidation -Xcc -working-directory -Xcc /Users/owen.coffer/Documents/Codex/2026-09-15/i-x20/public-app -enable-anonymous-context-mangled-names -file-compilation-dir /Users/owen.coffer/Documents/Codex/2026-09-15/i-x20/public-app -Xcc -ivfsstatcache -Xcc /Users/owen.coffer/Documents/Codex/2026-09-15/i-x20/public-app/build/ios/SDKStatCaches.noindex/iphonesimulator27.0-24A430-93b4481594ef7a1b3290577e87e72c23.sdkstatcache -Xcc -fmodules-prune-interval\=86400 -Xcc -fmodules-prune-after\=345600 -Xcc -iquote -Xcc /Users/owen.coffer/Documents/Codex/2026-09-15/i-x20/public-app/build/ios/Build/Intermediates.noindex/Binocular.build/Debug-iphonesimulator/Binocular.build/Binocular-generated-files.hmap -Xcc -I/Users/owen.coffer/Documents/Codex/2026-09-15/i-x20/public-app/build/ios/Build/Intermediates.noindex/Binocular.build/Debug-iphonesimulator/Binocular.build/Binocular-own-target-headers.hmap -Xcc -I/Users/owen.coffer/Documents/Codex/2026-09-15/i-x20/public-app/build/ios/Build/Intermediates.noindex/Binocular.build/Debug-iphonesimulator/Binocular.build/Binocular-all-target-headers.hmap -Xcc -iquote -Xcc /Users/owen.coffer/Documents/Codex/2026-09-15/i-x20/public-app/build/ios/Build/Intermediates.noindex/Binocular.build/Debug-iphonesimulator/Binocular.build/Binocular-project-headers.hmap -Xcc -I/Users/owen.coffer/Documents/Codex/2026-09-15/i-x20/public-app/build/ios/Build/Products/Debug-iphonesimulator/include -Xcc -I/Users/owen.coffer/Documents/Codex/2026-09-15/i-x20/public-app/build/ios/Build/Intermediates.noindex/Binocular.build/Debug-iphonesimulator/Binocular.build/DerivedSources-normal/x86_64 -Xcc -I/Users/owen.coffer/Documents/Codex/2026-09-15/i-x20/public-app/build/ios/Build/Intermediates.noindex/Binocular.build/Debug-iphonesimulator/Binocular.build/DerivedSources/x86_64 -Xcc -I/Users/owen.coffer/Documents/Codex/2026-09-15/i-x20/public-app/build/ios/Build/Intermediates.noindex/Binocular.build/Debug-iphonesimulator/Binocular.build/DerivedSources -no-auto-bridging-header-chaining -module-name Binocular -const-gather-protocols-file /Users/owen.coffer/Documents/Codex/2026-09-15/i-x20/public-app/build/ios/Build/Intermediates.noindex/Binocular.build/Debug-iphonesimulator/Binocular.build/Objects-normal/x86_64/Binocular_const_extract_protocols.json -disable-clang-spi -clang-target x86_64-apple-ios27.0-simulator -target-sdk-version 27.0 -target-sdk-name iphonesimulator27.0 -in-process-plugin-server-path /Users/owen.coffer/Downloads/Installers/Xcode.app/Contents/Developer/Toolchains/XcodeDefault.xctoolchain/usr/lib/swift/host/libSwiftInProcPluginServer.dylib -emit-module-doc-path /Users/owen.coffer/Documents/Codex/2026-09-15/i-x20/public-app/build/ios/Build/Intermediates.noindex/Binocular.build/Debug-iphonesimulator/Binocular.build/Objects-normal/x86_64/Binocular.swiftdoc -emit-module-source-info-path /Users/owen.coffer/Documents/Codex/2026-09-15/i-x20/public-app/build/ios/Build/Intermediates.noindex/Binocular.build/Debug-iphonesimulator/Binocular.build/Objects-normal/x86_64/Binocular.swiftsourceinfo -emit-objc-header-path /Users/owen.coffer/Documents/Codex/2026-09-15/i-x20/public-app/build/ios/Build/Intermediates.noindex/Binocular.build/Debug-iphonesimulator/Binocular.build/Objects-normal/x86_64/Binocular-Swift.h -serialize-diagnostics-path /Users/owen.coffer/Documents/Codex/2026-09-15/i-x20/public-app/build/ios/Build/Intermediates.noindex/Binocular.build/Debug-iphonesimulator/Binocular.build/Objects-normal/x86_64/Binocular-primary-emit-module.dia -emit-dependencies-path /Users/owen.coffer/Documents/Codex/2026-09-15/i-x20/public-app/build/ios/Build/Intermediates.noindex/Binocular.build/Debug-iphonesimulator/Binocular.build/Objects-normal/x86_64/Binocular-primary-emit-module.d -o /Users/owen.coffer/Documents/Codex/2026-09-15/i-x20/public-app/build/ios/Build/Intermediates.noindex/Binocular.build/Debug-iphonesimulator/Binocular.build/Objects-normal/x86_64/Binocular.swiftmodule -emit-abi-descriptor-path /Users/owen.coffer/Documents/Codex/2026-09-15/i-x20/public-app/build/ios/Build/Intermediates.noindex/Binocular.build/Debug-iphonesimulator/Binocular.build/Objects-normal/x86_64/Binocular.abi.json
SwiftCompile normal x86_64 Compiling\ Service.swift /Users/owen.coffer/Documents/Codex/2026-09-15/i-x20/public-app/Sources/Binocular/Service.swift (in target 'Binocular' from project 'Binocular')

SwiftCompile normal x86_64 /Users/owen.coffer/Documents/Codex/2026-09-15/i-x20/public-app/Sources/Binocular/Service.swift (in target 'Binocular' from project 'Binocular')
    cd /Users/owen.coffer/Documents/Codex/2026-09-15/i-x20/public-app
    builtin-SwiftPerFileCompile Service.swift

SwiftCompile normal x86_64 Compiling\ GeneratedAssetSymbols.swift /Users/owen.coffer/Documents/Codex/2026-09-15/i-x20/public-app/build/ios/Build/Intermediates.noindex/Binocular.build/Debug-iphonesimulator/Binocular.build/DerivedSources/GeneratedAssetSymbols.swift (in target 'Binocular' from project 'Binocular')

SwiftCompile normal x86_64 /Users/owen.coffer/Documents/Codex/2026-09-15/i-x20/public-app/build/ios/Build/Intermediates.noindex/Binocular.build/Debug-iphonesimulator/Binocular.build/DerivedSources/GeneratedAssetSymbols.swift (in target 'Binocular' from project 'Binocular')
    cd /Users/owen.coffer/Documents/Codex/2026-09-15/i-x20/public-app
    builtin-SwiftPerFileCompile GeneratedAssetSymbols.swift

SwiftCompile normal x86_64 Compiling\ BinocularApp.swift /Users/owen.coffer/Documents/Codex/2026-09-15/i-x20/public-app/Sources/Binocular/BinocularApp.swift (in target 'Binocular' from project 'Binocular')
sandbox-exec: sandbox_apply: Operation not permitted
/Users/owen.coffer/Documents/Codex/2026-09-15/i-x20/public-app/Sources/Binocular/BinocularApp.swift:115:24: error: external macro implementation type 'SwiftUIMacros.StateMacro' could not be found for macro 'State()'; '/Users/owen.coffer/Downloads/Installers/Xcode.app/Contents/Developer/Platforms/iPhoneOS.platform/Developer/usr/bin/swift-plugin-server' produced malformed response
113 | struct LoginView: View {
114 |     @EnvironmentObject var model: AccountModel
115 |     @State private var email = ""
    |                        `- error: external macro implementation type 'SwiftUIMacros.StateMacro' could not be found for macro 'State()'; '/Users/owen.coffer/Downloads/Installers/Xcode.app/Contents/Developer/Platforms/iPhoneOS.platform/Developer/usr/bin/swift-plugin-server' produced malformed response
116 |     @State private var code = ""
117 |     var body: some View {

SwiftUI.State:1:145: note: 'State()' declared here
1 | @attached(accessor, names: named(init), named(get), named(set)) @attached(peer, names: prefixed(`_`), prefixed(__), prefixed(`$`)) public macro State() = #externalMacro(module: "SwiftUIMacros", type: "StateMacro")
  |                                                                                                                                                 `- note: 'State()' declared here

/Users/owen.coffer/Documents/Codex/2026-09-15/i-x20/public-app/Sources/Binocular/BinocularApp.swift:116:24: error: external macro implementation type 'SwiftUIMacros.StateMacro' could not be found for macro 'State()'; '/Users/owen.coffer/Downloads/Installers/Xcode.app/Contents/Developer/Platforms/iPhoneOS.platform/Developer/usr/bin/swift-plugin-server' produced malformed response
114 |     @EnvironmentObject var model: AccountModel
115 |     @State private var email = ""
116 |     @State private var code = ""
    |                        `- error: external macro implementation type 'SwiftUIMacros.StateMacro' could not be found for macro 'State()'; '/Users/owen.coffer/Downloads/Installers/Xcode.app/Contents/Developer/Platforms/iPhoneOS.platform/Developer/usr/bin/swift-plugin-server' produced malformed response
117 |     var body: some View {
118 |         ScrollView {

SwiftUI.State:1:145: note: 'State()' declared here
1 | @attached(accessor, names: named(init), named(get), named(set)) @attached(peer, names: prefixed(`_`), prefixed(__), prefixed(`$`)) public macro State() = #externalMacro(module: "SwiftUIMacros", type: "StateMacro")
  |                                                                                                                                                 `- note: 'State()' declared here

/Users/owen.coffer/Documents/Codex/2026-09-15/i-x20/public-app/Sources/Binocular/BinocularApp.swift:115:24: error: external macro implementation type 'SwiftUIMacros.StateMacro' could not be found for macro 'State()'; '/Users/owen.coffer/Downloads/Installers/Xcode.app/Contents/Developer/Platforms/iPhoneOS.platform/Developer/usr/bin/swift-plugin-server' produced malformed response
113 | struct LoginView: View {
114 |     @EnvironmentObject var model: AccountModel
115 |     @State private var email = ""
    |                        `- error: external macro implementation type 'SwiftUIMacros.StateMacro' could not be found for macro 'State()'; '/Users/owen.coffer/Downloads/Installers/Xcode.app/Contents/Developer/Platforms/iPhoneOS.platform/Developer/usr/bin/swift-plugin-server' produced malformed response
116 |     @State private var code = ""
117 |     var body: some View {

SwiftUI.State:1:145: note: 'State()' declared here
1 | @attached(accessor, names: named(init), named(get), named(set)) @attached(peer, names: prefixed(`_`), prefixed(__), prefixed(`$`)) public macro State() = #externalMacro(module: "SwiftUIMacros", type: "StateMacro")
  |                                                                                                                                                 `- note: 'State()' declared here

/Users/owen.coffer/Documents/Codex/2026-09-15/i-x20/public-app/Sources/Binocular/BinocularApp.swift:116:24: error: external macro implementation type 'SwiftUIMacros.StateMacro' could not be found for macro 'State()'; '/Users/owen.coffer/Downloads/Installers/Xcode.app/Contents/Developer/Platforms/iPhoneOS.platform/Developer/usr/bin/swift-plugin-server' produced malformed response
114 |     @EnvironmentObject var model: AccountModel
115 |     @State private var email = ""
116 |     @State private var code = ""
    |                        `- error: external macro implementation type 'SwiftUIMacros.StateMacro' could not be found for macro 'State()'; '/Users/owen.coffer/Downloads/Installers/Xcode.app/Contents/Developer/Platforms/iPhoneOS.platform/Developer/usr/bin/swift-plugin-server' produced malformed response
117 |     var body: some View {
118 |         ScrollView {

SwiftUI.State:1:145: note: 'State()' declared here
1 | @attached(accessor, names: named(init), named(get), named(set)) @attached(peer, names: prefixed(`_`), prefixed(__), prefixed(`$`)) public macro State() = #externalMacro(module: "SwiftUIMacros", type: "StateMacro")
  |                                                                                                                                                 `- note: 'State()' declared here

/Users/owen.coffer/Documents/Codex/2026-09-15/i-x20/public-app/Sources/Binocular/BinocularApp.swift:187:24: error: external macro implementation type 'SwiftUIMacros.StateMacro' could not be found for macro 'State()'; '/Users/owen.coffer/Downloads/Installers/Xcode.app/Contents/Developer/Platforms/iPhoneOS.platform/Developer/usr/bin/swift-plugin-server' produced malformed response
185 | struct AccountView: View {
186 |     @EnvironmentObject var model: AccountModel
187 |     @State private var deleting = false
    |                        `- error: external macro implementation type 'SwiftUIMacros.StateMacro' could not be found for macro 'State()'; '/Users/owen.coffer/Downloads/Installers/Xcode.app/Contents/Developer/Platforms/iPhoneOS.platform/Developer/usr/bin/swift-plugin-server' produced malformed response
188 |     var body: some View {
189 |         Form {

SwiftUI.State:1:145: note: 'State()' declared here
1 | @attached(accessor, names: named(init), named(get), named(set)) @attached(peer, names: prefixed(`_`), prefixed(__), prefixed(`$`)) public macro State() = #externalMacro(module: "SwiftUIMacros", type: "StateMacro")
  |                                                                                                                                                 `- note: 'State()' declared here


SwiftCompile normal x86_64 /Users/owen.coffer/Documents/Codex/2026-09-15/i-x20/public-app/Sources/Binocular/BinocularApp.swift (in target 'Binocular' from project 'Binocular')
    cd /Users/owen.coffer/Documents/Codex/2026-09-15/i-x20/public-app
    builtin-SwiftPerFileCompile BinocularApp.swift

SwiftExplicitDependencyGeneratePcm arm64 /Users/owen.coffer/Documents/Codex/2026-09-15/i-x20/public-app/build/ios/SDKExplicitPrecompiledModules/SwiftUI-D6BV39VESJGUZ4CSBSL3ALGSE.pcm

SwiftEmitModule normal arm64 Emitting\ module\ for\ Binocular (in target 'Binocular' from project 'Binocular')

SwiftCompile normal arm64 (in target 'Binocular' from project 'Binocular')
    cd /Users/owen.coffer/Documents/Codex/2026-09-15/i-x20/public-app
    

SwiftCompile normal arm64 Compiling\ Service.swift /Users/owen.coffer/Documents/Codex/2026-09-15/i-x20/public-app/Sources/Binocular/Service.swift (in target 'Binocular' from project 'Binocular')

SwiftCompile normal arm64 /Users/owen.coffer/Documents/Codex/2026-09-15/i-x20/public-app/Sources/Binocular/Service.swift (in target 'Binocular' from project 'Binocular')
    cd /Users/owen.coffer/Documents/Codex/2026-09-15/i-x20/public-app
    builtin-SwiftPerFileCompile Service.swift

SwiftCompile normal arm64 Compiling\ GeneratedAssetSymbols.swift /Users/owen.coffer/Documents/Codex/2026-09-15/i-x20/public-app/build/ios/Build/Intermediates.noindex/Binocular.build/Debug-iphonesimulator/Binocular.build/DerivedSources/GeneratedAssetSymbols.swift (in target 'Binocular' from project 'Binocular')

SwiftCompile normal arm64 /Users/owen.coffer/Documents/Codex/2026-09-15/i-x20/public-app/build/ios/Build/Intermediates.noindex/Binocular.build/Debug-iphonesimulator/Binocular.build/DerivedSources/GeneratedAssetSymbols.swift (in target 'Binocular' from project 'Binocular')
    cd /Users/owen.coffer/Documents/Codex/2026-09-15/i-x20/public-app
    builtin-SwiftPerFileCompile GeneratedAssetSymbols.swift

SwiftCompile normal arm64 Compiling\ BinocularApp.swift /Users/owen.coffer/Documents/Codex/2026-09-15/i-x20/public-app/Sources/Binocular/BinocularApp.swift (in target 'Binocular' from project 'Binocular')

SwiftCompile normal arm64 /Users/owen.coffer/Documents/Codex/2026-09-15/i-x20/public-app/Sources/Binocular/BinocularApp.swift (in target 'Binocular' from project 'Binocular')
    cd /Users/owen.coffer/Documents/Codex/2026-09-15/i-x20/public-app
    builtin-SwiftPerFileCompile BinocularApp.swift

PruneExplicitPrecompiledModules /Users/owen.coffer/Documents/Codex/2026-09-15/i-x20/public-app/build/ios/SDKExplicitPrecompiledModules

PruneExplicitPrecompiledModules /Users/owen.coffer/Documents/Codex/2026-09-15/i-x20/public-app/build/ios/Build/Intermediates.noindex/ExplicitPrecompiledModules

PruneExplicitPrecompiledModules /Users/owen.coffer/Documents/Codex/2026-09-15/i-x20/public-app/build/ios/Build/Intermediates.noindex/SwiftExplicitPrecompiledModules

note: Disabling hardened runtime with ad-hoc codesigning. (in target 'Binocular' from project 'Binocular')
** BUILD FAILED **


The following build commands failed:
	SwiftCompile normal x86_64 (in target 'Binocular' from project 'Binocular')
	SwiftEmitModule normal x86_64 Emitting\ module\ for\ Binocular (in target 'Binocular' from project 'Binocular')
	Building project Binocular with scheme Binocular and configuration Debug
(3 failures)
