season,week,game_id,posteam,plays,dropbacks,pace,proe,epa,lag_plays,lag_pace,lag_proe,lag_epa,opp,rest_difference,opp_lag_plays,opp_lag_pace,dropback_rate
2022,3,2022_03_LA_ARI,ARI,81,62.0,27.636363636363637,0.046053627744699156,-0.0367333783580061,72.0,33.22916666666667,-0.049885794023672714,0.019284354355617185,LA,0,64.5,31.757575757575758,0.7654320987654321
2022,4,2022_04_ARI_CAR,ARI,68,36.0,31.522727272727273,-0.014287033452177947,-0.06127473131082873,75.0,31.36489898989899,-0.01790598676754876,0.000611776784409423,CAR,0,54.0,26.725375375375375,0.5294117647058824
2022,5,2022_05_PHI_ARI,ARI,67,42.0,22.736842105263158,-0.06325913398038777,0.10111711209759489,73.25,31.404356060606062,-0.017001248438706058,-0.014859850239400115,PHI,0,70.0,25.568507641783505,0.6268656716417911
2022,6,2022_06_ARI_SEA,ARI,71,47.0,28.34285714285714,-0.17632263760234043,-0.20328896572878322,74.0,29.005233253588514,-0.022241872410951703,0.008657220013903726,SEA,0,56.75,27.731704980842913,0.6619718309859155
2022,7,2022_07_NO_ARI,ARI,61,33.0,30.58823529411765,-0.06680133824165052,0.1432535602347589,71.75,27.5596975393028,-0.05195379432255175,-0.05004499082500579,NO,0,65.75,27.317804860674133,0.5409836065573771
2022,8,2022_08_ARI_MIN,ARI,70,52.0,26.296296296296298,-0.08753577194043576,-0.07119049416666688,66.75,28.297665453741306,-0.08016753581913917,-0.005048256176814536,MIN,-4,63.25,28.206937669376693,0.7428571428571429
2022,9,2022_09_SEA_ARI,ARI,61,44.0,24.10810810810811,0.008557010974202865,-0.15286356392917713,67.25,26.99105770963356,-0.09847972044120362,-0.007527196890774076,SEA,0,59.5,24.56168056081849,0.7213114754098361
2022,10,2022_10_ARI_LA,ARI,64,40.0,29.875,0.13667852693312874,0.047906727973923896,65.75,27.3338742103448,-0.08052568420255597,-0.07102236589746708,LA,0,58.5,30.64779690285205,0.625
2022,11,2022_11_SF_ARI,ARI,71,49.0,30.774193548387096,0.001010090112686139,-0.16528359260710213,64.0,27.716909924630514,-0.0022753930686886664,-0.008223442471790299,SF,0,62.25,28.41365566694514,0.6901408450704225
2022,12,2022_12_LAC_ARI,ARI,64,33.0,26.060606060606062,-0.109767420725389,0.05806024878308985,66.5,27.763399488197877,0.014677464019895498,-0.08535773068225555,LAC,-1,64.25,25.650689545850838,0.515625
2022,14,2022_14_NE_ARI,ARI,69,52.0,27.55,0.10078574996441608,-0.38201284525076196,65.0,27.704476929275316,0.009119551823657188,-0.05304504494481637,NE,4,56.25,28.4705224685182,0.7536231884057971
2022,15,2022_15_ARI_DEN,ARI,60,41.0,26.032258064516128,0.0008055630118347868,-0.3045540370995942,67.0,28.56494990224829,0.032176736571210486,-0.11033236527521259,DEN,-1,60.0,28.433549783549786,0.6833333333333333
2022,16,2022_16_TB_ARI,ARI,73,48.0,22.153846153846153,0.0006138473115068978,-0.23596294849442886,66.0,27.604264418377323,-0.0017915044091129976,-0.19844755654359214,TB,0,71.0,28.33553855908694,0.6575342465753424
2022,17,2022_17_ARI_ATL,ARI,69,44.0,23.93617021276596,1.4993006532899993e-05,0.019052272187370267,66.5,25.449177569742083,-0.0018905651094078078,-0.2161173955154238,ATL,-1,61.5,26.731140350877197,0.6376811594202898
2022,18,2022_18_ARI_SF,ARI,49,31.0,28.65,0.05155346035957344,-0.3616764050271669,67.75,24.91806860778206,0.02555503832357267,-0.2258693896643537,SF,0,56.75,30.353344312692137,0.6326530612244898
2023,3,2023_03_DAL_ARI,ARI,53,24.0,25.916666666666668,-0.08990263938903817,0.21866413959703218,59.5,31.844771241830067,-0.008941544325855658,-0.08709027838556213,DAL,0,67.5,31.113636363636363,0.4528301886792453
2023,4,2023_04_ARI_SF,ARI,68,47.0,30.692307692307693,0.022466704249381998,0.12396832736913019,57.333333333333336,29.86873638344227,-0.03592857601358316,0.014827860941969306,SF,-3,64.0,30.77709991158267,0.6911764705882353
2023,5,2023_05_CIN_ARI,ARI,57,35.0,27.15625,-0.08945045484737915,-0.2948153080437084,60.0,30.074629210658625,-0.021329755947841873,0.04211297754875953,CIN,0,57.25,27.41096995361968,0.6140350877192983
2023,6,2023_06_ARI_LA,ARI,72,46.0,29.7,-0.11688558878947279,-0.26177127413163354,59.75,28.760750534188034,-0.030351039304426224,0.05642192281748716,LA,0,65.5,28.1459551925836,0.6388888888888888
2023,7,2023_07_ARI_SEA,ARI,63,39.0,25.696969696969695,-0.12781112239911005,-0.21504111562402828,62.5,28.36630608974359,-0.06844299469412703,-0.05348852880229489,SEA,0,63.75,26.54479166666667,0.6190476190476191
2023,8,2023_08_BAL_ARI,ARI,72,42.0,33.0,-0.1065856306390328,-0.19273665322220135,65.0,28.311381847319346,-0.07792011544664501,-0.16191484260756,BAL,0,61.25,31.0187693498452,0.5833333333333334
2023,9,2023_09_ARI_CLE,ARI,48,32.0,28.272727272727273,0.03833362673010139,-0.8043486848982865,66.0,28.888304924242423,-0.1101831991687487,-0.2410910877553929,CLE,0,69.5,26.18044343044343,0.6666666666666666
2023,10,2023_10_ATL_ARI,ARI,60,37.0,25.973684210526315,0.04097842684258589,-0.0034377500673419457,63.75,29.16742424242424,-0.07823717877437857,-0.3684744319690374,ATL,0,68.5,27.61754130605822,0.6166666666666667
2023,11,2023_11_ARI_HOU,ARI,59,37.0,31.857142857142858,-0.02180599822447849,-0.05693107082400488,60.75,28.235845295055825,-0.03877117486636389,-0.3038910509529645,HOU,0,63.5,29.52356202356202,0.6271186440677966
2023,12,2023_12_LA_ARI,ARI,66,50.0,27.5,0.012762551957910621,-0.13845529574801896,59.75,29.77588858509911,-0.01226989382270601,-0.2643635397529587,LA,0,59.0,26.72703619909502,0.7575757575757576
2023,13,2023_13_ARI_PIT,ARI,60,27.0,23.357142857142858,-0.10529434067361498,0.038095732491142856,58.25,28.40088858509911,0.017567151826529844,-0.25079320038441305,PIT,0,60.0,29.034028372263663,0.45
2023,15,2023_15_SF_ARI,ARI,73,46.0,31.84,-0.09681568900123237,0.0037871613665186343,61.25,27.171992481203006,-0.01833984002439925,-0.040182096037055734,SF,7,57.0,29.177266756232275,0.6301369863013698
2023,16,2023_16_ARI_CHI,ARI,60,42.0,28.90909090909091,-0.08834402263164526,-0.1574901973462626,64.5,28.63857142857143,-0.052788368985353815,-0.03837586817859058,CHI,0,67.5,28.856338481338483,0.7
2023,17,2023_17_ARI_PHI,ARI,72,34.0,34.4054054054054,-0.028690323233604396,0.2558193753436116,64.75,27.901558441558443,-0.06942287508714551,-0.06351564980915501,PHI,1,66.25,29.010948581560285,0.4722222222222222
2023,18,2023_18_SEA_ARI,ARI,69,32.0,34.12,-0.09709451124072072,0.23259490097564572,66.25,29.627909792909794,-0.07978609388502425,0.035053017963752625,SEA,0,55.5,28.130696416497635,0.463768115942029
2024,3,2024_03_DET_ARI,ARI,53,37.0,24.90909090909091,-0.08773046306201389,-0.2384053602036292,61.0,31.8972972972973,0.09518436910141084,0.20508237271730662,DET,0,71.5,28.92481884057971,0.6981132075471698
2024,4,2024_04_WAS_ARI,ARI,58,27.0,27.51851851851852,-0.07031625707944222,-0.0862105094751437,58.333333333333336,29.56789516789517,0.03421275838026926,0.05725312841032801,WAS,1,59.333333333333336,32.569148936170215,0.46551724137931033
2024,5,2024_05_ARI_SF,ARI,56,33.0,30.6875,0.08457863460416386,0.12357341654668419,58.25,29.055551005551006,0.008080504515341393,0.02138721893896008,SF,0,65.0,33.31369047619047,0.5892857142857143
2024,6,2024_06_ARI_GB,ARI,55,36.0,28.142857142857142,-0.08640711195766927,-0.12452218036849647,57.25,27.828777356902357,0.025926429428175683,0.03644682321358283,GB,0,64.25,32.71237674362675,0.6545454545454545
2024,7,2024_07_LAC_ARI,ARI,53,29.0,28.65625,-0.0302262934969693,0.035911967486960295,55.5,27.81449164261664,-0.039968799373740385,-0.0813911583751463,LAC,0,58.0,32.86398081410869,0.5471698113207547
2024,8,2024_08_ARI_MIA,ARI,62,37.0,30.285714285714285,0.058114702210706866,0.27863852290874974,55.5,28.751281415343914,-0.025592756982479238,-0.012811826452498919,MIA,-1,63.5,28.493795045045044,0.5967741935483871
2024,9,2024_09_CHI_ARI,ARI,57,23.0,29.458333333333332,-0.11682110279798509,-0.06949403704706636,56.5,29.443080357142858,0.006514982840058034,0.07840043164347445,CHI,0,59.5,27.21349567099567,0.40350877192982454
2024,10,2024_10_NYJ_ARI,ARI,56,25.0,29.333333333333332,0.07724397629499427,0.3750255338427046,56.75,29.13578869047619,-0.043834951510479205,0.03013356824503681,NYJ,-3,56.75,29.33455882352941,0.44642857142857145
2024,12,2024_12_ARI_SEA,ARI,56,43.0,27.75862068965517,0.0488820578370775,-0.18470705032062568,57.0,29.433407738095237,-0.0029221794473133153,0.15502049679783708,SEA,7,58.5,26.65394265232975,0.7678571428571429
2024,13,2024_13_ARI_MIN,ARI,76,50.0,27.488372093023255,0.0018843190287643652,0.03653785058266492,57.75,29.20900041050903,0.016854908386198384,0.09986574234594056,MIN,0,70.25,27.764254832270314,0.6578947368421053
2024,14,2024_14_SEA_ARI,ARI,63,42.0,32.375,-0.034449525501417104,-0.06725611021829737,61.25,28.509664862336273,0.002797312590712759,0.03934057426441937,SEA,0,61.75,26.976116981831666,0.6666666666666666
2024,15,2024_15_NE_ARI,ARI,63,36.0,37.3,0.00733965386947006,0.18360129757292498,62.75,29.23883152900294,0.02339020691485475,0.039900055971611614,NE,-7,65.25,28.96651337792642,0.5714285714285714
2024,16,2024_16_ARI_CAR,ARI,64,41.0,28.238095238095237,-0.14818376675248146,0.1633386476533981,64.5,31.230498195669607,0.005914126308473704,-0.007956003095833289,CAR,0,61.25,27.793627266453353,0.640625
2024,17,2024_17_ARI_LA,ARI,74,54.0,31.833333333333332,0.16201989467327416,-0.009136656848526731,66.5,31.350366832779624,-0.043352329838916036,0.07905542139767266,LA,0,59.25,32.98077809287487,0.7297297297297297
2024,18,2024_18_SF_ARI,ARI,63,36.0,29.45945945945946,0.06485266859332726,0.24859288199629903,66.0,32.43660714285714,-0.0033184359277885905,0.06763679453987474,SF,2,57.75,30.437000962000962,0.5714285714285714
2025,3,2025_03_ARI_SF,ARI,64,40.0,31.022727272727273,0.055039038658142116,-0.011040268516559553,54.0,24.9,-0.039380996384554445,0.08550024287155085,SF,0,67.0,28.86317135549872,0.625
2025,4,2025_04_SEA_ARI,ARI,64,51.0,25.782608695652176,0.13261149078607554,-0.08130371034049264,57.333333333333336,26.94090909090909,-0.007907651370322255,0.053320072408847376,SEA,0,55.333333333333336,28.171162790697675,0.796875
2025,5,2025_05_TEN_ARI,ARI,64,37.0,29.833333333333332,0.08940764764944713,-0.07426535388094646,59.0,26.651333992094862,0.027222134168777192,0.019664126721512378,TEN,3,57.25,26.269583172022195,0.578125
2025,6,2025_06_ARI_IND,ARI,70,47.0,29.073170731707318,0.08017651622111978,0.08987307613540853,59.75,26.409667325428195,0.05777277993659177,-0.009899503259606191,IND,0,58.25,26.84511569068738,0.6714285714285714
2025,7,2025_07_GB_ARI,ARI,70,46.0,28.9,0.010513810035975043,-0.052211132240012684,65.5,28.927960008355026,0.08930867332869614,-0.019184064150647533,GB,0,64.5,30.7380174291939,0.6571428571428571
2025,9,2025_09_ARI_DAL,ARI,63,37.0,22.52,0.051167495548725156,0.11332130881309901,67.0,28.397278190173203,0.07817736617315438,-0.02947678008151081,DAL,7,59.0,25.820855231724796,0.5873015873015873
2025,10,2025_10_ARI_SEA,ARI,74,55.0,27.666666666666668,0.12042001883188898,-0.2109027924120326,66.75,27.581626016260163,0.057816367363816776,0.019179474706887103,SEA,-1,54.5,27.389911399342346,0.7432432432432432
2025,11,2025_11_SF_ARI,ARI,73,58.0,27.59375,0.04339167344219544,0.06146275520745993,69.25,27.039959349593495,0.06556946015942723,-0.01497988492588443,SF,0,58.25,27.85040266106443,0.7945205479452054
2025,12,2025_12_JAX_ARI,ARI,76,59.0,27.755555555555556,0.05573321521282196,-0.146952324809659,70.0,26.67010416666667,0.05637324946469616,-0.022082465157871583,JAX,0,68.75,29.910714285714285,0.7763157894736842
2025,13,2025_13_ARI_TB,ARI,60,44.0,31.12,0.11801924436323115,-0.026304462293883873,71.5,26.383993055555553,0.06767810075890789,-0.04576776330028316,TB,0,64.75,30.741010378510378,0.7333333333333333
2025,14,2025_14_LA_ARI,ARI,61,50.0,31.454545454545453,0.17156243443489078,-0.06186255420341806,70.75,28.533993055555555,0.08439103796253439,-0.0806742060770289,LA,0,54.75,29.278783877255865,0.819672131147541
2025,15,2025_15_ARI_HOU,ARI,64,44.0,21.5,-0.05901458859443651,0.0120794463380226,67.5,29.480962752525254,0.09717664186328484,-0.04341414652487525,HOU,0,64.75,26.039291412915773,0.6875
2025,16,2025_16_ATL_ARI,ARI,56,33.0,27.424242424242426,-0.12008609063923359,-0.004239506768854555,65.25,27.95752525252525,0.07157507635412684,-0.055759973742234584,ATL,-3,62.5,28.209062980030723,0.5892857142857143
2025,17,2025_17_ARI_CIN,ARI,54,41.0,27.833333333333332,-0.17788707464933404,-0.045414285696568774,60.25,27.87469696969697,0.02762024989111296,-0.020081769232033465,CIN,0,67.25,27.197406462585036,0.7592592592592593
2025,18,2025_18_ARI_LA,ARI,53,40.0,29.93103448275862,0.16560408122399273,0.036187608962900665,58.75,27.053030303030305,-0.04635632986202834,-0.02485922508270469,LA,1,70.5,28.924156200941916,0.7547169811320755
2022,3,2022_03_ATL_SEA,ATL,52,25.0,31.233333333333334,-0.01683768884437841,0.3195669350381516,63.5,32.94642857142857,-0.05469870952156569,-0.0879829553816881,SEA,0,46.5,29.439542483660134,0.4807692307692308
2022,4,2022_04_CLE_ATL,ATL,52,20.0,30.642857142857142,-0.12541555820239922,0.036691177718256744,59.666666666666664,32.37539682539683,-0.0420783692958366,0.0478670080915918,CLE,-3,69.0,29.431985761505214,0.38461538461538464
2022,5,2022_05_ATL_TB,ATL,62,35.0,27.136363636363637,-0.027914087772369412,0.083052325473614,57.75,31.942261904761907,-0.06291266652247726,0.045073050498258035,TB,0,60.25,31.319619637328614,0.5645161290322581
2022,6,2022_06_SF_ATL,ATL,56,17.0,32.03703703703704,-0.2107782686750094,0.12233446610272457,55.75,30.360281385281382,-0.06948094308648897,0.0720269268937829,SF,0,57.5,29.313515406162463,0.30357142857142855
2022,7,2022_07_ATL_CIN,ATL,45,19.0,40.75,-0.008488374948501506,0.014753206197767632,55.5,30.262397787397788,-0.09523640087353911,0.14041122608318674,CIN,0,59.25,27.47435025146422,0.4222222222222222
2022,8,2022_08_CAR_ATL,ATL,66,31.0,37.0,-0.12108371234857113,0.03504380476397612,53.75,32.64156445406445,-0.09314907239956989,0.06420779387309074,CAR,0,52.75,28.155183946488293,0.4696969696969697
2022,9,2022_09_LAC_ATL,ATL,60,27.0,30.235294117647058,-0.10018802705136215,0.000136857279708232,57.25,34.230850168350166,-0.09206611093611286,0.06379595063452058,LAC,-7,70.5,25.7368757809969,0.45
2022,10,2022_10_ATL_CAR,ATL,59,36.0,27.75,-0.2767347810061083,-0.11147119090507623,56.75,35.00558278867103,-0.11013459575586104,0.043067083586044136,CAR,0,53.75,28.6380841543885,0.6101694915254238
2022,11,2022_11_CHI_ATL,ATL,48,22.0,26.310344827586206,-0.054326444864273085,-0.012924427887807538,57.5,33.93382352941177,-0.12662372383863577,-0.015384330665906061,CHI,3,67.5,30.043385536032595,0.4583333333333333
2022,12,2022_12_ATL_WAS,ATL,55,26.0,29.61111111111111,-0.13848723754996342,0.018130561716223716,58.25,30.323909736308316,-0.13808324131757868,-0.022303739187299852,WAS,0,66.25,30.01036181342633,0.4727272727272727
2022,13,2022_13_PIT_ATL,ATL,53,25.0,24.6,-0.056733718940189935,-0.008778206210494964,55.5,28.476687514086095,-0.14243412261792676,-0.026532049949237954,PIT,1,70.75,28.417738076863714,0.4716981132075472
2022,15,2022_15_ATL_NO,ATL,70,35.0,22.555555555555557,-0.1637977009469814,-0.004373359138077306,53.75,27.06786398467433,-0.1315705455901337,-0.028760815821788754,NO,1,52.0,27.61522657450077,0.5
2022,16,2022_16_ATL_BAL,ATL,68,37.0,30.157894736842106,-0.11005660823800353,-0.14873552513133723,56.5,25.76925287356322,-0.10333627557535197,-0.001986357880039023,BAL,-1,63.5,29.834049927037732,0.5441176470588235
2022,17,2022_17_ARI_ATL,ATL,60,29.0,33.121212121212125,-0.09976787262019657,-0.07777606811963335,61.5,26.731140350877197,-0.11726881641878459,-0.035939132190921444,ARI,1,66.5,25.449177569742083,0.48333333333333334
2022,18,2022_18_TB_ATL,ATL,67,34.0,30.22222222222222,-0.12478758328490781,0.05213676512492641,62.75,27.60866560340245,-0.10758897518634286,-0.05991578964988571,TB,0,74.0,27.598426871847924,0.5074626865671642
2023,3,2023_03_ATL_DET,ATL,65,46.0,32.10526315789474,-0.06984147056937219,-0.33641494566402563,62.0,26.71840242669363,-0.10437793830499292,0.0038539117018756563,DET,0,65.0,31.733699633699633,0.7076923076923077
2023,4,2023_04_ATL_JAX,ATL,57,36.0,33.06666666666667,0.02994541327158604,-0.3004076098594322,63.0,28.514022670427334,-0.09286578239311934,-0.10956904075342477,JAX,0,67.0,29.934556087187662,0.631578947368421
2023,5,2023_05_HOU_ATL,ATL,73,40.0,31.4390243902439,-0.0906588996157927,-0.010112902214318315,61.5,29.652183669487165,-0.062162983476943,-0.15727868302992665,HOU,0,67.5,27.9566251596424,0.547945205479452
2023,6,2023_06_WAS_ATL,ATL,79,51.0,28.70967741935484,0.015261345948928496,-0.17202877530060398,68.0,30.57715715835249,-0.05270608516373475,-0.1329653058689389,WAS,-3,65.0,30.41898148148148,0.6455696202531646
2023,7,2023_07_ATL_TB,ATL,64,28.0,28.78048780487805,-0.09047943956040322,-0.047359509691057365,68.5,31.330157908540038,-0.028823402741162588,-0.20474105825959504,TB,0,57.5,27.333730153893242,0.4375
2023,8,2023_08_ATL_TEN,ATL,65,43.0,25.48,0.031246386468410447,-0.050124841044132944,68.25,30.498964070285865,-0.03398289498892035,-0.13247719926635296,TEN,-7,52.0,27.82459150326797,0.6615384615384615
2023,9,2023_09_MIN_ATL,ATL,66,41.0,27.5,0.055668473970599236,-0.11742127976120363,70.25,28.6022974036192,-0.03365765168971424,-0.06990650706252816,MIN,0,63.0,27.12333333333333,0.6212121212121212
2023,10,2023_10_ATL_ARI,ATL,65,28.0,29.666666666666668,-0.16711948953923725,-0.03175243972505534,68.5,27.61754130605822,0.002924191706883742,-0.09673360144924947,ARI,0,63.75,29.16742424242424,0.4307692307692308
2023,12,2023_12_NO_ATL,ATL,61,24.0,29.147058823529413,-0.13235595038062653,0.05104963398402174,65.0,27.85678861788618,-0.04267101716515769,-0.06166451755536232,NO,0,69.25,29.73330627705628,0.39344262295081966
2023,13,2023_13_ATL_NYJ,ATL,63,30.0,29.43243243243243,-0.17270096832392168,-0.22768282893642083,64.25,27.94843137254902,-0.05314014487021352,-0.037062231636592544,NYJ,-2,62.5,26.002035440613028,0.47619047619047616
2023,14,2023_14_TB_ATL,ATL,69,45.0,25.97142857142857,0.03378388153182136,-0.015681928912350953,63.75,28.936539480657128,-0.10412698356829655,-0.08145172860966451,TB,0,59.5,28.70619708067113,0.6521739130434783
2023,15,2023_15_ATL_CAR,ATL,50,21.0,31.5625,-0.22388503719598823,-0.30273039171239374,64.5,28.554396623514272,-0.10959813167799103,-0.05601689089745134,CAR,0,68.5,29.574293876854853,0.42
2023,16,2023_16_IND_ATL,ATL,63,34.0,27.103448275862068,0.05121297489952392,0.13086961448151904,60.75,29.028354956847608,-0.12378951859217877,-0.12376137889428594,IND,-1,65.25,26.09097222222222,0.5396825396825397
2023,17,2023_17_ATL_CHI,ATL,59,39.0,32.61538461538461,-0.020670801401138247,-0.07273240969459105,61.25,28.51745231993077,-0.07789728727214115,-0.10380638376991164,CHI,0,66.75,28.784463481338484,0.6610169491525424
2023,18,2023_18_ATL_NO,ATL,60,36.0,24.73913043478261,-0.06954472611347838,-0.3000348373729667,60.25,29.313190365668813,-0.039889745541445296,-0.06506877895945418,NO,0,57.5,31.658915045056812,0.6
2024,3,2024_03_KC_ATL,ATL,55,31.0,30.2,-0.038532422184944216,-0.09951051042494875,53.0,27.546987087517934,-0.11472588652825874,-0.0998396383662764,KC,-1,54.5,28.784922394678492,0.5636363636363636
2024,4,2024_04_NO_ATL,ATL,51,36.0,22.90625,0.113638657170373,0.01969693575072148,53.666666666666664,28.431324725011958,-0.08932806508048724,-0.09972992905250051,NO,0,56.666666666666664,33.79012345679013,0.7058823529411765
2024,5,2024_05_TB_ATL,ATL,79,61.0,25.31111111111111,0.087386656138632,0.23220593246419632,53.0,27.050056043758968,-0.03858638451777218,-0.06987321285169502,TB,0,58.5,33.32785209959123,0.7721518987341772
2024,6,2024_06_ATL_CAR,ATL,65,30.0,25.0,-0.00023573677282079524,0.27975168882516777,60.5,26.561657350948508,0.012567751291404309,0.07602452827277842,CAR,3,60.5,32.83825757575758,0.46153846153846156
2024,7,2024_07_SEA_ATL,ATL,70,39.0,28.5,-0.10157628428368341,-0.09877075560005125,62.5,25.854340277777776,0.04056428858781,0.1080360116537842,SEA,-3,66.75,25.583333333333332,0.5571428571428572
2024,8,2024_08_ATL_TB,ATL,60,32.0,25.852941176470587,-0.01759069040417664,0.2599835265407366,66.25,25.429340277777776,0.024803323063125198,0.10822095036000859,TB,1,68.75,31.28715730817024,0.5333333333333333
2024,9,2024_09_DAL_ATL,ATL,54,27.0,31.266666666666666,-0.07948053605628745,0.10899376716433716,68.5,26.166013071895424,-0.008004013830512212,0.16829259805751234,DAL,0,62.0,27.347417999457846,0.5
2024,10,2024_10_ATL_NO,ATL,73,41.0,27.9,-0.13038252474683706,0.0737384612425201,62.25,27.654901960784315,-0.04972081187924207,0.13748955673254756,NO,0,68.5,24.59126984126984,0.5616438356164384
2024,11,2024_11_ATL_DEN,ATL,55,34.0,32.05555555555556,0.038926003944306134,-0.27390878263394325,64.25,28.379901960784313,-0.08225750887274615,0.08598624983688564,DEN,0,63.0,28.063762082027168,0.6181818181818182
2024,13,2024_13_LAC_ATL,ATL,77,40.0,28.80952380952381,-0.09527915744286664,-0.23777067035088426,60.5,29.268790849673202,-0.04713193681574876,0.04220174307841265,LAC,8,57.75,33.22847833170414,0.5194805194805194
2024,14,2024_14_ATL_MIN,ATL,71,38.0,29.354166666666668,-0.11334381885123702,0.09990188977755854,64.75,30.007936507936506,-0.06655405357542125,-0.08223680614449258,MIN,0,65.25,27.28287185354691,0.5352112676056338
2024,15,2024_15_ATL_LV,ATL,57,21.0,31.863636363636363,-0.15002015765224197,-0.20984076669696738,69.0,29.529811507936508,-0.07501987427415865,-0.08450977549118724,LV,0,65.25,27.701516717921876,0.3684210526315789
2024,16,2024_16_NYG_ATL,ATL,63,29.0,28.347826086956523,-0.0763690178947789,0.07985300713116615,65.0,30.5207205988456,-0.07992928250050987,-0.1554045824760591,NYG,-1,61.75,28.23966165413534,0.4603174603174603
2024,17,2024_17_ATL_WAS,ATL,60,38.0,27.40625,-0.04662192975863424,0.06587515463216219,67.0,29.59378823169584,-0.10875303796028113,-0.06696413503478175,WAS,0,70.25,26.5625,0.6333333333333333
2024,18,2024_18_CAR_ATL,ATL,77,40.0,24.510204081632654,-0.051400575312701126,0.2923084303230991,62.75,29.24296977931489,-0.09658873103922304,0.00894732121097986,CAR,0,57.0,29.954161176987263,0.5194805194805194
2025,3,2025_03_ATL_CAR,ATL,66,45.0,30.0625,0.0348974297875944,-0.3391001895957404,66.0,27.822610294117645,-0.0642896372056197,0.013248526768037467,CAR,0,69.0,31.067460317460316,0.6818181818181818
2025,4,2025_04_WAS_ATL,ATL,61,28.0,28.066666666666666,-0.054829924493222576,0.26732504169994287,66.0,28.56924019607843,-0.031227281541215,-0.10420104535322182,WAS,0,60.0,29.475524475524477,0.45901639344262296
2025,6,2025_06_BUF_ATL,ATL,65,35.0,29.0625,-0.09902724339848469,0.0667959427191864,64.75,28.44359681372549,-0.0371279422792169,-0.011319523589930644,BUF,7,59.75,30.531083540115795,0.5384615384615384
2025,7,2025_07_ATL_SF,ATL,60,42.0,25.105263157894736,0.06789923494770413,-0.11414267221860133,63.5,29.21703431372549,-0.06372134194203699,-0.008397683456417206,SF,-1,68.25,25.70399847899848,0.7
2025,8,2025_08_MIA_ATL,ATL,48,32.0,33.15384615384615,-0.12599863199626704,-0.34104173670715393,63.0,28.07423245614035,-0.012765125789102185,-0.02978046934880311,MIA,0,55.5,29.566780303030303,0.6666666666666666
2025,9,2025_09_ATL_NE,ATL,54,40.0,28.8,0.19819985330104836,0.06972141226584232,58.5,28.84706899460189,-0.052989141235067545,-0.03026585612665649,NE,0,59.0,29.30738416988417,0.7407407407407407
2025,10,2025_10_ATL_IND,ATL,60,32.0,24.75862068965517,-0.04418506962912422,-0.06675310395738161,56.75,29.030402327935224,0.01026830321350019,-0.07966676348518163,IND,0,59.0,28.00889375445827,0.5333333333333333
2025,11,2025_11_CAR_ATL,ATL,58,31.0,31.185185185185187,-0.07971125934273002,0.12681769830328787,55.5,27.954432500349014,0.02397884665584031,-0.11305402515432364,CAR,0,57.75,30.546460016919344,0.5344827586206896
2025,12,2025_12_ATL_NO,ATL,54,26.0,27.666666666666668,-0.09080169545976745,-0.11221282572562637,55.0,29.47441300717163,-0.012923776916768229,-0.05281393252385134,NO,-7,56.5,27.20966819221968,0.48148148148148145
2025,13,2025_13_ATL_NYJ,ATL,67,35.0,28.4,-0.13282910551664964,0.17422654433470738,56.5,28.10261813537676,-0.0041245427826433305,0.004393295221530553,NYJ,0,57.25,30.930944055944053,0.5223880597014925
2025,14,2025_14_SEA_ATL,ATL,62,31.0,31.483870967741936,-0.14487531545915092,-0.3560154553699082,59.75,28.002618135376757,-0.08688178248706782,0.03051957823874682,SEA,0,60.25,29.466964285714287,0.5
2025,15,2025_15_ATL_TB,ATL,67,46.0,25.285714285714285,0.02891390904402126,0.21736155416853292,60.25,29.683930704898447,-0.11205434394457452,-0.04179600961438483,TB,0,64.75,29.18706148187856,0.6865671641791045
2025,16,2025_16_ATL_ARI,ATL,71,36.0,28.0,-0.05788571691071542,0.053032834304417804,62.5,28.209062980030723,-0.0848980518478867,-0.019160045648073568,ARI,3,65.25,27.95752525252525,0.5070422535211268
2025,17,2025_17_LA_ATL,ATL,53,20.0,30.263157894736842,-0.14171802500883732,0.11564380927349685,66.75,28.29239631336406,-0.07666905721062368,0.022151369359437477,LA,-3,67.75,28.976575555780627,0.37735849056603776
2025,18,2025_18_NO_ATL,ATL,58,36.0,25.848484848484848,-0.07066049315035342,-0.24802168146832385,63.25,28.758185787048266,-0.0788912870836706,0.0075056855941348435,NO,-1,60.5,27.653435693758276,0.6206896551724138
2022,3,2022_03_BAL_NE,BAL,56,34.0,33.13793103448276,0.03472117409110066,0.22223062584026193,52.5,31.475,0.006951104601224223,0.16120626565466,NE,0,58.0,30.648809523809526,0.6071428571428571
2022,4,2022_04_BUF_BAL,BAL,63,38.0,36.5,-0.02720978288423453,-0.040964667533046735,53.666666666666664,32.029310344827586,0.016207794431183035,0.18154771904986067,BUF,0,69.66666666666667,32.43474842767296,0.6031746031746031
2022,5,2022_05_CIN_BAL,BAL,60,35.0,28.066666666666666,0.054349651060453294,-0.04439922514955976,56.0,33.146982758620695,0.005353400102328644,0.1259196224041338,CIN,-3,71.5,30.684487336601308,0.5833333333333334
2022,6,2022_06_BAL_NYG,BAL,58,36.0,27.676470588235293,-5.843728146653077e-05,0.12312934553408338,58.25,32.60114942528736,0.003288420807877359,0.10105632565307987,NYG,0,63.0,29.231338805683563,0.6206896551724138
2022,7,2022_07_CLE_BAL,BAL,62,21.0,33.523809523809526,-0.21100858878344303,-0.07219662671406855,59.25,31.345267072346182,0.015450651246463222,0.0649990196729347,CLE,0,68.75,27.003337604424562,0.3387096774193548
2022,8,2022_08_BAL_TB,BAL,71,42.0,31.0,0.020494910185797157,0.1426750638188536,60.75,31.44173669467787,-0.0459817894721727,-0.008607793465647919,TB,0,66.5,29.249134199134197,0.5915492957746479
2022,9,2022_09_BAL_NO,BAL,65,25.0,36.04545454545455,-0.06961796113422938,0.158030225010368,62.75,30.06673669467787,-0.034055616204664775,0.03730213937232716,NO,3,68.5,31.05715556373451,0.38461538461538464
2022,11,2022_11_CAR_BAL,BAL,65,37.0,25.714285714285715,-0.03908312515072199,-0.1181278384745608,64.0,32.061433664374846,-0.06504751925333543,0.0879095019123091,CAR,3,59.0,28.378573284823286,0.5692307692307692
2022,12,2022_12_BAL_JAX,BAL,68,38.0,30.902439024390244,0.018012734199011775,0.1118688685352272,65.75,31.570887445887443,-0.07480369122064931,0.027595205910148055,JAX,-7,64.5,27.883241369552916,0.5588235294117647
2022,13,2022_13_DEN_BAL,BAL,68,46.0,28.13888888888889,0.008495322682640756,-0.14085627170465623,67.25,30.915544821032626,-0.017548360475035607,0.073611579722472,DEN,0,62.75,26.172093759898637,0.6764705882352942
2022,14,2022_14_BAL_PIT,BAL,57,23.0,32.833333333333336,-0.08378749500427929,0.05031072018024588,66.5,30.200267043254847,-0.02054825735082471,0.0027287458415945418,PIT,0,69.25,27.700550576863712,0.40350877192982454
2022,15,2022_15_BAL_CLE,BAL,61,35.0,27.46153846153846,-0.1947623958190282,-0.2221170172547511,64.5,29.397236740224546,-0.024090640818337186,-0.02420113036593599,CLE,0,67.25,30.64848484848485,0.5737704918032787
2022,16,2022_16_ATL_BAL,BAL,49,18.0,31.05,-0.20328642771794259,0.012529911795978937,63.5,29.834049927037732,-0.06301045848541374,-0.05019842506098357,ATL,1,56.5,25.76925287356322,0.3673469387755102
2022,17,2022_17_PIT_BAL,BAL,49,24.0,28.72,-0.23446036827179698,0.0013348012406265957,58.75,29.870940170940173,-0.11833524896465233,-0.07503316424579563,PIT,0,62.5,31.47377888655462,0.4897959183673469
2022,18,2022_18_BAL_CIN,BAL,73,46.0,22.25,0.039565116167068606,-0.31929797612227495,54.0,30.01621794871795,-0.17907417170326176,-0.03948539600947493,CIN,1,65.25,27.0741394634777,0.6301369863013698
2023,3,2023_03_IND_BAL,BAL,72,40.0,31.258064516129032,-0.08519085706808623,-0.14479479642370008,64.0,27.155573376102645,0.036754995205216294,0.09350663542477777,IND,0,62.5,27.291596638655463,0.5555555555555556
2023,4,2023_04_BAL_CLE,BAL,55,26.0,28.736842105263158,-0.13717829144519314,0.03499265259597485,66.66666666666667,28.52307042277811,-0.0038936222192178793,0.01407282480861849,CLE,0,74.33333333333333,28.939709595959595,0.4727272727272727
2023,5,2023_05_BAL_PIT,BAL,67,45.0,28.0,0.04587607967610262,-0.22795378536250988,63.75,28.57651334339937,-0.037214789525711695,0.01930278175545758,PIT,0,56.5,28.771385732323232,0.6716417910447762
2023,6,2023_06_BAL_TEN,BAL,69,37.0,32.588235294117645,-0.05778265305054499,0.02258486311927782,65.75,28.516168515813163,-0.028600781252171418,-0.024094518553717692,TEN,0,56.25,28.14812091503268,0.5362318840579711
2023,7,2023_07_DET_BAL,BAL,54,33.0,34.75,0.18533280243476238,0.4732300015962404,65.75,30.14578547887746,-0.05856893047193043,-0.07879276651773932,DET,0,64.5,28.5640406162465,0.6111111111111112
2023,8,2023_08_BAL_ARI,BAL,59,32.0,27.838709677419356,0.06852823260583374,0.03310078718347258,61.25,31.0187693498452,0.009061984403781712,0.0757134329872458,ARI,0,65.0,28.311381847319346,0.5423728813559322
2023,9,2023_09_SEA_BAL,BAL,72,37.0,27.647058823529413,0.01106034286997535,0.19018535696173647,62.25,30.794236242884253,0.06048861541653844,0.07524046663412023,SEA,0,57.75,27.116875,0.5138888888888888
2023,10,2023_10_CLE_BAL,BAL,50,30.0,25.0,0.18284445007642133,-0.16973024622484403,63.5,30.706000948766604,0.051784681215006616,0.1797752522151818,CLE,0,71.0,28.4510062010062,0.6
2023,11,2023_11_CIN_BAL,BAL,60,33.0,25.04,0.058821155223995454,0.17070736318432217,58.75,28.80894212523719,0.1119414569967482,0.13169647487915137,CIN,0,59.0,30.298904428904425,0.55
2023,12,2023_12_BAL_LAC,BAL,67,36.0,30.64864864864865,-0.02014851570129398,0.026649798789713575,60.25,26.381442125237193,0.08031354519405648,0.05606581527617179,LAC,3,62.25,28.84027777777778,0.5373134328358209
2023,14,2023_14_LA_BAL,BAL,71,54.0,23.085714285714285,0.04445701702074579,0.16838502976748426,62.25,27.083926868044514,0.058144358117274544,0.054453068177732045,LA,7,60.0,26.530786567500563,0.7605633802816901
2023,15,2023_15_BAL_JAX,BAL,69,31.0,28.0,-0.0057882469147443796,0.02611478036172046,62.0,25.943590733590735,0.06649352665496715,0.049002986379168986,JAX,0,69.75,28.80162456882163,0.4492753623188406
2023,16,2023_16_BAL_SF,BAL,62,39.0,22.416666666666668,0.12347532263616239,0.06304676072558883,66.75,26.693590733590735,0.01933535240717572,0.09796424302581011,SF,0,55.5,29.852554112554113,0.6290322580645161
2023,17,2023_17_MIA_BAL,BAL,53,26.0,34.5,0.07641039111397487,0.6068663599951423,67.25,26.037757400257398,0.035498894260217455,0.07104909241112678,MIA,-1,61.25,32.86496212121212,0.49056603773584906
2023,18,2023_18_PIT_BAL,BAL,56,38.0,31.884615384615383,-0.026245276717578675,-0.2867934383090394,63.75,27.000595238095237,0.05963862096403466,0.21610323271248394,PIT,0,62.0,33.80222222222222,0.6785714285714286
2024,3,2024_03_BAL_DAL,BAL,58,17.0,36.81818181818182,-0.211696173463549,0.3734555281508296,67.5,28.48435972629521,-0.04905947030281013,0.03490281952639129,DAL,0,62.0,29.464285714285715,0.29310344827586204
2024,4,2024_04_BUF_BAL,BAL,54,21.0,36.833333333333336,0.08297327988677577,0.293669261666192,64.33333333333333,31.262300423590744,-0.10327170468972309,0.14775372240120407,BUF,1,52.666666666666664,29.736601307189545,0.3888888888888889
2024,5,2024_05_BAL_CIN,BAL,76,47.0,30.689655172413794,-0.04025185892456456,0.2904486013039307,61.75,32.655058651026394,-0.05671045854559837,0.18423260721745105,CIN,0,58.0,27.60646712158809,0.618421052631579
2024,6,2024_06_WAS_BAL,BAL,63,30.0,25.11764705882353,-0.06481922240484331,0.16918393421624733,62.25,33.45650470219436,-0.05710152738611697,0.23668243229308397,WAS,0,63.75,30.761679515892844,0.47619047619047616
2024,7,2024_07_BAL_TB,BAL,54,27.0,24.375,0.06633683114216248,0.4721303591944564,62.75,32.36470434568812,-0.05844849372654527,0.2816893313342999,TB,0,63.0,30.058230105105103,0.5
2024,8,2024_08_BAL_CLE,BAL,60,41.0,28.696969696969695,0.0652963452433285,0.09718478239354343,61.75,29.253908891142665,0.011059757424882594,0.3063580390952066,CLE,-1,61.5,26.819725125822686,0.6833333333333333
2024,9,2024_09_DEN_BAL,BAL,53,22.0,33.53846153846154,-0.06524192355573188,0.4155760152530663,63.25,27.219817982051755,0.006640523764020776,0.25723691927704445,DEN,0,59.5,26.78812550795309,0.41509433962264153
2024,10,2024_10_CIN_BAL,BAL,58,36.0,25.38888888888889,-0.008878948688507039,0.3220503245245041,57.5,27.932019573563693,0.0003930076062289428,0.28851877276432836,CIN,0,56.5,30.779658513529483,0.6206896551724138
2024,11,2024_11_BAL_PIT,BAL,54,36.0,25.34285714285714,-0.04118186090050671,-0.10600444784829544,56.25,27.99983003108003,0.01437807603531301,0.32673537034139255,PIT,3,65.0,27.013506746784735,0.6666666666666666
2024,12,2024_12_BAL_LAC,BAL,59,24.0,31.470588235294116,-0.1645865136757493,0.3251611416574625,56.25,28.241794316794316,-0.012501596975354287,0.18220166858070463,LAC,0,58.5,32.75633038161501,0.4067796610169492
2024,13,2024_13_PHI_BAL,BAL,71,44.0,29.651162790697676,-0.08027276458839573,-0.0017640556218814407,56.0,28.935198951375423,-0.06997231170512375,0.2391957583966844,PHI,-1,68.0,27.509418004718757,0.6197183098591549
2024,15,2024_15_BAL_NYG,BAL,58,29.0,27.571428571428573,-0.07668003439903266,0.44326374318615297,60.5,27.963374264434457,-0.0737300219632897,0.13486074067794745,NYG,7,64.75,28.5625,0.5
2024,16,2024_16_PIT_BAL,BAL,59,25.0,29.852941176470587,-0.0748368643579029,0.17810179664736028,60.5,28.509009185069374,-0.09068029339092111,0.16516409534335966,PIT,0,58.25,27.32459967792785,0.423728813559322
2024,17,2024_17_BAL_HOU,BAL,61,20.0,36.85,-0.20475600004196173,0.3110871891493904,61.75,29.636530193472737,-0.09909404425527016,0.23619065646727358,HOU,0,54.0,29.68934173669468,0.32786885245901637
2024,18,2024_18_CLE_BAL,BAL,66,37.0,31.2,-0.043189187844594266,0.1576147636484221,62.25,30.981383134649207,-0.10913641584682326,0.23267216834025553,CLE,4,66.75,27.686288321814637,0.5606060606060606
2025,3,2025_03_DET_BAL,BAL,55,39.0,29.733333333333334,0.0684984641415733,0.0682274865596522,50.0,32.338095238095235,-0.10345633565806428,0.25530377683393723,DET,0,61.0,30.675,0.7090909090909091
2025,4,2025_04_BAL_KC,BAL,53,40.0,25.454545454545453,0.15342948488567207,-0.06252122664137559,51.666666666666664,31.46984126984127,-0.04613806905818509,0.19294501340917555,KC,-1,59.666666666666664,28.966280566280563,0.7547169811320755
2025,5,2025_05_HOU_BAL,BAL,40,21.0,29.142857142857142,-0.1627094021865301,-0.33574280385889493,52.0,29.966017316017314,0.0037538194277792064,0.12907845339653778,HOU,0,56.5,29.285986642667677,0.525
2025,6,2025_06_LA_BAL,BAL,74,39.0,26.1,-0.2185788956042883,-0.33207327289524924,49.5,29.382683982683982,0.013147241831612547,-0.05128192220521946,LA,-3,63.0,28.683096444319354,0.527027027027027
2025,8,2025_08_CHI_BAL,BAL,59,25.0,29.071428571428573,-0.08367162942886355,0.21501733361346984,55.5,27.60768398268398,-0.039840087190893256,-0.1655274542089669,CHI,7,60.75,27.030778984726354,0.423728813559322
2025,9,2025_09_BAL_MIA,BAL,54,27.0,28.823529411764707,0.010673311494645614,0.21235004634945628,56.5,27.442207792207796,-0.07788261058350246,-0.1288299924455125,MIA,0,57.75,29.56041666666667,0.5
2025,10,2025_10_BAL_MIN,BAL,66,34.0,25.64864864864865,-0.021822487545567947,-0.004003643395188827,56.75,28.284453781512603,-0.11357165393125909,-0.06011217419780451,MIN,3,57.25,27.86214627896613,0.5151515151515151
2025,11,2025_11_BAL_CLE,BAL,58,31.0,28.805555555555557,-0.060725468882294596,-0.08832955886674108,63.25,27.41090165796048,-0.07834992527101856,0.022822615918122013,CLE,0,62.5,25.22241379310345,0.5344827586206896
2025,12,2025_12_NYJ_BAL,BAL,56,29.0,30.93103448275862,-0.051071735000924,-0.04953882377230075,59.25,28.087290546849374,-0.03888656859052012,0.08375854442524905,NYJ,-3,58.0,28.8781185031185,0.5178571428571429
2025,13,2025_13_CIN_BAL,BAL,56,38.0,22.74074074074074,0.06426446735858923,-0.34010369241566124,58.5,28.55219202468188,-0.03073659498353523,0.017619505078806406,CIN,0,61.75,27.97878607964925,0.6785714285714286
2025,14,2025_14_PIT_BAL,BAL,75,40.0,28.0,-0.18446399165051328,0.013068931791815933,59.0,27.031494856925892,-0.01733880601754933,-0.12049392961247297,PIT,3,55.25,29.217532467532465,0.5333333333333333
2025,15,2025_15_BAL_CIN,BAL,37,18.0,30.294117647058822,-0.09213561496951357,0.20745223124759096,61.25,27.619332694763727,-0.05799918204378566,-0.11622578581572178,CIN,0,65.25,27.010729291716686,0.4864864864864865
2025,16,2025_16_NE_BAL,BAL,53,22.0,30.806451612903224,-0.21568462774157524,0.10519732781124118,56.0,27.991473217639548,-0.0658517185655904,-0.04228033828713877,NE,0,59.5,28.978867623604465,0.41509433962264153
2025,17,2025_17_BAL_GB,BAL,73,24.0,31.342105263157894,-0.1301908311320514,0.36709921372491167,55.25,27.960327500175698,-0.10700494175075322,-0.003596300391253294,GB,-1,59.75,28.28102571770335,0.3287671232876712
2025,18,2025_18_BAL_PIT,BAL,47,21.0,28.387096774193548,-0.3017889861431386,0.1387455209383747,59.5,30.110668630779983,-0.15561876637341338,0.17320442614388992,PIT,1,61.25,29.831839826839825,0.44680851063829785
2022,3,2022_03_BUF_MIA,BUF,89,70.0,29.67924528301887,0.1682327115346515,0.10848552404572073,60.0,33.8125,0.17186010085306194,0.20076202923301542,MIA,-1,63.0,35.49107142857143,0.7865168539325843
2022,4,2022_04_BUF_BAL,BUF,60,42.0,25.04,0.06769740912649365,0.02515695476187466,69.66666666666667,32.43474842767296,0.17065097108025848,0.17000319417058385,BAL,0,53.666666666666664,32.029310344827586,0.7
2022,5,2022_05_PIT_BUF,BUF,51,39.0,25.0,0.10665158004987797,0.4031078061756917,67.25,30.586061320754716,0.14491258059181725,0.13379163431840657,PIT,0,58.25,30.25111737677527,0.7647058823529411
2022,6,2022_06_BUF_KC,BUF,70,44.0,30.186046511627907,0.07666698156618602,0.11995593969191773,65.75,27.586061320754716,0.1415681192163555,0.1907317084541592,KC,1,64.75,27.540920115943774,0.6285714285714286
2022,8,2022_08_GB_BUF,BUF,53,30.0,33.916666666666664,-0.0727434563967916,0.12410890126609278,67.5,27.476322948661693,0.10481217056930228,0.1641765561688012,GB,7,61.75,26.78363997113997,0.5660377358490566
2022,9,2022_09_BUF_NYJ,BUF,61,42.0,26.941176470588236,0.04491771393352085,-0.02385302952604769,58.5,28.535678294573643,0.04456812858644151,0.16808240047389422,NYJ,0,53.25,28.28928246484698,0.6885245901639344
2022,10,2022_10_MIN_BUF,BUF,72,50.0,28.90909090909091,-0.006353443419491777,-0.0572795513113602,58.75,29.010972412220703,0.03887320478819831,0.15582990440191363,MIN,0,63.5,29.036025345622118,0.6944444444444444
2022,11,2022_11_CLE_BUF,BUF,62,30.0,21.393939393939394,-0.07145865261554712,0.11518620952106141,64.0,29.98824513949343,0.010621948920855868,0.04073306503015066,CLE,0,63.0,29.20108865250633,0.4838709677419355
2022,12,2022_12_BUF_DET,BUF,74,50.0,25.953488372093023,0.05986188564981734,0.09993126165720824,62.0,27.790218360071304,-0.02640945962457742,0.039540632487436576,DET,0,58.0,25.567291439122066,0.6756756756756757
2022,13,2022_13_BUF_NE,BUF,68,37.0,30.862068965517242,-0.10740677470510654,0.1697884276826469,67.25,25.79942378642789,0.006741875887074814,0.03349622258521544,NE,0,61.5,29.92852642108737,0.5441176470588235
2022,14,2022_14_NYJ_BUF,BUF,53,33.0,24.321428571428573,0.0355797285834948,-0.10415163203138267,69.0,26.779646910160142,-0.031339246272582034,0.08190658688738908,NYJ,3,63.0,27.27459975369458,0.6226415094339622
2022,15,2022_15_MIA_BUF,BUF,71,43.0,22.5,0.07875118534202154,0.19276536844976702,64.25,25.632731325744558,-0.02085595327183539,0.07018856670738347,MIA,0,56.5,25.223151244890374,0.6056338028169014
2022,16,2022_16_BUF_CHI,BUF,59,32.0,25.551724137931036,-0.006959511953241763,0.21708589818741014,66.5,25.909246477259707,0.016696506217556775,0.08958335643955986,CHI,1,56.75,30.288988095238096,0.5423728813559322
2022,18,2022_18_NE_BUF,BUF,55,36.0,25.216216216216218,0.06903828307986254,0.09968469035811753,62.75,25.808805418719214,-8.843183208001853e-06,0.11887201557211036,NE,-1,56.0,25.669638694638696,0.6545454545454545
2023,3,2023_03_BUF_WAS,BUF,63,35.0,30.7,-0.00040902137756338385,0.21725666499612656,69.5,33.22794117647059,0.04335903489600601,0.1195364423101227,WAS,0,66.0,26.617724867724867,0.5555555555555556
2023,4,2023_04_MIA_BUF,BUF,52,29.0,32.73076923076923,0.06219134556836093,0.43697123085543804,67.33333333333333,32.38529411764706,0.028769682804816215,0.15210984987212398,MIA,0,64.33333333333333,30.474999999999998,0.5576923076923077
2023,5,2023_05_JAX_BUF,BUF,54,43.0,27.46153846153846,0.09473456705317776,0.18866958356321437,63.5,32.4716628959276,0.03712509849570239,0.2233251951179525,JAX,0,65.5,31.171505300684867,0.7962962962962963
2023,6,2023_06_NYG_BUF,BUF,59,32.0,32.27777777777778,-0.059439325055410684,-0.017308061093822692,60.25,30.910576923076924,0.03909119117905641,0.28743800840240663,NYG,0,64.0,31.460416666666667,0.5423728813559322
2023,7,2023_07_BUF_NE,BUF,66,46.0,31.379310344827587,0.03086827322840683,0.15896141295462302,57.0,30.792521367521367,0.024269391547141153,0.20639735458023908,NE,0,57.5,29.421825396825398,0.696969696969697
2023,8,2023_08_TB_BUF,BUF,67,45.0,31.46153846153846,0.10287787291136655,0.09943383593787652,57.75,30.962348953728263,0.03208871519863371,0.1918235415698632,TB,0,57.0,26.443486251454217,0.6716417910447762
2023,9,2023_09_BUF_CIN,BUF,56,45.0,25.076923076923077,0.18535408750176435,0.04206963807684406,61.5,30.645041261420573,0.04226034703438511,0.1074391928404728,CIN,3,60.25,29.49519462585558,0.8035714285714286
2023,10,2023_10_DEN_BUF,BUF,53,28.0,27.333333333333332,-0.07785404808819295,-0.06321615949937312,62.0,30.048887415266726,0.06491522714653175,0.07078920646888023,DEN,-7,56.75,31.849423724423723,0.5283018867924528
2023,11,2023_11_NYJ_BUF,BUF,69,35.0,25.88888888888889,0.09458043745585847,0.09407515487065364,60.5,28.812776304155612,0.06031154638833619,0.059312181867492625,NYJ,-1,64.75,25.56364512722271,0.5072463768115942
2023,12,2023_12_BUF_PHI,BUF,91,57.0,25.708333333333332,-0.007638451038745407,0.16537280363350382,61.25,27.44017094017094,0.0762395874451991,0.04309061734650027,PHI,1,58.75,31.42708857047092,0.6263736263736264
2023,14,2023_14_BUF_KC,BUF,70,48.0,25.40625,0.10264800563454626,0.018064603047459066,67.25,26.001869658119656,0.04861050645767111,0.059575359270407094,KC,7,60.75,29.79681324110672,0.6857142857142857
2023,15,2023_15_DAL_BUF,BUF,62,19.0,27.555555555555557,-0.08517588480659154,0.18652302219143793,70.75,26.08420138888889,0.027933985990866585,0.05357410051306085,DAL,0,67.0,25.830721153846156,0.3064516129032258
2023,16,2023_16_BUF_LAC,BUF,52,23.0,33.55555555555556,-0.15269008278846746,0.06887286251368126,73.0,26.139756944444446,0.026103526811266934,0.1160088959357636,LAC,-3,63.75,28.01116616918028,0.4423076923076923
2023,17,2023_17_NE_BUF,BUF,66,34.0,25.73076923076923,-0.012153610184385894,-0.06537826248180931,68.75,28.05642361111111,-0.03571410324981454,0.10970832284652052,NE,1,55.75,30.730985691573927,0.5151515151515151
2023,18,2023_18_BUF_MIA,BUF,75,45.0,29.653061224489797,0.00040600502065245666,0.0740854329103606,62.5,28.062032585470085,-0.036842893036224664,0.05202055631769223,MIA,0,63.25,31.815449134199135,0.6
2024,3,2024_03_JAX_BUF,BUF,59,35.0,28.166666666666668,0.07185407429933544,0.4465295848946252,49.5,30.521568627450982,-0.03816390850327228,0.226400283672795,JAX,3,52.0,27.03125,0.5932203389830508
2024,4,2024_04_BUF_BAL,BUF,57,36.0,31.933333333333334,0.02711623994743128,-0.13561953114747208,52.666666666666664,29.736601307189545,-0.0014912475690697091,0.29977671741340506,BAL,-1,64.33333333333333,31.262300423590744,0.631578947368421
2024,5,2024_05_BUF_HOU,BUF,59,35.0,23.153846153846153,-0.08349095723208254,-0.015058117891767097,53.75,30.28578431372549,0.005660624310055538,0.19092765527318578,HOU,0,66.25,29.695627177482017,0.5932203389830508
2024,6,2024_06_BUF_NYJ,BUF,57,30.0,23.57894736842105,-0.07172807912493856,0.282083554036793,54.25,28.357579185520365,0.015782568844802277,0.13164203768324817,NYJ,0,66.5,27.62990196078431,0.5263157894736842
2024,7,2024_07_TEN_BUF,BUF,54,35.0,30.333333333333332,0.03452225750492466,0.21962814052913035,58.0,26.7081983805668,-0.014062180527563596,0.14448387247304476,TEN,-1,57.25,30.542929292929294,0.6481481481481481
2024,8,2024_08_BUF_SEA,BUF,66,37.0,27.4,0.011127031700951707,0.3138355417226208,56.75,27.24986504723347,-0.023395134726166292,0.08775851138167104,SEA,0,66.25,26.016666666666666,0.5606060606060606
2024,9,2024_09_MIA_BUF,BUF,59,41.0,28.5,0.007515969072900197,0.1663227453000931,59.0,26.116531713900134,-0.027392436787786186,0.20012227959919426,MIA,0,65.5,27.743795045045044,0.6949152542372882
2024,10,2024_10_BUF_IND,BUF,69,41.0,25.405405405405407,0.016182397576895557,0.019989930434927826,59.0,27.453070175438594,-0.004640705211540499,0.24546749539715934,IND,0,58.75,26.459197388632873,0.5942028985507246
2024,11,2024_11_KC_BUF,BUF,69,45.0,27.634146341463413,0.008828545711478387,0.10483378220066308,62.0,27.909684684684684,0.01733691396391803,0.17994408949669305,KC,0,69.5,28.63452665755297,0.6521739130434783
2024,13,2024_13_SF_BUF,BUF,53,19.0,32.642857142857146,-0.2539617533192915,0.3458036979428205,65.75,27.234887936717204,0.010913486015556462,0.15124549991457623,SF,7,56.25,28.74430617352614,0.3584905660377358
2024,14,2024_14_BUF_LA,BUF,54,41.0,29.11111111111111,0.12136864946002046,0.4475433545459834,62.5,28.54560222243149,-0.05535871023950434,0.15923753896962614,LA,0,57.0,29.987878151260503,0.7592592592592593
2024,15,2024_15_BUF_DET,BUF,67,37.0,29.304347826086957,0.0237960487604141,0.4799142187384701,61.25,28.69838000020927,-0.026895540142724272,0.22954269128109872,DET,-3,72.5,30.55454936360509,0.5522388059701493
2024,16,2024_16_NE_BUF,BUF,58,34.0,27.571428571428573,0.002192240953445389,0.03419091628859837,60.75,29.673115605379657,-0.024992127346844632,0.3445237633569843,NE,0,62.5,30.386385172798217,0.5862068965517241
2024,17,2024_17_NYJ_BUF,BUF,60,29.0,30.772727272727273,-0.00884341862466596,0.1665998522099232,58.0,29.657436162870948,-0.026651203536352887,0.3268630468789681,NYJ,0,60.5,30.348076923076924,0.48333333333333334
2024,18,2024_18_BUF_NE,BUF,65,33.0,27.13953488372093,-0.1501419714518956,-0.06714681854610144,59.75,29.189903695338476,0.034628380137303495,0.2820620854457438,NE,-1,57.75,30.128743119729332,0.5076923076923077
2025,3,2025_03_MIA_BUF,BUF,57,32.0,29.48,0.06354348702090125,0.27727751626378655,72.0,30.398809523809526,-0.07353162343303368,0.21638446678996243,MIA,0,49.5,24.625,0.5614035087719298
2025,4,2025_04_NO_BUF,BUF,54,28.0,30.516129032258064,-0.06975308103220806,0.196370723080122,67.0,30.092539682539684,-0.027839919948388702,0.23668214994790382,NO,3,68.0,24.48948948948949,0.5185185185185185
2025,5,2025_05_NE_BUF,BUF,61,39.0,30.794871794871796,0.031529537467069414,0.038927454360647276,63.75,30.198437019969276,-0.03831821021934354,0.22660429323095838,NE,0,59.25,31.335920862083654,0.639344262295082
2025,6,2025_06_BUF_ATL,BUF,54,34.0,25.58823529411765,-0.03736350753090601,-0.11888455337019076,59.75,30.531083540115795,-0.019910400204880316,0.1775895127255231,ATL,-7,64.75,28.44359681372549,0.6296296296296297
2025,8,2025_08_BUF_CAR,BUF,60,25.0,29.095238095238095,-0.11192893857757251,0.3438355488205429,56.5,29.094809030311875,-0.0030108910187858495,0.09842278508359129,CAR,6,64.25,27.363575268817204,0.4166666666666667
2025,9,2025_09_KC_BUF,BUF,63,30.0,30.142857142857142,-0.008177831288306913,0.23137387021057979,57.25,28.9986185541214,-0.04687899741840429,0.11506229322278036,KC,1,65.25,29.224718873986546,0.47619047619047616
2025,10,2025_10_BUF_MIA,BUF,66,47.0,29.5,0.09365659124321397,-0.07363759618535423,59.5,28.905300581771172,-0.031485184982429,0.12381308000539482,MIA,-3,59.75,28.816826923076924,0.7121212121212122
2025,11,2025_11_TB_BUF,BUF,54,33.0,23.4,0.024931029361837043,0.24343949035189855,60.75,28.581582633053223,-0.01595342153839286,0.09567181736889444,TB,0,59.75,28.001747311827955,0.6111111111111112
2025,12,2025_12_BUF_HOU,BUF,65,45.0,32.233333333333334,0.047855828741663387,-0.16421365248833003,60.75,28.03452380952381,-0.0003797873152070986,0.18625282829941675,HOU,0,71.5,27.864302364302365,0.6923076923076923
2025,13,2025_13_BUF_PIT,BUF,74,27.0,31.275,-0.2512286752462387,0.10006494115789129,62.0,28.819047619047616,0.039566404514601874,0.05924052797219853,PIT,3,59.5,29.706323890534414,0.36486486486486486
2025,14,2025_14_CIN_BUF,BUF,58,37.0,30.097560975609756,-0.029532931248346946,0.25490446714002113,64.75,29.102083333333333,-0.021196306474881077,0.026413295709026407,CIN,-3,67.25,26.082157863145255,0.6379310344827587
2025,15,2025_15_BUF_NE,BUF,64,33.0,25.076923076923077,-0.0327087978521983,0.2610677966958978,62.75,29.25147357723577,-0.0519936870977713,0.10854881154037024,NE,-6,61.25,27.973177723177724,0.515625
2025,16,2025_16_BUF_CLE,BUF,48,23.0,31.555555555555557,-0.07200544602845028,0.06078290143606926,65.25,29.67070434646654,-0.06640364390128015,0.11295588812637006,CLE,0,57.5,28.015151515151516,0.4791666666666667
2025,17,2025_17_PHI_BUF,BUF,73,43.0,31.35,-0.09116081148386007,-0.1207131619945119,61.0,29.501259902022095,-0.09636896259380856,0.1692050266074699,PHI,-1,61.5,27.6017960300569,0.589041095890411
2025,18,2025_18_NYJ_BUF,BUF,70,32.0,33.4,-0.05490640819072722,0.3545830135412515,60.75,29.520009902022096,-0.0563519966532139,0.11401050081936909,NYJ,0,62.75,25.770833333333332,0.45714285714285713
2022,3,2022_03_NO_CAR,CAR,59,28.0,29.25,-0.0473705758651098,-0.12832596496510382,51.5,25.46306306306306,0.10235981619640773,-0.01605115732255339,NO,0,61.5,30.065705128205128,0.4745762711864407
2022,4,2022_04_ARI_CAR,CAR,52,39.0,25.884615384615383,0.02694451267069042,-0.4703200955672129,54.0,26.725375375375375,0.05244968550923521,-0.05347609320340354,ARI,0,75.0,31.36489898989899,0.75
2022,5,2022_05_SF_CAR,CAR,66,48.0,24.4,-0.046775879683317964,-0.1747454370182248,53.5,26.515185377685377,0.04607339229959902,-0.15768709379435586,SF,1,59.5,28.965301120448178,0.7272727272727273
2022,6,2022_06_CAR_LA,CAR,43,23.0,32.91304347826087,-0.18127974172433228,-0.35168539789039865,57.75,26.49851871101871,-0.005427786519623064,-0.20531740852964242,LA,0,61.0,31.1484593837535,0.5348837209302325
2022,7,2022_07_TB_CAR,CAR,50,23.0,29.423076923076923,-0.009708496657284767,0.13568357801879766,55.0,28.111914715719063,-0.062120421150517406,-0.281269223860235,TB,0,64.75,28.676566416040103,0.46
2022,8,2022_08_CAR_ATL,CAR,74,38.0,25.216216216216218,-0.06981884785320455,0.09210234031547954,52.75,28.155183946488293,-0.052704901348561144,-0.21526683811425967,ATL,0,53.75,32.64156445406445,0.5135135135135135
2022,9,2022_09_CAR_CIN,CAR,48,31.0,27.0,-0.17452693482240042,-0.027083824235887493,58.25,27.988084154388503,-0.07689574147953489,-0.07466122914358657,CIN,1,57.0,25.78639069264069,0.6458333333333334
2022,10,2022_10_ATL_CAR,CAR,64,17.0,31.875,-0.221819120645523,0.08209062202270269,53.75,28.6380841543885,-0.10883350526430552,-0.03774582594800224,ATL,0,56.75,35.00558278867103,0.265625
2022,11,2022_11_CAR_BAL,CAR,54,39.0,29.333333333333332,0.01571893927298093,-0.4122960484719637,59.0,28.378573284823286,-0.11896834999460318,0.07069817903027309,BAL,-3,64.0,32.061433664374846,0.7222222222222222
2022,12,2022_12_DEN_CAR,CAR,64,20.0,36.214285714285715,-0.17852016560295048,0.08300223560131086,60.0,28.35613738738739,-0.11261149101203675,-0.06629672759241725,DEN,0,67.25,26.121498521803396,0.3125
2022,14,2022_14_CAR_SEA,CAR,71,28.0,33.45454545454545,-0.05815896285431724,0.16740211873206418,57.5,31.10565476190476,-0.13978682044947324,-0.06857175377095942,SEA,7,61.25,28.734586767399264,0.39436619718309857
2022,15,2022_15_PIT_CAR,CAR,42,27.0,26.88235294117647,-0.12931638567343995,0.039128980723457905,63.25,32.719291125541126,-0.11069482745745243,-0.019950268028971506,PIT,0,63.0,28.956566619644462,0.6428571428571429
2022,16,2022_16_DET_CAR,CAR,64,22.0,31.8125,-0.17301634095963975,0.4071262296369376,57.75,31.471129360835242,-0.08756914371443168,-0.030690678353782697,DET,0,68.75,29.466016267324406,0.34375
2022,17,2022_17_CAR_TB,CAR,59,39.0,26.384615384615383,0.04312299937009807,-0.01122577634040208,60.25,32.090921027501906,-0.13475296377258683,0.17416489117344264,TB,1,73.75,28.00383227725333,0.6610169491525424
2022,18,2022_18_CAR_NO,CAR,58,20.0,30.942857142857143,-0.30047697695188746,-0.21616780785689224,59.0,29.633503445084326,-0.07934217252932471,0.1506078881880144,NO,0,56.75,32.54823758113232,0.3448275862068966
2023,3,2023_03_CAR_SEA,CAR,75,62.0,23.17142857142857,0.030331597078678187,0.04581659013250178,64.5,31.065365853658538,-0.04355848987719839,-0.20816651157163357,SEA,-1,56.0,27.929166666666667,0.8266666666666667
2023,4,2023_04_MIN_CAR,CAR,68,39.0,32.11764705882353,0.013721421934091102,-0.25634854360154485,68.0,28.43405342624855,-0.0189284608919062,-0.1235054776702551,MIN,0,65.33333333333333,28.408585858585855,0.5735294117647058
2023,5,2023_05_CAR_DET,CAR,65,43.0,29.0,-0.02189191750117719,-0.07971091644127956,68.0,29.354951834392295,-0.010765990185406873,-0.15671624415307756,DET,-3,65.75,31.9041047188106,0.6615384615384615
2023,6,2023_06_CAR_MIA,CAR,68,43.0,27.75,-0.012642935264942319,-0.14276293217331368,66.25,28.062268907563023,0.005922236204158741,-0.1091925558597917,MIA,0,60.25,28.67222222222222,0.6323529411764706
2023,8,2023_08_HOU_CAR,CAR,61,40.0,24.56756756756757,0.10193104261443728,-0.1551667066375751,69.0,28.00976890756302,0.0023795415616624455,-0.10825145052090909,HOU,0,60.0,29.34583333333333,0.6557377049180327
2023,9,2023_09_IND_CAR,CAR,71,48.0,17.82608695652174,-0.04016805227313732,-0.29856316736192584,65.5,28.358803656597775,0.020279402945602217,-0.15849727471342828,IND,0,67.25,30.024061355311357,0.676056338028169
2023,10,2023_10_CAR_CHI,CAR,57,44.0,24.857142857142858,0.08634819050092948,-0.13794126291191897,66.25,24.78591363102233,0.006807034393795109,-0.16905093065352356,CHI,0,64.25,29.408382066276804,0.7719298245614035
2023,11,2023_11_DAL_CAR,CAR,58,37.0,30.59090909090909,-0.0845897457113973,-0.295561970248034,64.25,23.75019934530804,0.03386706139432178,-0.1836085172711834,DAL,3,66.25,28.909949712643677,0.6379310344827587
2023,12,2023_12_CAR_TEN,CAR,67,38.0,27.53846153846154,-0.10365449517003958,-0.1386622731625685,61.75,24.460426618035314,0.015880358782708034,-0.2218082767898635,TEN,0,56.5,29.35981884057971,0.5671641791044776
2023,13,2023_13_CAR_TB,CAR,70,35.0,27.48780487804878,-0.11256949106852217,-0.08558960970233251,63.25,25.203150110758806,-0.03551602566341118,-0.21768216842111185,TB,0,61.25,28.943524269611224,0.5
2023,14,2023_14_CAR_NO,CAR,79,43.0,32.68,-0.197169632713,-0.32672463587772094,63.0,27.618579591140566,-0.05361638536225739,-0.1644387790062135,NO,0,64.0,30.631616300366304,0.5443037974683544
2023,15,2023_15_ATL_CAR,CAR,60,28.0,30.484848484848484,-0.19043521650812847,-0.1956779632401645,68.5,29.574293876854853,-0.12449584116573977,-0.211634622247664,ATL,0,64.5,28.554396623514272,0.4666666666666667
2023,16,2023_16_GB_CAR,CAR,63,39.0,31.73076923076923,-0.08350324465168844,0.1829615514121211,69.0,29.5477787253397,-0.15095720886492256,-0.18666362049569662,GB,0,60.25,33.66564655172414,0.6190476190476191
2023,17,2023_17_CAR_JAX,CAR,53,39.0,28.94736842105263,-0.009975004941224996,-0.45515617516928547,68.0,30.595855648416624,-0.1459193962353348,-0.10625766435202424,JAX,0,66.5,29.61081788277512,0.7358490566037735
2023,18,2023_18_TB_CAR,CAR,50,23.0,29.02857142857143,-0.222470189843859,-0.31029398238572253,63.75,30.960746534167587,-0.12027077470351047,-0.1986493057187625,TB,0,61.25,31.497787437343355,0.46
2024,3,2024_03_CAR_LV,CAR,69,40.0,28.566666666666666,0.04330299110025978,0.2018615480162519,50.5,32.958333333333336,-0.07872422364277727,-0.4880113813373181,LV,0,59.0,31.24379652605459,0.5797101449275363
2024,4,2024_04_CIN_CAR,CAR,69,43.0,30.303030303030305,-0.0375732012093067,0.003686762715682815,56.666666666666664,31.494444444444444,-0.03804848539509825,-0.2580537382194614,CIN,1,56.666666666666664,29.27016129032258,0.6231884057971014
2024,5,2024_05_CAR_CHI,CAR,58,41.0,35.733333333333334,-0.04523678908222604,-0.25997198687286355,59.75,31.19659090909091,-0.03792966434865037,-0.19261861298567537,CHI,0,63.5,25.86969139928699,0.7068965517241379
2024,6,2024_06_ATL_CAR,CAR,62,40.0,26.323529411764707,-0.046700178123101975,-0.09854121783584541,60.5,32.83825757575758,-0.019900607336334974,-0.1362574751712382,ATL,-3,60.5,26.561657350948508,0.6451612903225806
2024,7,2024_07_CAR_WAS,CAR,42,21.0,27.0,0.0008599893613295437,-0.47399506817704956,64.5,30.231639928698755,-0.021551794328593735,-0.038241223494193566,WAS,0,61.0,29.28898448043185,0.5
2024,8,2024_08_CAR_DEN,CAR,60,42.0,35.35294117647059,-0.06806119599125598,-0.14565721913628932,57.75,29.83997326203209,-0.03216254476332629,-0.20720537754251894,DEN,-3,55.25,27.137724438434375,0.7
2024,9,2024_09_NO_CAR,CAR,49,30.0,30.1,-0.025246961293993776,-0.007854261661332653,55.5,31.102450980392156,-0.03978454345881361,-0.24454137300551196,NO,0,62.5,23.315538847117793,0.6122448979591837
2024,10,2024_10_NYG_CAR,CAR,58,28.0,33.85,-0.035178734660148585,-0.017191737110267016,53.25,29.694117647058825,-0.03478708651175555,-0.18151194170262924,NYG,0,63.5,27.883788254755995,0.4827586206896552
2024,12,2024_12_KC_CAR,CAR,59,40.0,31.095238095238095,0.20561071202672768,0.19307642256124072,52.25,31.575735294117646,-0.031906725646017195,-0.16117457152123463,KC,7,66.0,28.525034176349966,0.6779661016949152
2024,13,2024_13_TB_CAR,CAR,68,50.0,19.87878787878788,0.05215692710369192,0.0020904343138361146,56.5,32.59954481792717,0.01928095502033233,0.005593301163337935,TB,0,60.5,33.83386752136752,0.7352941176470589
2024,14,2024_14_CAR_PHI,CAR,68,41.0,28.72222222222222,-0.08925906154844496,0.01904294690096837,58.5,28.731006493506495,0.04933548579406931,0.042530214525869296,PHI,0,62.75,26.43339461290589,0.6029411764705882
2024,15,2024_15_DAL_CAR,CAR,50,37.0,31.47826086956522,0.02051953598856928,-0.3289024826814416,63.25,28.386562049062046,0.03333246073045651,0.04925451666644455,DAL,1,66.25,26.775081699346405,0.74
2024,16,2024_16_ARI_CAR,CAR,64,33.0,31.393939393939394,-0.06343171471043636,0.24643247049721712,61.25,27.793627266453353,0.04725702839263598,-0.028673169726349104,ARI,0,64.5,31.230498195669607,0.515625
2024,17,2024_17_CAR_TB,CAR,46,35.0,28.22222222222222,0.14843553553024932,-0.10282477504936964,62.5,27.868302591128682,-0.020003578291655034,-0.015334157742355012,TB,0,68.0,29.67524366471735,0.7608695652173914
2024,18,2024_18_CAR_ATL,CAR,64,39.0,33.93939393939394,0.04007345863751005,0.4123142539847869,57.0,29.954161176987263,0.004066073814984313,-0.04156296008315644,ATL,0,62.75,29.24296977931489,0.609375
2025,3,2025_03_ATL_CAR,CAR,54,27.0,27.428571428571427,0.37548642754554756,-0.008956547344796471,69.0,31.067460317460316,0.03942683209543639,-0.13732046003634457,ATL,0,66.0,27.822610294117645,0.5
2025,4,2025_04_CAR_NE,CAR,65,38.0,26.84,0.13483622449415703,-0.024340105037695868,64.0,29.854497354497354,0.15144669724547344,-0.09453248913916186,NE,0,64.0,28.447894482778207,0.5846153846153846
2025,5,2025_05_MIA_CAR,CAR,62,33.0,23.16,-0.09286816120147703,0.1592676239304298,64.25,29.100873015873017,0.14729407905764436,-0.07698439311379537,MIA,1,53.5,26.761363636363637,0.532258064516129
2025,6,2025_06_DAL_CAR,CAR,62,27.0,29.583333333333332,-0.11725151929117378,0.15938481098163315,64.75,26.988095238095237,0.12342016771315763,0.026927439974091603,DAL,0,68.5,26.22189466164354,0.43548387096774194
2025,7,2025_07_CAR_NYJ,CAR,68,36.0,29.870967741935484,0.026256636961510343,-0.060821425974442685,60.75,26.75297619047619,0.07505074288676346,0.07133894563239265,NYJ,0,62.25,25.6560248447205,0.5294117647058824
2025,8,2025_08_BUF_CAR,CAR,59,32.0,27.652173913043477,-0.19849150180816655,-0.34481282324296764,64.25,27.363575268817204,-0.01225670475924586,0.0583727259749811,BUF,-6,56.5,29.094809030311875,0.5423728813559322
2025,9,2025_09_CAR_GB,CAR,54,23.0,31.857142857142858,-0.11809077965361722,0.09463535318914695,62.75,27.566618747078074,-0.09558863633482675,-0.021745453576336837,GB,0,63.0,30.767139292993186,0.42592592592592593
2025,10,2025_10_NO_CAR,CAR,50,27.0,32.80555555555556,-0.07039937376976013,-0.4194234092241469,60.75,29.740904461363787,-0.10189429094786182,-0.03790352126165755,NO,0,53.25,26.583937198067634,0.54
2025,11,2025_11_CAR_ATL,CAR,76,52.0,30.53846153846154,0.06205639243125921,0.12748949193676187,57.75,30.546460016919344,-0.09018125456750839,-0.18260557631310256,ATL,0,55.5,27.954432500349014,0.6842105263157895
2025,12,2025_12_CAR_SF,CAR,44,35.0,31.526315789473685,0.016841480265493033,-0.2006502383043821,59.75,30.713333466050855,-0.08123131570007117,-0.13552784683530142,SF,0,54.75,27.584226190476194,0.7954545454545454
2025,13,2025_13_LA_CAR,CAR,59,24.0,31.666666666666668,-0.25944135227101917,0.23759843780854886,56.0,31.681868935158413,-0.027398070181656277,-0.09948720060065505,LA,-1,60.5,31.351364522417157,0.4067796610169492
2025,15,2025_15_CAR_NO,CAR,56,31.0,30.264705882352942,-0.1974012404680252,0.11013014508381655,57.25,31.63424988753936,-0.06273571333600676,-0.06374642944580457,NO,7,66.5,28.243779592740616,0.5535714285714286
2025,16,2025_16_TB_CAR,CAR,53,36.0,25.133333333333333,0.009903086394798498,0.10059068346236232,58.75,30.999037469238708,-0.09448618001057303,0.06864195913118629,TB,-3,63.0,28.13165212515341,0.6792452830188679
2025,17,2025_17_SEA_CAR,CAR,49,31.0,26.652173913043477,-0.024475600930952204,-0.5107222867168542,53.0,29.647755417956656,-0.10752450651968821,0.06191725701258641,SEA,-3,60.25,27.557202380952383,0.6326530612244898
2025,18,2025_18_CAR_TB,CAR,47,34.0,31.083333333333332,-0.004444867853195389,-0.021426274508918132,54.25,28.429219948849102,-0.11785377681879952,-0.015600755090531604,TB,0,63.5,29.327943333944617,0.723404255319149
2022,3,2022_03_HOU_CHI,CHI,60,25.0,25.176470588235293,-0.17391669882668392,-0.0285030859312761,47.0,28.923387096774192,-0.17241765253054786,-0.06318255022373467,HOU,0,62.5,27.61904761904762,0.4166666666666667
2022,4,2022_04_CHI_NYG,CHI,60,35.0,27.238095238095237,-0.059659320116043135,-0.08936706419416761,51.333333333333336,27.674414927261225,-0.17291733462925987,-0.05162272879291515,NYG,1,65.0,27.99751984126984,0.5833333333333334
2022,5,2022_05_CHI_MIN,CHI,48,30.0,34.4375,-0.05619687504238551,0.010697448513938723,53.5,27.56533500496973,-0.1446028310009557,-0.06105881264322826,MIN,0,63.0,30.860687669376695,0.625
2022,6,2022_06_WAS_CHI,CHI,69,42.0,29.157894736842106,-0.0263466205861833,-0.11170307083048617,52.25,29.900516456582633,-0.12027501100913073,-0.04592665642884298,WAS,0,69.25,29.466430499325234,0.6086956521739131
2022,7,2022_07_CHI_NE,CHI,69,26.0,27.058823529411764,-0.12963697873055938,0.13758589141414393,59.25,29.00249014079316,-0.07902987864282396,-0.054718943110497784,NE,3,59.5,29.53578431372549,0.37681159420289856
2022,8,2022_08_CHI_DAL,CHI,73,33.0,29.857142857142858,-0.12577607482671738,0.007954109350661275,61.5,29.47307837608728,-0.06795994861879283,-0.013196698774142784,DAL,-1,57.25,27.749564611633577,0.4520547945205479
2022,9,2022_09_MIA_CHI,CHI,70,38.0,31.757575757575758,-0.12224909968865226,0.18104773305864605,64.75,30.12784028084918,-0.08448913729646139,0.011133594612064437,MIA,0,64.5,28.908862330198538,0.5428571428571428
2022,10,2022_10_DET_CHI,CHI,58,26.0,31.5,-0.13315028383543615,0.0743546720051532,70.25,29.457859220243122,-0.10100219345802808,0.05372116574824127,DET,0,58.25,28.733394822089675,0.4482758620689655
2022,11,2022_11_CHI_ATL,CHI,66,31.0,29.952380952380953,-0.15076843050180702,0.026334445149637734,67.5,30.043385536032595,-0.1277031092703413,0.1002356014571511,ATL,-3,57.5,33.93382352941177,0.4696969696969697
2022,12,2022_12_CHI_NYJ,CHI,55,28.0,32.42857142857143,-0.0806264877319336,-0.06323986060791352,66.75,30.76677489177489,-0.1329859722131532,0.07242273989102457,NYJ,0,54.75,25.167527472527468,0.509090909090909
2022,13,2022_13_GB_CHI,CHI,49,28.0,29.9,-0.026893846414707375,0.12366285811292499,62.25,31.409632034632036,-0.12169857543945725,0.05462424740138086,GB,0,59.25,30.3440065681445,0.5714285714285714
2022,15,2022_15_PHI_CHI,CHI,57,33.0,28.875,-0.035843534314114155,-0.12446351285325359,57.0,30.945238095238096,-0.09785976212097103,0.0402780286649506,PHI,7,67.25,25.20042819499341,0.5789473684210527
2022,16,2022_16_BUF_CHI,CHI,58,32.0,28.642857142857142,-0.1298682960596951,-0.42946913516661356,56.75,30.288988095238096,-0.07353307474064054,-0.009426517549651098,BUF,-1,66.5,25.909246477259707,0.5517241379310345
2022,17,2022_17_CHI_DET,CHI,50,32.0,32.94117647058823,-0.03942413822464323,-0.3371915779276053,54.75,29.961607142857144,-0.06830804113011255,-0.12337741262871392,DET,0,67.25,29.83188928319742,0.64
2022,18,2022_18_MIN_CHI,CHI,49,31.0,26.357142857142858,-0.02926354296505452,-0.15685121258583914,53.5,30.089758403361344,-0.05800745375328996,-0.19186534195863686,MIN,0,69.0,25.782670454545453,0.6326530612244898
2023,3,2023_03_CHI_KC,CHI,51,29.0,33.42857142857143,-0.11608194085684675,-0.3016755081315662,61.5,27.007675438596493,0.0052639798504904405,-0.170780233856689,KC,0,61.5,26.496076721883174,0.5686274509803921
2023,4,2023_04_DEN_CHI,CHI,70,41.0,39.666666666666664,0.023641587087982675,0.09795688592047168,58.0,29.147974101921474,-0.03518466038528862,-0.21441199194831473,DEN,0,59.333333333333336,32.576998050682256,0.5857142857142857
2023,5,2023_05_CHI_WAS,CHI,64,33.0,28.857142857142858,0.06588521599769592,0.30894713319878514,61.0,31.777647243107772,-0.0204780985169708,-0.13631977248111812,WAS,0,64.25,28.392195767195766,0.515625
2023,6,2023_06_MIN_CHI,CHI,64,32.0,31.703703703703702,-0.1040569189432505,-0.36363377458544627,59.0,32.106516290726816,0.00040132214514775055,-0.014881360251121037,MIN,3,61.0,27.35227272727273,0.5
2023,7,2023_07_LV_CHI,CHI,67,33.0,34.26315789473684,-0.04001843122144538,0.1897187623635781,62.25,33.414021164021165,-0.03265301417860467,-0.0646013158994389,LV,0,65.0,30.37638888888889,0.4925373134328358
2023,8,2023_08_CHI_LAC,CHI,62,40.0,20.5,0.07771235704421989,-0.15339637039752016,66.25,33.622667780562516,-0.013637136769754324,0.05824725172434718,LAC,0,60.75,27.97206349206349,0.6451612903225806
2023,9,2023_09_CHI_NO,CHI,64,37.0,31.166666666666668,-0.09911218196153636,-0.09571840076552018,64.25,28.83100111389585,-0.00011944428069501911,-0.004591062355150784,NO,0,74.25,27.81470106470106,0.578125
2023,10,2023_10_CAR_CHI,CHI,69,37.0,28.313725490196077,-0.08469747613042083,-0.05898953078957347,64.25,29.408382066276804,-0.04136879377050309,-0.10575744584622712,CAR,0,66.25,24.78591363102233,0.5362318840579711
2023,11,2023_11_CHI_DET,CHI,70,29.0,31.6,-0.11054365398983164,0.018868297576275735,65.5,28.560887512899896,-0.03652893306729567,-0.02959638489725891,DET,3,70.25,24.31865352523988,0.4142857142857143
2023,12,2023_12_CHI_MIN,CHI,65,44.0,34.972972972972975,0.0419272488736092,-0.12092265004090082,66.25,27.895098039215686,-0.054160238759392236,-0.0723090010940845,MIN,0,69.5,30.35744416873449,0.676923076923077
2023,14,2023_14_DET_CHI,CHI,65,41.0,28.085714285714285,0.05544385384945644,0.042477918178091455,67.0,31.51334128245893,-0.0631065158020449,-0.06419057100492967,DET,6,63.5,27.72371516351296,0.6307692307692307
2023,15,2023_15_CHI_CLE,CHI,70,45.0,20.766666666666666,0.010690595209598534,-0.3111668758925699,67.25,30.743103187220836,-0.024467506849296706,-0.02964149126902675,CLE,0,70.25,27.214880952380952,0.6428571428571429
2023,16,2023_16_ARI_CHI,CHI,67,33.0,31.3125,-0.039985005792818565,0.11651338674885471,67.5,28.856338481338483,-0.0006204890142918673,-0.09268582754477586,ARI,0,64.5,28.63857142857143,0.4925373134328358
2023,17,2023_17_ATL_CHI,CHI,72,38.0,29.90909090909091,0.0252768099308014,0.127425692018889,66.75,28.784463481338484,0.0170191730349614,-0.06827455525163112,ATL,0,61.25,28.51745231993077,0.5277777777777778
2023,18,2023_18_CHI_GB,CHI,46,24.0,34.333333333333336,-0.08969844185880253,-0.0955791452901081,68.5,27.518492965367965,0.01285656329925945,-0.0061874697366836595,GB,0,64.5,30.647690711268297,0.5217391304347826
2024,3,2024_03_CHI_IND,CHI,84,56.0,23.9375,-0.04626811883951485,-0.2015746309292617,59.0,27.61911764705882,0.01855876876248256,-0.28126794354686574,IND,0,48.0,25.574074074074076,0.6666666666666666
2024,4,2024_04_LA_CHI,CHI,52,26.0,24.303030303030305,-0.10789928820572406,0.08325926104719035,67.33333333333333,26.39191176470588,-0.0030501937715165794,-0.2547035060076644,LA,0,60.333333333333336,26.00267379679144,0.5
2024,5,2024_05_CAR_CHI,CHI,67,36.0,28.38095238095238,-0.10395233906232382,0.21436303333960854,63.5,25.86969139928699,-0.02926246738006845,-0.1702128142439507,CAR,0,59.75,31.19659090909091,0.5373134328358209
2024,6,2024_06_JAX_CHI,CHI,58,34.0,29.52,-0.0699541171391805,0.29274772905603935,67.25,26.427429494525086,-0.05892461142408459,-0.05439785075805967,JAX,0,59.0,26.923190789473683,0.5862068965517241
2024,8,2024_08_CHI_WAS,CHI,61,33.0,26.65,-0.08431442797183994,-0.12941421041781168,65.25,26.535370670995672,-0.0820184658116858,0.09719884812839412,WAS,7,62.5,28.668645973909133,0.5409836065573771
2024,9,2024_09_CHI_ARI,CHI,69,50.0,24.4,0.03216005297931463,-0.22807485400687943,59.5,27.21349567099567,-0.09153004309476709,0.11523895325625663,ARI,0,56.5,29.443080357142858,0.7246376811594203
2024,10,2024_10_NE_CHI,CHI,59,41.0,29.555555555555557,-0.07763512308398887,-0.4018640639909331,63.75,27.237738095238093,-0.056515207798507404,0.03740542449273918,NE,0,61.5,28.638736263736263,0.6949152542372882
2024,11,2024_11_GB_CHI,CHI,69,40.0,28.085106382978722,-0.06808584749698646,0.20041244266002986,61.75,27.531388888888888,-0.04993590380392367,-0.11665134983989622,GB,-7,62.75,30.598427114680984,0.5797101449275363
2024,12,2024_12_MIN_CHI,CHI,74,57.0,31.97222222222222,0.01046182500555157,0.060280229925018705,64.5,27.17266548463357,-0.04946883639337516,-0.1397351714388986,MIN,0,66.25,30.119254832270318,0.7702702702702703
2024,13,2024_13_CHI_DET,CHI,59,48.0,38.5,0.03404646515846262,-0.009250351456455662,67.75,28.503221040189125,-0.02577477314902728,-0.09231156135319099,DET,0,65.0,30.906512605042018,0.8135593220338984
2024,14,2024_14_CHI_SF,CHI,53,34.0,24.0,0.13917382061481476,-0.15471042208905975,65.25,32.02822104018912,-0.025303170104240283,-0.037605435715585056,SF,3,52.0,31.527352150537634,0.6415094339622641
2024,15,2024_15_CHI_MIN,CHI,63,37.0,35.5,-0.053255942463874814,-0.21018052323696423,63.75,30.639332151300238,0.028899065820460625,0.024182974759883284,MIN,0,58.5,26.509191729323305,0.5873015873015873
2024,16,2024_16_DET_CHI,CHI,59,46.0,22.0,0.10840200384457915,0.014175742925806726,62.25,32.49305555555556,0.03260654207873853,-0.07846526671436524,DET,-1,72.75,29.562719298245614,0.7796610169491526
2024,17,2024_17_SEA_CHI,CHI,58,38.0,30.25,-0.024331966767440018,-0.20850898979649174,58.5,30.0,0.057091586788495435,-0.08999138846416824,SEA,0,58.25,27.532600014927603,0.6551724137931034
2024,18,2024_18_CHI_GB,CHI,56,32.0,28.46153846153846,-0.10823974013328552,-0.17034980808239195,58.25,27.9375,0.04249697880701977,-0.13980604804917726,GB,3,57.5,30.777426520847573,0.5714285714285714
2025,3,2025_03_DAL_CHI,CHI,55,29.0,23.727272727272727,-0.07048686421834499,0.3017187412359374,63.5,24.074404761904763,0.03015983715653424,-0.11867704968239116,DAL,0,69.0,22.179487179487182,0.5272727272727272
2025,4,2025_04_CHI_LV,CHI,64,42.0,27.486486486486488,-0.0350436639526616,-0.12057133318733079,60.666666666666664,23.958694083694084,-0.003389063301758838,0.021454880623718354,LV,0,63.0,26.666993464052286,0.65625
2025,6,2025_06_CHI_WAS,CHI,59,34.0,26.13157894736842,0.05872002650390971,0.16552726067451587,61.5,24.840642184392184,-0.011302713464484528,-0.014051672829043932,WAS,7,55.75,27.514825174825177,0.576271186440678
2025,7,2025_07_NO_CHI,CHI,65,27.0,30.77777777777778,-0.15596924901008602,0.09379912528868672,60.5,24.800620254567622,-0.009623488672632628,0.04517794559489313,NO,-1,62.0,24.895833333333336,0.4153846153846154
2025,8,2025_08_CHI_BAL,CHI,62,41.0,25.1,0.008879417722875357,0.024400010712218013,60.75,27.030778984726354,-0.050694937669295725,0.1101184485029523,BAL,-7,55.5,27.60768398268398,0.6612903225806451
2025,9,2025_09_CHI_CIN,CHI,77,45.0,25.483333333333334,-0.020899907227546442,0.4531389842597491,62.5,27.373960802908172,-0.03085336718399064,0.04078876587202245,CIN,0,61.5,25.06235177865613,0.5844155844155844
2025,10,2025_10_NYG_CHI,CHI,62,41.0,29.756756756756758,-0.040443369675250286,0.026302652246660337,65.75,26.873172514619885,-0.02731742800271185,0.18421634523379243,NYG,0,59.75,25.775563909774437,0.6612903225806451
2025,11,2025_11_CHI_MIN,CHI,73,36.0,29.558823529411764,-0.03509427970502424,-0.047584415249468326,66.5,27.779466966966968,-0.05210827704750185,0.14941019312682854,MIN,0,57.75,27.98406862745098,0.4931506849315068
2025,12,2025_12_PIT_CHI,CHI,59,37.0,24.523809523809526,0.029973128316353743,0.013785061849619739,68.5,27.474728404875464,-0.021889534721236406,0.11406430799228978,PIT,0,56.75,29.515246449456974,0.6271186440677966
2025,13,2025_13_CHI_PHI,CHI,84,40.0,26.839285714285715,-0.0673303549106304,0.04194522476468262,67.75,27.330680785827845,-0.016616107072866808,0.11141057077664021,PHI,0,60.0,27.473852111377468,0.47619047619047616
2025,14,2025_14_CHI_GB,CHI,69,39.0,29.925925925925927,-0.13452782938557287,0.1080802120255932,69.5,27.66966888106594,-0.0282237189936378,0.008612130902873593,GB,-1,59.25,27.62447268740032,0.5652173913043478
2025,15,2025_15_CLE_CHI,CHI,63,32.0,33.666666666666664,-0.10478358314587516,0.05207934172665328,71.25,27.711961173358233,-0.051744833921218446,0.02905652084760681,CLE,0,57.0,30.02377220480669,0.5079365079365079
2025,16,2025_16_GB_CHI,CHI,60,37.0,27.52,-0.11041728381452885,0.10063656128267846,68.75,28.738921957671955,-0.06916715978143118,0.05397246009163721,GB,0,58.5,27.84511662679426,0.6166666666666667
2025,17,2025_17_CHI_SF,CHI,63,45.0,27.818181818181817,0.03857180395641847,0.3625783731220248,69.0,29.48796957671958,-0.10426476281415183,0.0756853349499019,SF,2,66.25,28.10297619047619,0.7142857142857143
2025,18,2025_18_DET_CHI,CHI,54,36.0,30.363636363636363,-0.14003430713306772,-0.019359930886783432,63.75,29.7326936026936,-0.07778922309738961,0.15584362203923746,DET,-3,62.25,27.2875,0.6666666666666666
2022,3,2022_03_CIN_NYJ,CIN,64,39.0,28.470588235294116,0.1045730845494704,0.05846303982422987,81.0,31.555555555555557,0.02297650701834257,-0.086757340882953,NYJ,0,72.5,26.39516129032258,0.609375
2022,4,2022_04_MIA_CIN,CIN,60,35.0,31.15625,0.04514455185695127,0.1138651256650102,75.33333333333333,30.52723311546841,0.05017536619538518,-0.03835054731389204,MIA,0,55.0,32.660714285714285,0.5833333333333334
2022,5,2022_05_CIN_BAL,CIN,59,38.0,24.484848484848484,0.05947990868336115,-0.06549382248959407,71.5,30.684487336601308,0.0489176626107767,-0.0002966290691664847,BAL,3,56.0,33.146982758620695,0.6440677966101694
2022,6,2022_06_CIN_NO,CIN,54,43.0,25.785714285714285,0.3014547768980265,0.28302848962625615,62.5,28.30569945781343,0.07181921724169267,0.03774546477360043,NO,0,64.5,27.950089242958512,0.7962962962962963
2022,7,2022_07_ATL_CIN,CIN,65,45.0,23.625,0.2635966903633542,0.42130737219749104,59.25,27.47435025146422,0.12766308049695235,0.09746570815647554,ATL,0,55.5,30.262397787397788,0.6923076923076923
2022,8,2022_08_CIN_CLE,CIN,50,40.0,29.25,0.1126742852585656,-0.1748590855884175,59.5,26.26295319264069,0.1674189819504233,0.1881767912497908,CLE,0,65.0,26.78294779932711,0.8
2022,9,2022_09_CAR_CIN,CIN,70,33.0,33.46666666666667,0.045592621796661036,0.38616737681153857,57.0,25.78639069264069,0.18430141530082686,0.1159957384364339,CAR,-1,58.25,27.988084154388503,0.4714285714285714
2022,11,2022_11_CIN_PIT,CIN,63,42.0,27.068181818181817,0.117678382566997,0.1557513636468949,59.75,28.031845238095237,0.18082959357915185,0.22891103826171705,PIT,7,68.75,28.625932400932403,0.6666666666666666
2022,12,2022_12_CIN_TEN,CIN,62,42.0,28.47222222222222,0.10555644682113159,0.13660371799410603,62.0,28.35246212121212,0.13488549499639446,0.19709175676687676,TEN,-3,56.25,27.333552138034506,0.6774193548387096
2022,13,2022_13_KC_CIN,CIN,64,36.0,28.62857142857143,-0.054502020885304675,0.2608933370524461,61.25,29.564267676767678,0.0953754341108388,0.1259158432160305,KC,0,71.5,26.66216906399833,0.5625
2022,14,2022_14_CLE_CIN,CIN,58,37.0,19.807692307692307,0.05212705768644804,0.036580719018186235,64.75,29.408910533910536,0.053581357574871244,0.23485394887624642,CLE,0,65.25,29.646508563899868,0.6379310344827587
2022,15,2022_15_CIN_TB,CIN,61,43.0,28.625,0.17598773373497856,-0.017468014199383545,61.75,25.994166944166942,0.05521496654731799,0.14745728442790831,TB,0,70.25,29.43961263316102,0.7049180327868853
2022,16,2022_16_CIN_NE,CIN,78,55.0,31.235294117647058,0.17701986824211322,0.08046744913582293,61.25,26.38337148962149,0.06979230433931338,0.1041524399663387,NE,0,55.5,26.25866606511768,0.7051282051282052
2022,18,2022_18_BAL_CIN,CIN,64,45.0,28.85,0.23289957253829294,-0.19921847733637907,65.25,27.0741394634777,0.08765815969455878,0.09011837275176793,BAL,-1,54.0,30.01621794871795,0.703125
2023,3,2023_03_LA_CIN,CIN,70,50.0,25.0,0.1403158698920851,-0.09668759942135804,54.5,28.4272030651341,0.023121442645788193,-0.2022244234472037,LA,0,77.5,29.395187870797628,0.7142857142857143
2023,4,2023_04_CIN_TEN,CIN,50,35.0,27.789473684210527,0.07316794370611505,-0.22988560790352522,59.666666666666664,27.28480204342273,0.062186251727887165,-0.16704548210525516,TEN,-1,55.666666666666664,27.19413320883909,0.7
2023,5,2023_05_CIN_ARI,CIN,78,51.0,28.930232558139537,0.045882620193340155,0.0077578138926245694,57.25,27.41096995361968,0.06493167472244414,-0.18275551355482267,ARI,0,60.0,30.074629210658625,0.6538461538461539
2023,6,2023_06_SEA_CIN,CIN,52,39.0,31.696969696969695,0.21098538227379332,-0.10075903137140121,63.75,28.671305870932343,0.08408168292845841,-0.06447461543974789,SEA,-6,57.75,26.290625,0.75
2023,8,2023_08_CIN_SF,CIN,61,38.0,29.564102564102566,0.10612460176150008,0.22802712961006277,62.5,28.35416898482994,0.1175879540163334,-0.10489360620091498,SF,8,55.25,31.098406298003074,0.6229508196721312
2023,9,2023_09_BUF_CIN,CIN,64,46.0,29.48,0.14416487763325367,0.1869136833159207,60.25,29.49519462585558,0.10904013698368716,-0.023714923943059782,BUF,-3,61.5,30.645041261420573,0.71875
2023,10,2023_10_HOU_CIN,CIN,59,47.0,30.454545454545453,0.15383072351587235,0.0005702718301030294,63.75,29.917826204802946,0.12678937046547178,0.08048489886180171,HOU,0,59.5,28.485100485100485,0.7966101694915254
2023,11,2023_11_CIN_BAL,CIN,59,41.0,26.566666666666666,0.10322941924844461,0.0527822685147031,59.0,30.298904428904425,0.15377639629610484,0.07868801334617131,BAL,0,58.75,28.80894212523719,0.6949152542372882
2023,12,2023_12_PIT_CIN,CIN,40,32.0,27.363636363636363,0.1412611635667937,-0.15613913311285377,60.75,29.01632867132867,0.1268374055397677,0.1170733383176974,PIT,3,59.5,28.254829530564827,0.8
2023,13,2023_13_CIN_JAX,CIN,72,42.0,32.18181818181818,0.02395494108976324,0.19447215601804083,55.5,28.466212121212116,0.13562154599109108,0.021031772636968267,JAX,0,64.25,29.213107822410148,0.5833333333333334
2023,14,2023_14_IND_CIN,CIN,57,27.0,32.4,0.026236083946730018,0.07264914657086627,57.5,29.141666666666666,0.10556906185521847,0.022921390812498298,IND,-1,61.0,25.28909632034632,0.47368421052631576
2023,15,2023_15_MIN_CIN,CIN,67,47.0,27.75,0.06357529546533307,0.1479929611710682,57.0,29.6280303030303,0.0736704019629329,0.04094110949768911,MIN,0,65.0,31.468551531157644,0.7014925373134329
2023,16,2023_16_CIN_PIT,CIN,62,46.0,35.142857142857146,0.13758214563131327,-0.2090168534072259,59.0,29.923863636363635,0.063756871017155,0.06474378266178038,PIT,0,60.5,31.796103603603605,0.7419354838709677
2023,17,2023_17_CIN_KC,CIN,71,44.0,31.568181818181817,-0.030560370800750577,-0.0759069002250585,64.5,31.86866883116883,0.0628371165332849,0.05152435258818735,KC,2,63.75,27.599209124209125,0.6197183098591549
2023,18,2023_18_CLE_CIN,CIN,61,33.0,29.875,-0.23507389697161596,0.010782763486563674,64.25,31.71525974025974,0.04920828856065645,-0.016070411472587483,CLE,-3,68.25,28.21409489633174,0.5409836065573771
2024,3,2024_03_WAS_CIN,CIN,61,42.0,29.93548387096774,0.009652080409454677,0.3688449976873223,54.5,28.9375,0.0853062879548154,-0.06653998036628818,WAS,0,61.5,33.27872340425532,0.6885245901639344
2024,4,2024_04_CIN_CAR,CIN,62,32.0,22.615384615384617,0.05016348723854328,0.16715398730578393,56.666666666666664,29.27016129032258,0.0600882187730285,0.07858834565158199,CAR,-1,56.666666666666664,31.494444444444444,0.5161290322580645
2024,5,2024_05_BAL_CIN,CIN,66,43.0,26.555555555555557,0.12237591439105092,0.2662287781941543,58.0,27.60646712158809,0.057607035889407195,0.10072975606513247,BAL,0,61.75,32.655058651026394,0.6515151515151515
2024,6,2024_06_CIN_NYG,CIN,50,34.0,30.93548387096774,0.1356128794260514,0.03341397806081547,62.5,26.65160601047698,0.07189678264571409,0.21202435922063173,NYG,0,63.25,28.91747621664281,0.68
2024,7,2024_07_CIN_CLE,CIN,50,28.0,27.047619047619047,0.014064661387739433,-0.1946150014726619,59.75,27.510476978218914,0.07945109036627507,0.208910435312019,CLE,0,58.0,25.45793650793651,0.56
2024,8,2024_08_PHI_CIN,CIN,57,40.0,31.404761904761905,0.12615964220215878,-0.0009322542729809222,57.0,26.78851077238174,0.08055423561084626,0.06804543552202297,PHI,0,60.5,29.313947876447873,0.7017543859649122
2024,9,2024_09_LV_CIN,CIN,69,41.0,33.73076923076923,0.10842986498028039,0.08859871780297215,55.75,28.985855094726062,0.09955327435175013,0.026023875127331748,LV,0,63.75,31.917520908004782,0.5942028985507246
2024,10,2024_10_CIN_BAL,CIN,76,61.0,25.95,0.1460146954202133,0.0994052654984313,56.5,30.779658513529483,0.0960667619990575,-0.018383639970463793,BAL,0,57.5,27.932019573563693,0.8026315789473685
2024,11,2024_11_CIN_LAC,CIN,78,55.0,29.363636363636363,0.09006853103637702,0.103204795734177,63.0,29.533287545787545,0.09866721599759798,-0.0018858181110598358,LAC,3,58.75,31.553155778440406,0.7051282051282052
2024,13,2024_13_PIT_CIN,CIN,57,44.0,27.575757575757574,0.09533576063207674,-0.0004929456742832432,70.0,30.11229187479188,0.11766818340975738,0.0725691311906499,PIT,4,68.25,28.703586785591426,0.7719298245614035
2024,14,2024_14_CIN_DAL,CIN,63,46.0,27.685714285714287,0.11386151284706306,0.15660042494561535,70.0,29.15504079254079,0.10996221301723685,0.0726789583403243,DAL,-3,65.5,25.65702614379085,0.7301587301587301
2024,15,2024_15_CIN_TEN,CIN,63,37.0,27.482758620689655,0.03736550824062238,0.19490405664091096,68.5,27.643777056277052,0.11132012498393254,0.08967938512598511,TEN,-1,58.0,29.02697657639518,0.5873015873015873
2024,16,2024_16_CLE_CIN,CIN,55,36.0,41.0,0.09048281068151653,0.11405103122944907,65.25,28.02696671144947,0.0841578281890348,0.11355408291160501,CLE,0,67.5,28.17089947089947,0.6545454545454545
2024,17,2024_17_DEN_CIN,CIN,83,58.0,28.525,0.11572104082866154,0.14198116660070262,59.5,30.93605762054038,0.08426139810031968,0.11626564178542304,DEN,-3,61.25,28.1129329004329,0.6987951807228916
2024,18,2024_18_CIN_PIT,CIN,70,50.0,29.294117647058822,0.15681643784046176,-0.02887209802618514,66.0,31.173368226600985,0.08935771814946587,0.1518841698541695,PIT,-3,58.25,26.793168646769054,0.7142857142857143
2025,3,2025_03_CIN_MIN,CIN,52,31.0,32.714285714285715,-0.05787040106952181,-0.7874375241005505,57.0,26.561714708056172,0.02382534342367174,-0.05801707011439243,MIN,0,48.5,27.07828282828283,0.5961538461538461
2025,4,2025_04_CIN_DEN,CIN,42,29.0,29.9375,0.036012417078018125,-0.25636486359050453,55.333333333333336,28.612571710132688,-0.0034065714073927764,-0.3011572214431118,DEN,0,56.666666666666664,28.396214896214897,0.6904761904761905
2025,5,2025_05_DET_CIN,CIN,58,45.0,20.5,0.2278126191634398,-0.12007004935986139,52.0,28.943803782599517,0.006448175713959949,-0.28995913197996,DET,-1,60.25,29.259866621067033,0.7758620689655172
2025,6,2025_06_CIN_GB,CIN,61,45.0,25.636363636363637,0.03736449837684638,0.09290518327846535,54.25,27.37940984320558,0.06341202188660947,-0.29275960739263196,GB,-7,61.25,28.709656084656086,0.7377049180327869
2025,7,2025_07_PIT_CIN,CIN,69,49.0,23.2,0.07425651041900413,0.32944476488115465,53.25,27.197037337662337,0.06082978338719563,-0.26774181344311276,PIT,0,52.75,29.9160815047022,0.7101449275362319
2025,8,2025_08_NYJ_CIN,CIN,58,36.0,30.91304347826087,0.06938987626479222,0.26451323789942416,57.5,24.818465909090907,0.09386151125932712,0.011478758802313527,NYJ,3,62.0,25.706835655531307,0.6206896551724138
2025,9,2025_09_CHI_CIN,CIN,65,51.0,24.178571428571427,0.027929784854253143,0.2308691931862507,61.5,25.06235177865613,0.10220587605602063,0.14169828417479569,CHI,0,62.5,27.373960802908172,0.7846153846153846
2025,11,2025_11_CIN_PIT,CIN,63,41.0,24.5,-0.0024195842444897277,-0.2367134077001291,63.25,25.981994635798983,0.05223516747872397,0.22943309481132373,PIT,7,55.5,28.881200396825395,0.6507936507936508
2025,12,2025_12_NE_CIN,CIN,61,38.0,32.3235294117647,-0.07814209562976182,-0.1933742815397272,63.75,25.697903726708077,0.04228914682338994,0.14702844706667512,NE,-3,61.25,30.794342789994964,0.6229508196721312
2025,13,2025_13_CIN_BAL,CIN,80,48.0,23.3265306122449,0.08031850950471286,-0.002346606773383525,61.75,27.97878607964925,0.004189495311198454,0.016323685461454657,BAL,0,58.5,28.55219202468188,0.6
2025,14,2025_14_CIN_BUF,CIN,57,38.0,27.892857142857142,-0.051298294103506836,0.11888895329908253,67.25,26.082157863145255,0.006921653621178615,-0.050391275706747264,BUF,3,64.75,29.102083333333333,0.6666666666666666
2025,15,2025_15_BAL_CIN,CIN,71,44.0,29.541666666666668,-0.10174334049224845,-0.3091005075363854,65.25,27.010729291716686,-0.012885366118261379,-0.07838633567853931,BAL,0,61.25,27.619332694763727,0.6197183098591549
2025,16,2025_16_CIN_MIA,CIN,61,36.0,28.02857142857143,0.12415461651980877,0.3721539016830053,67.25,28.271145958383354,-0.03771630518020106,-0.09648311063760337,MIA,1,55.25,34.4515339732731,0.5901639344262295
2025,17,2025_17_ARI_CIN,CIN,70,41.0,30.666666666666668,0.13047034343083705,0.3402397610588284,67.25,27.197406462585036,0.012857872857191588,0.044898935168079745,ARI,0,60.25,27.87469696969697,0.5857142857142857
2025,18,2025_18_CLE_CIN,CIN,67,43.0,30.55263157894737,-0.06425024337238736,-0.11326667210612665,64.75,29.032440476190477,0.025395831338722634,0.13054552712613274,CLE,0,58.75,26.747186147186145,0.6417910447761194
2022,3,2022_03_PIT_CLE,CLE,71,33.0,28.26086956521739,-0.054540239712771284,0.11158405241180872,68.0,30.017543859649123,-0.030315429971712347,0.15465423506999829,PIT,0,59.0,31.3859649122807,0.4647887323943662
2022,4,2022_04_CLE_ATL,CLE,71,38.0,29.257142857142856,-0.08221798754015631,0.05238017793338416,69.0,29.431985761505214,-0.038390366552065326,0.14029750751726844,ATL,3,59.666666666666664,32.37539682539683,0.5352112676056338
2022,5,2022_05_LAC_CLE,CLE,65,36.0,25.303030303030305,-0.06483532215763879,0.17544436539574407,69.5,29.388275035414622,-0.04934727179908807,0.11831817512129736,LAC,0,64.25,27.94065635451505,0.5538461538461539
2022,6,2022_06_NE_CLE,CLE,68,50.0,25.192307692307693,-0.09586889993759888,-0.2824056561000698,67.75,28.672365944505533,-0.04860384287244572,0.15831584548639294,NE,0,59.75,29.489950980392155,0.7352941176470589
2022,7,2022_07_CLE_BAL,CLE,56,34.0,27.379310344827587,-0.008848320692777613,0.07629365208537883,68.75,27.003337604424562,-0.07436561233704132,0.014250734910216792,BAL,0,59.25,31.345267072346182,0.6071428571428571
2022,8,2022_08_CIN_CLE,CLE,67,25.0,35.05882352941177,-0.044513919431230356,0.21027538728454975,65.0,26.78294779932711,-0.0629426325820429,0.005428134828609321,CIN,0,59.5,26.26295319264069,0.373134328358209
2022,10,2022_10_CLE_MIA,CLE,61,42.0,29.17391304347826,0.0037526056684296805,-0.09106047576536465,64.0,28.23336796739434,-0.05351661555481141,0.044901937166400716,MIA,6,61.5,28.42889438148059,0.6885245901639344
2022,11,2022_11_CLE_BUF,CLE,67,45.0,32.21212121212121,-0.013483451235862,0.08189289582987716,63.0,29.20108865250633,-0.036369633598294294,-0.021724273123876463,BUF,0,64.0,29.98824513949343,0.6716417910447762
2022,12,2022_12_TB_CLE,CLE,75,43.0,30.514285714285716,-0.03320144286209887,0.024984683930894164,62.75,30.956042032459706,-0.015773271422860072,0.06935036485861026,TB,-7,68.5,28.75968013468014,0.5733333333333334
2022,13,2022_13_CLE_HOU,CLE,58,24.0,26.685714285714287,-0.1018736657015113,-0.23208451359295754,67.5,31.73978587482424,-0.021861551965190386,0.056523122819989106,HOU,0,57.5,30.99342105263158,0.41379310344827586
2022,14,2022_14_CLE_CIN,CLE,69,47.0,33.18181818181818,-0.17763855446268012,-0.13943221586810128,65.25,29.646508563899868,-0.03620148853276062,-0.054066852399387716,CIN,0,64.75,29.408910533910536,0.6811594202898551
2022,15,2022_15_BAL_CLE,CLE,61,32.0,27.275862068965516,0.08033234008720942,0.03027423261207153,67.25,30.64848484848485,-0.08154927856553806,-0.06615978742507188,BAL,0,64.5,29.397236740224546,0.5245901639344263
2022,16,2022_16_NO_CLE,CLE,67,33.0,31.466666666666665,-0.2789042016698256,-0.2542336623721943,65.75,29.414420062695925,-0.058095330734770204,-0.07906445322952328,NO,1,54.25,30.004563492063493,0.4925373134328358
2022,17,2022_17_CLE_WAS,CLE,50,25.0,28.066666666666666,-0.042692851375889115,0.17733330968723993,63.75,29.652515300791162,-0.11952102043670189,-0.14886903980529542,WAS,0,67.0,32.49802604802605,0.5
2022,18,2022_18_CLE_PIT,CLE,57,40.0,25.285714285714285,-0.007315976654782054,-0.014812979699120902,61.75,29.997753396029257,-0.10472581685529635,-0.046514583985246036,PIT,0,63.5,32.832345696899445,0.7017543859649122
2023,3,2023_03_TEN_CLE,CLE,67,37.0,33.333333333333336,0.09968180377637186,0.021764710145077255,78.0,26.742897727272727,-0.01087777479128403,-0.17375711408479122,TEN,-1,61.0,30.652310924369747,0.5522388059701493
2023,4,2023_04_BAL_CLE,CLE,64,43.0,26.19047619047619,-0.0182039079994991,-0.5140968351217509,74.33333333333333,28.939709595959595,0.025975418064601265,-0.10858317267483504,BAL,0,66.66666666666667,28.52307042277811,0.671875
2023,6,2023_06_SF_CLE,CLE,69,37.0,25.571428571428573,-0.05522702461065254,-0.19526810144657114,71.75,28.252401244588746,0.014930586548576173,-0.209961588286564,SF,7,61.5,31.232779146141215,0.5362318840579711
2023,7,2023_07_CLE_IND,CLE,71,39.0,22.87878787878788,-0.16027550433957297,-0.1635489457513014,70.75,28.19994588744589,0.011537834721779727,-0.22395902222814168,IND,0,69.5,29.804029304029303,0.5492957746478874
2023,8,2023_08_CLE_SEA,CLE,74,37.0,30.08108108108108,-0.04430428824641485,-0.08579944052201037,67.75,26.993506493506494,-0.03350615829333819,-0.21278729304363653,SEA,0,61.25,27.58354166666667,0.5
2023,9,2023_09_ARI_CLE,CLE,70,33.0,35.27272727272727,-0.12169349635088891,-0.07796932140425701,69.5,26.18044343044343,-0.06950268129903486,-0.23967833071040845,ARI,0,66.0,28.888304924242423,0.4714285714285714
2023,10,2023_10_CLE_BAL,CLE,75,46.0,20.25,-0.06609502976590949,0.08693490709910441,71.0,28.4510062010062,-0.0953750783868823,-0.130646452281035,BAL,0,63.5,30.706000948766604,0.6133333333333333
2023,11,2023_11_PIT_CLE,CLE,71,43.0,29.942857142857143,-0.09355851627410731,-0.1385044689907664,72.5,27.120649058149056,-0.09809207967569655,-0.0600957001446161,PIT,0,58.5,29.086560299795593,0.6056338028169014
2023,12,2023_12_CLE_DEN,CLE,70,48.0,25.6,-0.019318826496601108,-0.2822406434400321,72.5,28.886666374166374,-0.08141283265933014,-0.05383458095448235,DEN,0,60.25,30.296091546091546,0.6857142857142857
2023,13,2023_13_CLE_LA,CLE,69,46.0,31.666666666666668,0.044339619101362006,-0.09596306305276724,71.5,27.766396103896106,-0.07516646722187671,-0.10294488168398777,LA,0,59.75,27.628008789722784,0.6666666666666666
2023,14,2023_14_JAX_CLE,CLE,71,46.0,21.65,0.12457720664414496,-0.11807995619019081,71.25,26.86488095238095,-0.03365818835881398,-0.10744331709611533,JAX,1,64.75,30.281289640591968,0.647887323943662
2023,15,2023_15_CHI_CLE,CLE,67,49.0,29.866666666666667,0.13582077551455715,-0.3703540916182821,70.25,27.214880952380952,0.014009870743699634,-0.15869703291843912,CHI,0,67.25,30.743103187220836,0.7313432835820896
2023,16,2023_16_CLE_HOU,CLE,77,46.0,30.157894736842106,0.03208096210773171,0.11339988014695267,69.25,27.195833333333333,0.07135469369086575,-0.21665943857531805,HOU,0,61.25,27.96751525553013,0.5974025974025974
2023,17,2023_17_NYJ_CLE,CLE,58,30.0,31.181818181818183,-0.03258342544237765,-0.05723404000296322,71.0,28.33530701754386,0.08420464084194895,-0.11774930767857186,NYJ,0,68.0,28.3780525030525,0.5172413793103449
2023,18,2023_18_CLE_CIN,CLE,52,32.0,30.666666666666668,-0.1393843624326919,-0.25429601322461026,68.25,28.21409489633174,0.06497387970601405,-0.10806705191612086,CIN,3,64.25,31.71525974025974,0.6153846153846154
2024,3,2024_03_NYG_CLE,CLE,63,48.0,23.333333333333332,0.03902609575362433,-0.3773815541683258,67.5,26.414956011730204,0.0436132107343938,-0.12476276969511853,NYG,0,60.5,25.94272445820433,0.7619047619047619
2024,4,2024_04_CLE_LV,CLE,57,42.0,28.542857142857144,0.0405425971580876,-0.11794547341168905,66.0,25.387748452264578,0.042084172407470644,-0.20896903118618762,LV,0,59.333333333333336,30.416499271337983,0.7368421052631579
2024,5,2024_05_CLE_WAS,CLE,59,39.0,19.22222222222222,0.10217434574257252,-0.30568817992423714,63.75,26.17652562491272,0.041698778595124886,-0.18621314174256298,WAS,0,61.5,33.00378477905073,0.6610169491525424
2024,6,2024_06_CLE_PHI,CLE,53,30.0,30.733333333333334,-0.04619464399041349,-0.02047589263765249,61.0,25.572990271377368,0.04282203845513119,-0.1946690892687658,PHI,-7,65.25,29.023809523809526,0.5660377358490566
2024,7,2024_07_CIN_CLE,CLE,77,57.0,28.78048780487805,0.06672250368493665,-0.15467243608536546,58.0,25.45793650793651,0.033887098665967744,-0.20537277503547613,CIN,0,59.75,27.510476978218914,0.7402597402597403
2024,8,2024_08_BAL_CLE,CLE,67,44.0,28.512820512820515,0.03171422982469522,0.13171000165279886,61.5,26.819725125822686,0.04081120064879582,-0.14969549551473602,BAL,1,61.75,29.253908891142665,0.6567164179104478
2024,9,2024_09_LAC_CLE,CLE,76,56.0,26.857142857142858,0.04873042926192284,-0.27078907886965997,64.0,26.812215968313527,0.03860410881544773,-0.08728162674861403,LAC,0,62.75,31.967131398013752,0.7368421052631579
2024,11,2024_11_CLE_NO,CLE,71,52.0,24.11764705882353,-0.035118657115258654,0.030216584921357197,68.25,28.72094612704369,0.025243129695285308,-0.07855685148496974,NO,7,64.75,25.036559696342305,0.7323943661971831
2024,12,2024_12_PIT_CLE,CLE,57,31.0,31.555555555555557,0.037383253601464356,0.005225544952738633,72.75,27.067024558416236,0.028012126414074016,-0.06588373209521732,PIT,0,67.75,27.33516573295985,0.543859649122807
2024,13,2024_13_CLE_DEN,CLE,85,63.0,25.476190476190474,0.021640074572392875,-0.06116876458693562,67.75,27.760791496085616,0.020677313893205942,-0.0259092368356913,DEN,3,61.75,28.47239583333333,0.7411764705882353
2024,14,2024_14_CLE_PIT,CLE,69,45.0,25.51851851851852,-0.06264054372503945,-0.16220861044955426,72.25,27.001633986928105,0.01815877508013036,-0.07412892839562492,PIT,-1,69.0,28.629303226013754,0.6521739130434783
2024,15,2024_15_KC_CLE,CLE,59,41.0,30.133333333333333,-0.0057694280431385084,-0.5222386951110393,70.5,26.66697790227202,-0.009683968166610215,-0.04698381129059849,KC,0,62.0,26.76200894678557,0.6949152542372882
2024,16,2024_16_CLE_CIN,CLE,63,42.0,30.90909090909091,-0.1708207204937935,-0.2803599524232262,67.5,28.17089947089947,-0.002346660898580178,-0.1850976312986976,CIN,0,65.25,28.02696671144947,0.6666666666666666
2024,17,2024_17_MIA_CLE,CLE,76,49.0,24.18421052631579,-0.08135389629751448,-0.36496926899427634,69.0,28.00928330928331,-0.05439765442239464,-0.2564940056426888,MIA,0,64.5,31.874769585253457,0.6447368421052632
2024,18,2024_18_CLE_BAL,CLE,54,37.0,33.1,-0.06123046949505794,-0.45329058186378923,66.75,27.686288321814637,-0.08014614713987148,-0.332444131744524,BAL,-4,62.25,30.981383134649207,0.6851851851851852
2025,3,2025_03_GB_CLE,CLE,56,37.0,24.14814814814815,-0.026538095374902097,-0.1516207070162319,71.5,25.432539682539684,0.013173042042624405,-0.1570745889241508,GB,-3,53.5,28.17857142857143,0.6607142857142857
2025,4,2025_04_CLE_DET,CLE,64,38.0,29.19047619047619,-0.06510319919497876,-0.3630427129297361,66.33333333333333,25.00440917107584,-6.400376321776212e-05,-0.15525662828817785,DET,1,62.333333333333336,30.248449612403103,0.59375
2025,5,2025_05_MIN_CLE,CLE,66,35.0,27.88372093023256,-0.09087042109324384,-0.011413968600349673,65.75,26.050925925925924,-0.016323802621158012,-0.2072031494485674,MIN,0,56.75,27.007891414141415,0.5303030303030303
2025,6,2025_06_CLE_PIT,CLE,75,58.0,16.689655172413794,-0.05688520091952698,-0.18536203440857082,64.5,26.36114187276978,-0.03815226398793525,-0.19725610747154865,PIT,-7,52.25,28.38677115987461,0.7733333333333333
2025,7,2025_07_MIA_CLE,CLE,52,23.0,26.27777777777778,-0.2529038929420968,-0.07904378209648652,65.25,24.478000110317673,-0.059849229145662916,-0.17785985573872212,MIA,0,56.0,27.785530303030303,0.4423076923076923
2025,8,2025_08_CLE_NE,CLE,53,39.0,32.611111111111114,-0.04804070747416956,-0.34897145228457715,64.25,25.010407517725078,-0.1164406785374616,-0.1597156245087858,NE,0,54.75,31.535955598455597,0.7358490566037735
2025,10,2025_10_CLE_NYJ,CLE,70,43.0,25.31111111111111,-0.047121355379069294,-0.08239375050718022,61.5,25.865566247883812,-0.1121750556072593,-0.15619780934749605,NYJ,0,65.0,27.435096525096526,0.6142857142857143
2025,11,2025_11_BAL_CLE,CLE,54,33.0,27.03448275862069,-0.07243828773498534,-0.40910965357742163,62.5,25.22241379310345,-0.10123778917871566,-0.17394275482420368,BAL,0,63.25,27.41090165796048,0.6111111111111112
2025,12,2025_12_CLE_LV,CLE,47,21.0,32.666666666666664,-0.044615389779210056,-0.2182791154299419,57.25,27.80862068965517,-0.10512606088258025,-0.22987965961641638,LV,1,51.5,26.676523297491038,0.44680851063829785
2025,13,2025_13_SF_CLE,CLE,61,30.0,33.42424242424242,-0.16680519355506432,-0.1953979475391709,56.0,29.405842911877393,-0.053053935091858566,-0.26468849294978025,SF,1,60.5,30.896726190476194,0.4918032786885246
2025,14,2025_14_TEN_CLE,CLE,66,48.0,26.96969696969697,0.015559543010800418,-0.0569276697629518,58.0,29.609125740160223,-0.08274505661208226,-0.22629511676342867,TEN,0,56.0,29.05374361430396,0.7272727272727273
2025,15,2025_15_CLE_CHI,CLE,56,42.0,19.0,-0.15105088055133825,-0.46604477048257265,57.0,30.02377220480669,-0.06707483201461482,-0.21992859657737157,CHI,0,71.25,27.711961173358233,0.75
2025,16,2025_16_BUF_CLE,CLE,64,37.0,28.285714285714285,0.07844869916637746,-0.09587976092174288,57.5,28.015151515151516,-0.08672798021870305,-0.2341623758036593,BUF,0,65.25,29.67070434646654,0.578125
2025,17,2025_17_PIT_CLE,CLE,49,28.0,32.733333333333334,-0.004149933119077904,-0.23366147501633067,61.75,26.91991341991342,-0.055961957982306174,-0.20356253717660955,PIT,0,56.25,27.730085440874912,0.5714285714285714
2025,18,2025_18_CLE_CIN,CLE,52,30.0,28.076923076923077,0.02418725681491197,-0.12539844451237508,58.75,26.747186147186145,-0.015298142873309566,-0.21312841904589952,CIN,0,64.75,29.032440476190477,0.5769230769230769
2022,3,2022_03_DAL_NYG,DAL,59,31.0,30.575757575757574,-0.06284508332610125,0.18295199035866044,60.5,28.136904761904763,-0.0955811093768312,-0.17283240480491896,NYG,0,64.0,28.734375,0.5254237288135594
2022,4,2022_04_WAS_DAL,DAL,57,29.0,24.137931034482758,-0.09500261265784504,-0.18321254073436324,60.0,28.9498556998557,-0.08466910069325455,-0.05423760641705916,WAS,-1,72.66666666666667,27.937960844139337,0.5087719298245614
2022,5,2022_05_DAL_LA,DAL,51,19.0,34.81818181818182,-0.11384307245413466,-0.11900481836203287,59.25,27.746874533512464,-0.08725247868440217,-0.08648133999638519,LA,1,61.5,30.497835497835496,0.37254901960784315
2022,6,2022_06_DAL_PHI,DAL,64,38.0,25.11111111111111,-0.22980095852505086,-0.06443290033002341,56.25,30.049634273772206,-0.08278924452865288,-0.03054164675716321,PHI,0,69.75,26.281800189058252,0.59375
2022,7,2022_07_DET_DAL,DAL,57,28.0,26.93103448275862,-0.06654515701371277,0.027083186637269347,57.75,28.660745384883317,-0.12537293174078296,-0.045924567266939775,DET,-7,66.25,27.578084415584414,0.49122807017543857
2022,8,2022_08_CHI_DAL,DAL,55,28.0,25.545454545454547,0.051863556297925856,0.44670804118928087,57.25,27.749564611633577,-0.12629795016268583,-0.08489176819728754,CHI,1,61.5,29.47307837608728,0.509090909090909
2022,10,2022_10_DAL_GB,DAL,79,48.0,21.863636363636363,-0.04133181302052621,0.007505137531552194,56.75,28.101445489376523,-0.08958140792374311,0.0725883772836235,GB,7,61.75,28.510155122655124,0.6075949367088608
2022,11,2022_11_DAL_MIN,DAL,70,32.0,34.541666666666664,-0.16722755134105688,0.28904199408188497,63.75,24.862809125740164,-0.07145359306534099,0.10421586625701976,MIN,0,65.0,28.3817396313364,0.45714285714285713
2022,12,2022_12_NYG_DAL,DAL,68,31.0,29.045454545454547,-0.12702328641459631,0.14236666576014043,65.25,27.22044801462905,-0.0558102412693425,0.19258458985999685,NYG,0,68.25,27.246670132699546,0.45588235294117646
2022,13,2022_13_IND_DAL,DAL,66,32.0,25.0,-0.11482605213920277,0.2135783375210453,68.0,27.74905303030303,-0.07092977361956339,0.22140545964071462,IND,4,60.75,28.913522465437786,0.48484848484848486
2022,14,2022_14_HOU_DAL,DAL,70,42.0,23.61904761904762,-0.09703509271144867,-0.02442233430621372,70.75,27.612689393939394,-0.11260217572884555,0.16312303372365572,HOU,0,58.75,28.95394736842105,0.6
2022,15,2022_15_DAL_JAX,DAL,74,34.0,31.24137931034483,-0.09325267111553866,0.04509885212197223,68.5,28.05154220779221,-0.12652799565157616,0.15514116576421424,JAX,0,61.5,26.588895173454,0.4594594594594595
2022,16,2022_16_PHI_DAL,DAL,70,44.0,30.108695652173914,-0.09010777049339734,0.05850605118042994,69.5,27.226470368711748,-0.1080342755951966,0.09415538027423608,PHI,0,70.0,23.097027972027973,0.6285714285714286
2022,17,2022_17_DAL_TEN,DAL,74,44.0,24.674418604651162,-0.07073397705188161,0.0022969097941888394,70.0,27.49228064539159,-0.09880539661489686,0.07319022662930845,TEN,0,57.5,30.253704628704632,0.5945945945945946
2022,18,2022_18_DAL_WAS,DAL,66,42.0,25.5,-0.1753315627574921,-0.4818433897409262,72.0,27.410885296554383,-0.08778237784306657,0.020369869697594335,WAS,3,69.25,32.13681555309462,0.6363636363636364
2023,3,2023_03_DAL_ARI,DAL,75,45.0,27.096774193548388,-0.02848179375424102,0.06206648776435302,67.5,31.113636363636363,-0.010058043295877088,0.05846290314785675,ARI,0,59.5,31.844771241830067,0.6
2023,4,2023_04_NE_DAL,DAL,66,40.0,29.63157894736842,0.16656546430154281,0.11402779287118249,70.0,29.774682306940374,-0.016199293448665063,0.05966409802002218,NE,0,72.66666666666667,26.35730565730566,0.6060606060606061
2023,5,2023_05_DAL_SF,DAL,48,30.0,23.333333333333332,0.21494926810264586,-0.4466797269752925,69.0,29.738906467047386,0.029491895988886907,0.07325502173281226,SF,0,60.75,31.020324933687004,0.625
2023,6,2023_06_DAL_LAC,DAL,59,38.0,26.6875,0.006862035393714927,0.07469932552948592,67.25,26.697239800380718,0.09413294648657775,-0.0533923512038232,LAC,-7,66.0,27.642896825396825,0.6440677966101694
2023,8,2023_08_LA_DAL,DAL,60,41.0,29.933333333333334,0.18282516631815182,0.16298307785155913,62.0,26.687296618562534,0.08997374351091565,-0.04897153020256777,LA,6,62.25,28.21809012066365,0.6833333333333333
2023,9,2023_09_DAL_PHI,DAL,70,53.0,28.06896551724138,0.07828275652395353,0.1207983331152975,58.25,27.396436403508773,0.14280048352901387,-0.02374238268076624,PHI,0,68.0,30.444022616816735,0.7571428571428571
2023,10,2023_10_NYG_DAL,DAL,76,46.0,30.95,-0.02615774709444784,0.309865573862848,59.25,27.00578304597701,0.12072980658461654,-0.022049747619737492,NYG,0,66.5,27.603983853983856,0.6052631578947368
2023,11,2023_11_DAL_CAR,DAL,65,42.0,25.1875,0.06116011346641341,0.18181384805329628,66.25,28.909949712643677,0.06045305278534311,0.16708657758979764,CAR,-3,64.25,23.75019934530804,0.6461538461538462
2023,12,2023_12_WAS_DAL,DAL,51,34.0,26.3,0.13268804922699934,0.4576479048020379,67.75,28.534949712643677,0.07402757230351772,0.19386520822075023,WAS,0,70.75,28.892547928262214,0.6666666666666666
2023,13,2023_13_SEA_DAL,DAL,78,47.0,26.115384615384617,0.03141783873240159,0.17725046138628683,65.5,27.62661637931035,0.06149329303072961,0.2675314149583699,SEA,0,58.5,27.936773255813954,0.6025641025641025
2023,14,2023_14_PHI_DAL,DAL,74,43.0,25.72,-0.06466733691868955,0.037697515448243686,67.5,27.138221153846153,0.049777063582841626,0.28164444702611724,PHI,3,61.0,30.089392701525053,0.581081081081081
2023,15,2023_15_DAL_BUF,DAL,57,41.0,24.5,-0.04045609881480526,-0.09418128619899674,67.0,25.830721153846156,0.0401496661267812,0.21360243242246615,BUF,0,70.75,26.08420138888889,0.7192982456140351
2023,16,2023_16_DAL_MIA,DAL,60,38.0,28.68,-0.020446593242306858,0.060105015170540545,65.0,25.658846153846156,0.01474561305647653,0.14460364885939292,MIA,0,62.5,32.26350108225108,0.6333333333333333
2023,17,2023_17_DET_DAL,DAL,61,41.0,28.451612903225808,0.06373031288385388,-0.040947743823969054,67.25,26.25384615384615,-0.02353804756085002,0.04521792645151858,DET,0,64.25,29.46118073260614,0.6721311475409836
2023,18,2023_18_DAL_WAS,DAL,69,40.0,25.483870967741936,0.03064052462577821,0.3637523911570042,63.0,26.83790322580645,-0.015459929022986946,-0.009331624851045392,WAS,1,53.5,29.0219696969697,0.5797101449275363
2024,3,2024_03_BAL_DAL,DAL,72,57.0,23.235294117647058,0.10435466766357415,0.006180520903408562,62.0,29.464285714285715,-0.06480129799535198,-0.1414010712777788,BAL,0,67.5,28.48435972629521,0.7916666666666666
2024,4,2024_04_DAL_NYG,DAL,50,28.0,27.333333333333332,0.006102477014064779,0.20791502489900998,65.33333333333333,27.38795518207283,-0.008415976109043266,-0.09220720721738301,NYG,0,62.333333333333336,27.53652894914772,0.56
2024,5,2024_05_DAL_PIT,DAL,75,45.0,26.595238095238095,0.028244853019714276,0.11317536288129995,61.5,27.374299719887954,-0.004786362828266255,-0.017176649188284758,PIT,3,63.5,29.387373104478367,0.6
2024,6,2024_06_DET_DAL,DAL,65,49.0,27.235294117647058,0.042847537994384746,-0.5458672392776538,65.5,26.728466386554622,-0.0015301627665758504,0.038853440506323486,DET,-6,64.25,32.230861801242234,0.7538461538461538
2024,8,2024_08_DAL_SF,DAL,58,40.0,28.225806451612904,0.009208431138711741,-0.01797359071852593,65.5,26.099789915966383,0.04538738392293448,-0.054649082648483824,SF,7,60.0,31.799928774928777,0.6896551724137931
2024,9,2024_09_DAL_ATL,DAL,74,55.0,29.36,0.1112466182174354,-0.006381509031356207,62.0,27.347417999457846,0.021600824791718883,-0.060687610553967444,ATL,0,68.5,26.166013071895424,0.7432432432432432
2024,10,2024_10_PHI_DAL,DAL,56,32.0,26.0,-0.1010781642463472,-0.7085975825744608,68.0,27.854084666124514,0.04788686009256154,-0.11426174403655899,PHI,0,63.5,30.827930136018367,0.5714285714285714
2024,11,2024_11_HOU_DAL,DAL,79,62.0,21.533333333333335,0.08323019112531961,-0.3053468709088244,63.25,27.70527514231499,0.015556105776046169,-0.3197049804004992,HOU,0,66.25,30.729861896681747,0.7848101265822784
2024,12,2024_12_DAL_WAS,DAL,61,34.0,30.205882352941178,0.06479036808013917,-0.05523064933276687,66.75,26.27978494623656,0.02565176905877988,-0.25957488830829184,WAS,-4,63.0,27.375974025974024,0.5573770491803278
2024,13,2024_13_NYG_DAL,DAL,66,37.0,24.88888888888889,0.01627747056096106,-0.14145098609861034,67.5,26.774803921568626,0.03954725329413674,-0.26888915296185206,NYG,0,63.75,31.114099610067353,0.5606060606060606
2024,14,2024_14_CIN_DAL,DAL,59,35.0,30.47222222222222,-0.0386247872672182,-0.016483464782388355,65.5,25.65702614379085,0.015804966380018156,-0.3026565222286656,CIN,3,70.0,29.15504079254079,0.5932203389830508
2024,15,2024_15_DAL_CAR,DAL,68,29.0,29.16,-0.11098887631669638,0.20379833957529114,66.25,26.775081699346405,0.03141831062480041,-0.1296279927806475,CAR,-1,63.25,28.386562049062046,0.4264705882352941
2024,16,2024_16_TB_DAL,DAL,53,36.0,28.227272727272727,0.06546311676502231,0.013397129794003544,63.5,28.681748366013075,-0.01713645623570359,-0.0023416901596186035,TB,0,66.0,30.619688109161793,0.6792452830188679
2024,17,2024_17_DAL_PHI,DAL,60,31.0,28.956521739130434,-0.03991583811825723,-0.30404382732854823,61.5,28.187095959595958,-0.016968269064482802,0.014815254622074,PHI,0,63.25,27.088791423001947,0.5166666666666667
2024,18,2024_18_WAS_DAL,DAL,75,37.0,29.76086956521739,-0.08824959982718739,-0.04375298736429016,60.0,29.204004172156345,-0.031016596234287378,-0.02583295568541047,WAS,0,72.5,26.518749999999997,0.49333333333333335
2025,3,2025_03_DAL_CHI,DAL,68,48.0,31.379310344827587,-0.04778020642697802,-0.03952215125042562,69.0,22.179487179487182,0.020430800127368313,0.08448727031647789,CHI,0,63.5,24.074404761904763,0.7058823529411765
2025,4,2025_04_GB_DAL,DAL,67,41.0,26.36111111111111,0.012967802011049693,0.3580656074350035,68.66666666666667,25.246094901267316,-0.0023062020574137984,0.04315079646084338,GB,0,55.666666666666664,29.193121693121693,0.6119402985074627
2025,5,2025_05_DAL_NYJ,DAL,56,33.0,26.608695652173914,0.051833572211088856,0.3599104924790043,68.25,25.524848953728267,0.0015122989597020743,0.1218794992043834,NYJ,1,57.5,25.609066457762108,0.5892857142857143
2025,6,2025_06_DAL_CAR,DAL,52,34.0,28.4,0.020869466289877913,0.17961180428658058,68.5,26.22189466164354,0.01931447412620937,0.20303759285682468,CAR,0,64.75,26.988095238095237,0.6538461538461539
2025,7,2025_07_WAS_DAL,DAL,60,33.0,18.928571428571427,0.08813556087644484,0.0981709250624198,60.75,28.187279277028154,0.00947265852125961,0.21451643823754069,WAS,1,54.25,27.618255528255528,0.55
2025,8,2025_08_DAL_DEN,DAL,68,42.0,29.346153846153847,0.04933193964617596,0.05669074314944775,58.75,25.07459454796411,0.04345160034711532,0.24893970731575205,DEN,0,70.0,26.831924019607843,0.6176470588235294
2025,9,2025_09_ARI_DAL,DAL,64,47.0,25.88,-0.007313162088394169,-0.11113330770290651,59.0,25.820855231724796,0.05254263475589689,0.17359599124436312,ARI,-7,67.0,28.397278190173203,0.734375
2025,11,2025_11_DAL_LV,DAL,61,34.0,27.923076923076923,0.06095707168181739,0.13367651452533785,61.0,25.638681318681318,0.037755951181026134,0.05583504119888539,LV,3,50.75,29.114023297491038,0.5573770491803278
2025,12,2025_12_PHI_DAL,DAL,65,39.0,24.666666666666668,-0.1577947229146957,-0.021556584924375864,63.25,25.51945054945055,0.047777852529011004,0.04435121875857471,PHI,-1,57.5,28.66760211137747,0.6
2025,13,2025_13_KC_DAL,DAL,63,40.0,26.2,0.028352712653577344,0.23159094574665262,64.5,26.95397435897436,-0.013704718418774131,0.014419341261875792,KC,0,69.5,25.843649310629054,0.6349206349206349
2025,14,2025_14_DAL_DET,DAL,77,55.0,28.137931034482758,-0.01699457783251994,-0.013462049760707945,63.25,26.167435897435897,-0.018949525166923786,0.05814439191117701,DET,0,62.5,29.06478174603175,0.7142857142857143
2025,15,2025_15_MIN_DAL,DAL,69,40.0,24.88888888888889,-0.10778806157983262,0.11130291157724366,66.5,26.731918656056585,-0.021369879102955226,0.08256220639672665,MIN,3,51.0,30.20209478021978,0.5797101449275363
2025,16,2025_16_LAC_DAL,DAL,56,36.0,25.837209302325583,0.04169405478498216,0.0342270016826609,68.5,25.97337164750958,-0.06355616241836773,0.07696880565970311,LAC,0,60.5,28.351298449612404,0.6428571428571429
2025,17,2025_17_DAL_WAS,DAL,87,45.0,25.83783783783784,0.018375233002007038,0.21278323486448053,66.25,26.266007306424306,-0.013683967993448263,0.0909147023114623,WAS,-1,60.0,27.48002976190476,0.5172413793103449
2025,18,2025_18_DAL_NYG,DAL,53,26.0,30.692307692307693,-0.16286199291547138,-0.12970593135882505,72.25,26.175466765883765,-0.01617833790634084,0.08621277459091928,NYG,3,57.25,27.36015947125879,0.49056603773584906
2022,3,2022_03_SF_DEN,DEN,68,41.0,29.694444444444443,-0.031701572695556936,-0.24526424803122696,64.0,24.25765765765766,-0.03752875375469567,0.03185045817543475,SF,0,68.5,29.686904761904763,0.6029411764705882
2022,4,2022_04_DEN_LV,DEN,48,31.0,31.217391304347824,-0.12717507463512992,-0.19114176568291344,65.33333333333333,26.069919919919922,-0.03558636006831609,-0.060521110560119155,LV,0,61.333333333333336,33.186425339366515,0.6458333333333334
2022,5,2022_05_IND_DEN,DEN,69,45.0,25.314285714285713,0.1496113418884899,-0.21083138753619363,61.0,27.356787766026898,-0.05848353871001955,-0.09317627434081772,IND,0,67.25,30.131640260950604,0.6521739130434783
2022,6,2022_06_DEN_LAC,DEN,55,34.0,26.321428571428573,0.054634066627306084,-0.15319676026366416,62.25,27.218692527931655,-0.016906021539493388,-0.16689140198615754,LAC,3,65.25,25.96551564156946,0.6181818181818182
2022,7,2022_07_NYJ_DEN,DEN,75,48.0,25.75,-0.027121932669119303,-0.16399835594709153,60.0,28.136887508626636,0.01134219029627728,-0.20010854037849954,NYJ,-1,61.5,31.705088325652845,0.64
2022,8,2022_08_DEN_JAX,DEN,60,34.0,23.696969696969695,0.008317174017429405,0.019854937842077258,61.75,27.15077639751553,0.012487100302886689,-0.17979206735746567,JAX,0,60.75,27.092344497607655,0.5666666666666667
2022,10,2022_10_DEN_TEN,DEN,72,49.0,28.4390243902439,-0.01438617501773083,-0.12511718800831012,64.75,25.270670995670997,0.04636016246602652,-0.127042891476218,TEN,7,55.25,28.864362266553478,0.6805555555555556
2022,11,2022_11_LV_DEN,DEN,62,35.0,26.6,-0.060128577491816326,-0.008018786378357486,65.5,26.051855664660543,0.005360783239471338,-0.10561434159424714,LV,0,57.5,29.47097787833082,0.5645161290322581
2022,12,2022_12_DEN_CAR,DEN,57,40.0,25.952380952380953,-0.060740847388903334,-0.26727561048469123,67.25,26.121498521803396,-0.023329877790309265,-0.06931984812292047,CAR,0,60.0,28.35613738738739,0.7017543859649122
2022,13,2022_13_DEN_BAL,DEN,52,26.0,28.848484848484848,-0.16610686060709837,-0.13513205603114187,62.75,26.172093759898637,-0.03173460647025527,-0.0951391617573204,BAL,0,67.25,30.915544821032626,0.5
2022,14,2022_14_KC_DEN,DEN,69,53.0,32.333333333333336,0.10625727798627768,-0.09618350547616898,60.75,27.459972547777426,-0.0753406151263872,-0.13388591022562518,KC,0,62.0,27.11355795288722,0.7681159420289855
2022,15,2022_15_ARI_DEN,DEN,65,33.0,27.175,-0.04120975185413749,-0.04938370983903854,60.0,28.433549783549786,-0.04517975187538509,-0.1266524895925899,ARI,1,67.0,28.56494990224829,0.5076923076923077
2022,16,2022_16_DEN_LA,DEN,62,42.0,21.333333333333332,-0.06518394351005544,-0.2768164990757836,60.75,28.577299783549787,-0.04045004546596538,-0.13699372045776015,LA,1,54.75,30.94130083260518,0.6774193548387096
2022,17,2022_17_DEN_KC,DEN,66,43.0,28.157894736842106,-0.02663888130336996,-0.1642080287774904,62.0,27.422537878787878,-0.041560819496253405,-0.13937894260553324,KC,-1,61.5,29.018253968253966,0.6515151515151515
2022,18,2022_18_LAC_DEN,DEN,62,29.0,28.8125,-0.13399104947267582,0.1468593584552455,65.5,27.249890350877195,-0.006693824670321304,-0.14664793579212038,LAC,0,67.25,29.002845205320096,0.46774193548387094
2023,3,2023_03_DEN_MIA,DEN,59,39.0,37.666666666666664,-0.17095920443534857,-0.2650026304960414,59.5,30.03216374269006,-0.019587048264436913,0.06603903853714545,MIA,0,61.5,28.7125,0.6610169491525424
2023,4,2023_04_DEN_CHI,DEN,47,31.0,33.5625,0.11486419207519963,0.3491650230548411,59.333333333333336,32.576998050682256,-0.07004443365474079,-0.04430818447391683,CHI,0,58.0,29.147974101921474,0.6595744680851063
2023,5,2023_05_NYJ_DEN,DEN,57,40.0,29.653846153846153,0.008054393529892005,-0.2195638008167635,56.25,32.823373538011694,-0.02381727722225569,0.05406011740827265,NYJ,0,53.5,28.994949494949495,0.7017543859649122
2023,6,2023_06_DEN_KC,DEN,50,29.0,37.53846153846154,-0.11584725752472877,-0.32045556066353775,56.25,33.18127952091768,-0.004022521360052938,-0.0004010821814661933,KC,0,65.25,29.710251710654937,0.58
2023,7,2023_07_GB_DEN,DEN,55,31.0,27.296296296296298,-0.043858978483412026,0.09175026847599363,53.25,34.60536858974359,-0.040971969088746424,-0.11396424223037538,GB,-3,56.5,30.344665750915752,0.5636363636363636
2023,8,2023_08_KC_DEN,DEN,65,30.0,32.90909090909091,-0.15539847921442101,-0.06809205644140338,52.25,32.012775997150996,-0.009196912600762289,-0.024776017487366624,KC,0,64.0,29.82379079254079,0.46153846153846156
2023,10,2023_10_DEN_BUF,DEN,69,37.0,27.756756756756758,-0.15718539237976079,-0.002894640431620887,56.75,31.849423724423723,-0.07676258042316744,-0.12909028736142775,BUF,7,62.0,30.048887415266726,0.5362318840579711
2023,11,2023_11_MIN_DEN,DEN,52,37.0,33.22222222222222,0.03243358901568819,-0.041921913319353625,59.75,31.375151375151376,-0.11807252690058065,-0.0749229972651421,MIN,-1,68.0,29.436153846153847,0.7115384615384616
2023,12,2023_12_CLE_DEN,DEN,58,25.0,31.944444444444443,-0.1520086467266082,-0.02734540571490799,60.25,30.296091546091546,-0.0810023152654764,-0.00528958542909606,CLE,0,72.5,28.886666374166374,0.43103448275862066
2023,13,2023_13_DEN_HOU,DEN,58,35.0,29.285714285714285,0.03558237715200933,-0.21624920646151308,61.0,31.45812858312858,-0.10803973232627545,-0.03506350397682147,HOU,0,65.5,27.897163422163423,0.603448275862069
2023,14,2023_14_DEN_LAC,DEN,63,36.0,28.75,-0.014658183790743452,-0.04933805476494719,59.25,30.552284427284427,-0.06029451823466786,-0.0721027914818489,LAC,0,63.5,28.41630009775171,0.5714285714285714
2023,15,2023_15_DEN_DET,DEN,61,35.0,26.0,-0.05750673078000557,-0.12823080004490606,57.75,30.800595238095234,-0.024662716087413532,-0.08371364506518046,DET,0,64.0,27.021153493683737,0.5737704918032787
2023,16,2023_16_NE_DEN,DEN,66,44.0,31.333333333333332,0.008255988359451249,-0.09270630261744003,60.0,28.995039682539684,-0.047147796036336974,-0.10529086674656857,NE,1,59.0,29.482267742855978,0.6666666666666666
2023,17,2023_17_LAC_DEN,DEN,65,36.0,29.347826086956523,-0.004012300843192621,-0.04792571554313109,62.0,28.842261904761905,-0.007081637264822115,-0.1216310909722016,LAC,-1,63.5,28.133285984848484,0.5538461538461539
2023,18,2023_18_DEN_LV,DEN,58,40.0,28.16,0.05055327148273076,-0.04480246394463197,63.75,28.857789855072465,-0.016980306763622603,-0.0795502182426061,LV,0,60.0,28.81904761904762,0.6896551724137931
2024,3,2024_03_DEN_TB,DEN,63,39.0,33.333333333333336,-0.016730966170628983,0.08453726114317775,62.5,31.173076923076927,-0.02715967332615569,-0.2770972038742273,TB,0,52.5,35.12792642140468,0.6190476190476191
2024,4,2024_04_DEN_NYJ,DEN,54,26.0,31.352941176470587,-0.10466885203268465,-0.28492170227485214,62.666666666666664,31.893162393162395,-0.023683437607646785,-0.15655238220175896,NYJ,-3,58.333333333333336,31.86928104575163,0.48148148148148145
2024,5,2024_05_LV_DEN,DEN,54,31.0,20.37037037037037,0.01874436438083653,0.06907282755617074,60.5,31.75810708898944,-0.04392979121390626,-0.18864471222003226,LV,0,57.75,30.779041120170152,0.5740740740740741
2024,6,2024_06_LAC_DEN,DEN,54,42.0,27.0,-0.14196822792291652,-0.06120742111832873,56.75,29.472494553376908,-0.032996099030341564,-0.0936071753776178,LAC,-7,53.0,31.87448501578936,0.7777777777777778
2024,7,2024_07_DEN_NO,DEN,59,33.0,29.82758620689655,0.07950369049521053,0.12467548633453111,56.25,28.014161220043572,-0.061155920436348404,-0.0481297586734581,NO,0,60.5,27.02519493177388,0.559322033898305
2024,8,2024_08_CAR_DEN,DEN,71,42.0,29.954545454545453,0.10338927805423745,0.035369763308217374,55.25,27.137724438434375,-0.03709725626988853,-0.038095202375619766,CAR,3,57.75,29.83997326203209,0.5915492957746479
2024,9,2024_09_DEN_BAL,DEN,67,42.0,24.90625,-0.061546415090560885,-0.16082164986166772,59.5,26.78812550795309,0.014917276251841999,0.04197766402014761,BAL,0,63.25,27.219817982051755,0.6268656716417911
2024,10,2024_10_DEN_KC,DEN,55,33.0,27.566666666666666,0.037513176351785665,0.07283556316197032,62.75,27.922095415360502,-0.005155418616007355,-0.015495955334312004,KC,1,72.5,28.832481203007518,0.6
2024,11,2024_11_ATL_DEN,DEN,60,35.0,32.0,-0.017382864441190433,0.37719540593009715,63.0,28.063762082027168,0.03971493245266819,0.01801479073576276,ATL,0,64.25,28.379901960784313,0.5833333333333334
2024,12,2024_12_DEN_LV,DEN,65,44.0,29.416666666666668,0.03149273484311203,0.03901947515956494,63.25,28.60686553030303,0.015493293718567953,0.08114477063465426,LV,0,62.5,29.661338259441706,0.676923076923077
2024,13,2024_13_CLE_DEN,DEN,59,36.0,21.696969696969695,0.05088817245430415,0.06892106307396872,61.75,28.47239583333333,-0.0024808420842134006,0.08205719859749115,CLE,-3,67.75,27.760791496085616,0.6101694915254238
2024,15,2024_15_IND_DEN,DEN,58,37.0,32.17142857142857,0.024518374191678117,-0.31437489955568687,59.75,27.670075757575756,0.025627804802002857,0.13949287683140027,IND,-1,59.0,29.643253968253966,0.6379310344827587
2024,16,2024_16_DEN_LAC,DEN,63,44.0,29.166666666666668,0.06087015794985223,0.19349572844943208,60.5,28.82126623376623,0.022379104261975973,0.04269026115198597,LAC,0,52.25,29.24728999071104,0.6984126984126984
2024,17,2024_17_DEN_CIN,DEN,60,39.0,29.133333333333333,-0.03538143138090767,0.17167536599955885,61.25,28.1129329004329,0.04194235985973664,-0.0032346582181802946,CIN,3,59.5,30.93605762054038,0.65
2024,18,2024_18_KC_DEN,DEN,71,34.0,34.81818181818182,0.02998479721801624,0.410598724210551,60.0,28.042099567099566,0.02522381830373171,0.029929314491818182,KC,-3,65.75,27.4854569724707,0.4788732394366197
2025,3,2025_03_DEN_LAC,DEN,47,32.0,29.666666666666668,-0.0819674961028561,-0.04619461549997256,61.5,27.76098901098901,0.04805344353620415,0.02195817439612939,LAC,1,56.0,29.699494949494948,0.6808510638297872
2025,4,2025_04_CIN_DEN,DEN,77,44.0,27.1875,0.05427904034915721,0.22374861138304342,56.666666666666664,28.396214896214897,0.004713130323184068,-0.0007594222359045925,CIN,0,55.333333333333336,28.612571710132688,0.5714285714285714
2025,5,2025_05_DEN_PHI,DEN,71,44.0,23.666666666666668,-0.015302218737140758,0.07152680677414254,61.75,28.09403617216117,0.017104607829677355,0.05536758616883241,PHI,-1,59.0,28.542166082734035,0.6197183098591549
2025,6,2025_06_DEN_NYJ,DEN,55,33.0,27.823529411764707,-0.03856690110344642,-0.08565105830495126,62.25,27.290464743589745,0.004340710228192926,0.11022544750523502,NYJ,0,59.75,25.052850241545894,0.6
2025,7,2025_07_NYG_DEN,DEN,77,54.0,28.65,-0.01422944789131475,0.0835249880929781,62.5,27.086090686274513,-0.020389393898571515,0.04085743608806554,NYG,-3,66.0,27.06874026356785,0.7012987012987013
2025,8,2025_08_DAL_DEN,DEN,56,30.0,24.9375,0.02223074734210976,0.3662318562324344,70.0,26.831924019607843,-0.003454881845686179,0.0732873369863032,DAL,0,58.75,25.07459454796411,0.5357142857142857
2025,9,2025_09_DEN_HOU,DEN,62,40.0,22.26923076923077,0.01678370982408534,-0.09000114324388299,64.75,26.269424019607843,-0.011466955097448042,0.10890814819865095,HOU,0,68.5,29.228096903096905,0.6451612903225806
2025,10,2025_10_LV_DEN,DEN,55,30.0,27.4375,-0.03351996875390771,-0.2522768672431433,62.5,25.92006504524887,-0.0034454729571415177,0.06852616069414458,LV,0,52.5,30.59305555555555,0.5454545454545454
2025,11,2025_11_KC_DEN,DEN,60,41.0,30.96969696969697,0.09296381397125063,0.03274600573464167,62.5,25.82355769230769,-0.002183739869756841,0.02686970845959656,KC,-4,64.0,27.488812011241446,0.6833333333333333
2025,13,2025_13_DEN_WAS,DEN,69,48.0,26.377777777777776,0.005028341896832053,0.18286670500816082,58.25,26.403481934731936,0.024614575595884505,0.014174962870012455,WAS,0,57.5,27.846692523163114,0.6956521739130435
2025,14,2025_14_DEN_LV,DEN,72,43.0,33.21052631578947,0.05128082425095308,0.1552751960808553,61.5,26.76355137917638,0.020313974234565078,-0.03166632493605595,LV,0,58.75,28.2,0.5972222222222222
2025,15,2025_15_GB_DEN,DEN,64,36.0,26.595238095238095,-0.037167221970028315,0.1645561502371058,64.0,29.498875265816054,0.028938252841282014,0.02965275989512862,GB,0,55.75,28.90998405103668,0.5625
2025,16,2025_16_JAX_DEN,DEN,65,49.0,25.714285714285715,0.048202367499470676,-0.03301076542429189,66.25,29.28830978962558,0.028026439537251865,0.1338610142651909,JAX,0,57.75,28.941998626373625,0.7538461538461538
2025,17,2025_17_DEN_KC,DEN,70,44.0,33.29545454545455,0.0034475287795066633,0.09653450554695978,67.5,27.974456975772764,0.01683607791930687,0.1174218214754575,KC,0,56.25,26.39208880550344,0.6285714285714286
2025,18,2025_18_LAC_DEN,DEN,56,33.0,34.4,-0.22463701577747572,-0.18474615782707277,67.75,29.703876167691956,0.016440874639975525,0.09583877161015725,LAC,2,63.0,29.27330972780789,0.5892857142857143
2022,3,2022_03_DET_MIN,DET,75,42.0,30.613636363636363,0.04942917585372927,0.04391919112780847,62.0,28.254464285714285,-0.08593640728417226,0.09200498587632398,MIN,1,60.0,36.0625,0.56
2022,4,2022_04_SEA_DET,DET,68,43.0,23.4,-0.053255506183790116,0.26539605717499826,66.33333333333333,29.040854978354975,-0.04081454623820508,0.07597638762681881,SEA,0,54.0,28.870806100217866,0.6323529411764706
2022,5,2022_05_DET_NE,DET,63,39.0,31.227272727272727,-0.20463257123317044,-0.4364009377895857,66.75,27.630641233766234,-0.04392478622460134,0.12333130501386368,NE,0,59.5,29.368522408963585,0.6190476190476191
2022,7,2022_07_DET_DAL,DET,56,32.0,35.96875,-0.03684663176536562,-0.28810660438965385,66.25,27.578084415584414,-0.06487631660011348,-0.016918172280320554,DAL,7,57.75,28.660745384883317,0.5714285714285714
2022,8,2022_08_MIA_DET,DET,57,39.0,22.884615384615383,0.0655597457380006,0.19159991434675175,65.5,30.302414772727275,-0.06132638333214923,-0.10379807346910822,MIA,0,64.25,27.407047448165866,0.6842105263157895
2022,9,2022_09_GB_DET,DET,57,26.0,24.852941176470587,-0.1846481224423961,-0.12500260801900887,61.0,28.370159527972024,-0.057293740861081396,-0.06687789266437238,GB,0,59.75,27.77606421356421,0.45614035087719296
2022,10,2022_10_DET_CHI,DET,58,30.0,31.448275862068964,-0.07476300746202473,0.1829940902134433,58.25,28.733394822089675,-0.09014189492573288,-0.16447755896287417,CHI,0,70.25,29.457859220243122,0.5172413793103449
2022,11,2022_11_DET_NYG,DET,60,26.0,23.083333333333332,-0.026578987283366017,0.11251965154239443,57.0,28.78864560578873,-0.05767450398294646,-0.00962880196211692,NYG,0,64.75,27.396501782531196,0.43333333333333335
2022,12,2022_12_BUF_DET,DET,68,39.0,26.822222222222223,0.01399487227201457,0.03504951813059948,58.0,25.567291439122066,-0.055107592862446556,0.09052776202089516,BUF,0,62.0,27.790218360071304,0.5735294117647058
2022,13,2022_13_JAX_DET,DET,72,43.0,32.90909090909091,0.20344552970849542,0.28648311036273855,60.75,26.55169314852378,-0.06799881122894307,0.051390162966857084,JAX,3,63.5,28.826561207609593,0.5972222222222222
2022,14,2022_14_MIN_DET,DET,69,41.0,27.458333333333332,0.01947152518456977,0.23169857977209304,64.5,28.565730581678856,0.02902460180877981,0.15426159256229394,MIN,0,65.25,27.718185371400146,0.5942028985507246
2022,15,2022_15_DET_NYJ,DET,66,38.0,30.674418604651162,-0.046625052690505965,0.03494924124109608,67.25,27.56824494949495,0.05258323497042843,0.1664377149519564,NYJ,0,66.25,26.92386715296198,0.5757575757575758
2022,16,2022_16_DET_CAR,DET,62,46.0,28.285714285714285,-0.0385617228845755,0.06570456768536717,68.75,29.466016267324406,0.04757171861864345,0.14704511237663181,CAR,0,57.75,31.471129360835242,0.7419354838709677
2022,17,2022_17_CHI_DET,DET,67,31.0,29.63157894736842,0.021906419967611626,0.1865611372322208,67.25,29.83188928319742,0.034432569829495926,0.15470887476532372,CHI,0,54.75,29.961607142857144,0.4626865671641791
2022,18,2022_18_DET_GB,DET,59,36.0,20.87878787878788,0.0379596344935588,0.15441976177239677,66.0,29.0125112927668,-0.010952207605725017,0.12972838148269428,GB,0,62.0,31.0029602750191,0.6101694915254238
2023,3,2023_03_ATL_DET,DET,61,34.0,29.266666666666666,-0.053283708660226095,-0.015512912315113004,65.0,31.733699633699633,-0.06193687291221418,0.002218613744851331,ATL,0,62.0,26.71840242669363,0.5573770491803278
2023,4,2023_04_DET_GB,DET,72,31.0,34.88235294117647,-0.08740304765247167,0.13784743341768363,63.666666666666664,30.91135531135531,-0.059052484828218156,-0.003691894941803447,GB,0,58.0,30.153294733939898,0.4305555555555556
2023,5,2023_05_CAR_DET,DET,57,30.0,21.857142857142858,0.1630173176527025,0.25284859239074753,65.75,31.9041047188106,-0.06614012553428153,0.03169293714806832,CAR,3,68.0,29.354951834392295,0.5263157894736842
2023,6,2023_06_DET_TB,DET,68,48.0,28.25,0.04804806411266335,0.1483196718672661,63.5,29.765826330532214,-0.02754496558006843,0.08320084752002307,TB,-7,60.25,26.603065665875814,0.7058823529411765
2023,7,2023_07_DET_BAL,DET,73,59.0,13.666666666666666,-0.009654154380162486,-0.15742408825353138,64.5,28.5640406162465,0.017594656363167024,0.13087569634014606,BAL,0,65.75,30.14578547887746,0.8082191780821918
2023,8,2023_08_LV_DET,DET,79,38.0,27.06382978723404,-0.10016053142371002,-0.1338824860420999,67.5,24.664040616246496,0.028502044933182927,0.09539790235554146,LV,0,63.25,31.925,0.4810126582278481
2023,10,2023_10_DET_LAC,DET,61,33.0,28.294117647058822,-0.031208639343579637,0.44619612060142105,69.25,22.709409827760894,0.025312673990373343,0.02746542249059558,LAC,7,60.25,28.509722222222223,0.5409836065573771
2023,11,2023_11_CHI_DET,DET,59,39.0,23.59375,-0.0821348546366943,0.07415806177201657,70.25,24.31865352523988,-0.02324381525869719,0.07580230454326396,CHI,-3,65.5,28.560887512899896,0.6610169491525424
2023,12,2023_12_GB_DET,DET,79,51.0,26.545454545454547,0.04251772050674147,-0.13903085603853824,68.0,23.15459102523988,-0.05578954494603661,0.05726190201945158,GB,0,65.25,26.333274515339735,0.6455696202531646
2023,13,2023_13_DET_NO,DET,55,27.0,32.46153846153846,-0.2854033596813679,0.15402563141760303,69.5,26.374287994936854,-0.04274657622431061,0.06186021007319986,NO,3,63.75,29.355101148851148,0.4909090909090909
2023,14,2023_14_DET_CHI,DET,63,39.0,25.483870967741936,-0.15446891445060115,-0.14765623212507387,63.5,27.72371516351296,-0.08905728328872507,0.1338372394381256,CHI,-6,67.0,31.51334128245893,0.6190476190476191
2023,15,2023_15_DEN_DET,DET,64,36.0,30.42105263157895,0.0982625150680543,0.33006058023238494,64.0,27.021153493683737,-0.11987235206548044,-0.014625848743498135,DEN,0,57.75,30.800595238095234,0.5625
2023,16,2023_16_DET_MIN,DET,75,41.0,29.47826086956522,-0.004751781361144888,0.18086630287465358,65.25,28.727979151578474,-0.0747730096392933,0.04934978087159396,MIN,0,64.75,30.732440420046533,0.5466666666666666
2023,17,2023_17_DET_DAL,DET,65,34.0,29.86111111111111,-0.17103215120732781,-0.04500411851193413,64.25,29.46118073260614,-0.08659038510626489,0.1293240705998919,DAL,0,67.25,26.25384615384615,0.5230769230769231
2023,18,2023_18_MIN_DET,DET,56,33.0,32.25,0.18944916029771175,0.14086830735451514,66.75,28.811073894999303,-0.05799758298775487,0.07956663311750761,MIN,1,59.75,29.116785018100806,0.5892857142857143
2024,3,2024_03_DET_ARI,DET,66,26.0,35.607142857142854,-0.2208788006594688,0.0447795704583935,71.5,28.92481884057971,-0.04428236055554769,0.01815173671316162,ARI,0,61.0,31.8972972972973,0.3939393939393939
2024,4,2024_04_SEA_DET,DET,48,22.0,35.46666666666667,-0.08845771021313135,0.45770936206099605,69.66666666666667,31.15226017943409,-0.10314784059018806,0.02702768129490558,SEA,0,60.0,24.88919136922767,0.4583333333333333
2024,6,2024_06_DET_DAL,DET,64,32.0,29.733333333333334,-0.08251415742071062,0.3739155748950124,64.25,32.230861801242234,-0.09947530799592388,0.1346981014864282,DAL,6,65.5,26.728466386554622,0.5
2024,7,2024_07_DET_MIN,DET,54,29.0,33.0,-0.074858571543838,0.1309338362954332,65.0,31.049611801242236,-0.09559826961798219,0.20173289678505632,MIN,-7,58.75,29.542370129870132,0.5370370370370371
2024,8,2024_08_TEN_DET,DET,47,23.0,22.555555555555557,0.047754718707158,0.025190164359021574,58.0,33.45178571428571,-0.1166773099592872,0.2518345859274588,TEN,0,58.75,30.983718766613503,0.48936170212765956
2024,9,2024_09_DET_GB,DET,52,23.0,34.714285714285715,-0.0869491289441402,0.1266347148643026,53.25,30.18888888888889,-0.04951893011763049,0.2469372344026158,GB,0,61.0,29.590430481684354,0.4423076923076923
2024,10,2024_10_DET_HOU,DET,63,31.0,30.0,-0.007727645337581659,-0.11832855089354433,54.25,30.00079365079365,-0.0491417848003827,0.16416857260344245,HOU,-3,65.25,29.985070230015083,0.49206349206349204
2024,11,2024_11_JAX_DET,DET,74,37.0,27.41176470588235,0.05277277082204821,0.5690215830365873,54.0,30.067460317460316,-0.030445156779600458,0.041107541156303266,JAX,0,52.75,30.66574675324675,0.5
2024,12,2024_12_DET_IND,DET,71,40.0,31.5,-0.13645290024578574,0.1535755658409126,59.0,28.670401493930903,0.0014626788118710966,0.1506294778415918,IND,0,59.75,28.185515873015873,0.5633802816901409
2024,13,2024_13_CHI_DET,DET,69,36.0,34.68421052631579,-0.19506585359573364,0.07395306239548229,65.0,30.906512605042018,-0.04458922592636484,0.18272582821206457,CHI,0,67.75,28.503221040189125,0.5217391304347826
2024,14,2024_14_GB_DET,DET,76,43.0,28.622222222222224,-0.00459933763852827,0.0612941676170618,69.25,30.898993808049536,-0.0716184070892632,0.16955541509485947,GB,0,56.5,31.006953748006378,0.5657894736842105
2024,15,2024_15_BUF_DET,DET,75,62.0,23.444444444444443,0.03527936987254932,0.2577172553736289,72.5,30.55454936360509,-0.07083633016449986,0.21446109472251101,BUF,3,61.25,28.69838000020927,0.8266666666666667
2024,16,2024_16_DET_CHI,DET,64,33.0,31.923076923076923,-0.027737144629160607,0.32327141022115474,72.75,29.562719298245614,-0.07520968040187456,0.13663501280677137,CHI,1,62.25,32.49305555555556,0.515625
2024,17,2024_17_DET_SF,DET,67,37.0,29.653061224489797,-0.057662144589882676,0.38570429935289924,71.0,29.668488529014844,-0.04803074149771829,0.17905897390183192,SF,0,54.5,32.15723905723905,0.5522388059701493
2024,18,2024_18_MIN_DET,DET,66,35.0,32.37837837837838,-0.04550625669195296,0.014813956991596532,70.5,28.410701203558347,-0.013679814246255553,0.2569967831411862,MIN,-1,62.5,29.130357142857143,0.5303030303030303
2025,3,2025_03_DET_BAL,DET,65,29.0,29.3953488372093,-0.09838664794669424,0.3917997568316628,61.0,30.675,-0.07789178330589228,0.1736062257228741,BAL,0,50.0,32.338095238095235,0.4461538461538462
2025,4,2025_04_CLE_DET,DET,54,27.0,26.294117647058822,-0.10673667943995938,-0.12780117351946363,62.333333333333336,30.248449612403103,-0.08472340485282627,0.24633740275913704,CLE,-1,66.33333333333333,25.00440917107584,0.5
2025,5,2025_05_DET_CIN,DET,59,28.0,34.95,-0.05328005924820901,0.22680771923071483,60.25,29.259866621067033,-0.09022672349960954,0.15280275868948684,CIN,1,52.0,28.943803782599517,0.4745762711864407
2025,6,2025_06_DET_KC,DET,53,31.0,32.392857142857146,-0.1778696272522212,0.11232516020075141,59.0,29.62236662106703,-0.07555785123011818,0.22507413511240693,KC,1,63.0,30.544897590485824,0.5849056603773585
2025,7,2025_07_TB_DET,DET,65,34.0,30.25925925925926,-0.036608546010909425,-0.12031188230506581,57.75,30.75808090678132,-0.10906825347177096,0.15078286568591637,TB,0,59.5,27.61581372786806,0.5230769230769231
2025,9,2025_09_MIN_DET,DET,62,42.0,23.657894736842106,-0.0001549977202747831,-0.0070774566328567524,57.75,30.97405851229381,-0.09362372798782476,0.022754955901734212,MIN,3,61.5,29.13558377896613,0.6774193548387096
2025,10,2025_10_DET_WAS,DET,68,35.0,31.22222222222222,0.019122945410864706,0.490552863990323,59.75,30.31500278473963,-0.0669783075579036,0.05293588512338593,WAS,0,59.25,28.501258407728997,0.5147058823529411
2025,11,2025_11_DET_PHI,DET,59,39.0,30.4,-0.01258543410966567,-0.40076452595485185,62.0,29.383058340295186,-0.04887755639313517,0.11887217131328798,PHI,1,54.5,29.36587797344643,0.6610169491525424
2025,12,2025_12_NYG_DET,DET,63,43.0,25.261904761904763,0.004932557874255778,0.14838901343405758,63.5,28.884844054580896,-0.007556508107496293,-0.009400250225612847,NYG,0,60.75,27.665982028241334,0.6825396825396826
2025,13,2025_13_GB_DET,DET,60,31.0,29.375,-0.27921164820068767,0.038740038982909855,63.0,27.63550543024227,0.002828767863795007,0.057774973709167995,GB,0,60.75,27.032367424242423,0.5166666666666667
2025,14,2025_14_DAL_DET,DET,55,35.0,24.15,0.1048088799352232,0.3332461341799721,62.5,29.06478174603175,-0.06693539475630822,0.06922934761310964,DAL,0,63.25,26.167435897435897,0.6363636363636364
2025,15,2025_15_DET_LA,DET,62,42.0,27.933333333333334,-0.016848652770644706,0.15598293936616733,59.25,27.29672619047619,-0.04551391112521859,0.029902665160521924,LA,3,54.75,30.57129399871335,0.6774193548387096
2025,16,2025_16_PIT_DET,DET,68,57.0,28.666666666666668,0.06767790232385909,0.10131214237048733,60.0,26.680059523809526,-0.046579715790463355,0.1690895314907767,PIT,1,56.0,29.056903622693095,0.8382352941176471
2025,17,2025_17_DET_MIN,DET,64,34.0,28.4,-0.15121533565743026,-0.46371798258616004,61.25,27.53125,-0.03089337967806253,0.15732031372488414,MIN,0,53.0,29.322916666666668,0.53125
2025,18,2025_18_DET_CHI,DET,72,45.0,31.93548387096774,0.14681407896911408,0.14434690267100878,62.25,27.2875,0.0011056984577518247,0.03170580833261667,CHI,3,63.75,29.7326936026936,0.625
2022,3,2022_03_GB_TB,GB,60,36.0,35.142857142857146,0.007818413729017386,-0.10004049731360291,62.0,30.136752136752136,-0.03631513917342928,0.008745504299467646,TB,0,61.5,31.26705882352941,0.6
2022,4,2022_04_NE_GB,GB,71,37.0,29.393939393939394,-0.10015756920689631,0.011943958853034101,61.333333333333336,31.805453805453805,-0.021603954872613722,-0.02751649623822254,NE,0,60.0,28.91293183940243,0.5211267605633803
2022,5,2022_05_NYG_GB,GB,61,41.0,26.863636363636363,-0.011327469143374305,0.06511477674615078,63.75,31.202575202575204,-0.04124235845618437,-0.01765138246540838,NYG,0,64.0,27.8771721390169,0.6721311475409836
2022,6,2022_06_NYJ_GB,GB,69,49.0,22.63888888888889,-0.02212592642358004,-0.341967858850496,64.25,30.322330447330447,-0.03754076052688991,0.04651172810492801,NYJ,0,65.5,29.80925499231951,0.7101449275362319
2022,7,2022_07_GB_WAS,GB,46,34.0,28.238095238095237,0.06729259739319483,-0.09671576767679019,65.25,28.509830447330447,-0.03144813776120831,-0.09123740514122851,WAS,-3,64.25,29.296890269440176,0.7391304347826086
2022,8,2022_08_GB_BUF,GB,63,33.0,33.36363636363637,0.13722031811873112,0.06124013463782889,61.75,26.78363997113997,-0.016579591845163954,-0.09040622273202532,BUF,-7,67.5,27.476322948661693,0.5238095238095238
2022,9,2022_09_GB_DET,GB,69,48.0,29.8,0.06845999983224003,-0.12090744406122537,59.75,27.77606421356421,0.042764879986242905,-0.07808217878582663,DET,0,61.0,28.370159527972024,0.6956521739130435
2022,10,2022_10_DAL_GB,GB,60,23.0,31.533333333333335,-0.22785327189108906,0.2320562733405778,61.75,28.510155122655124,0.0627117472301465,-0.12458773398767067,DAL,-7,56.75,28.101445489376523,0.38333333333333336
2022,11,2022_11_TEN_GB,GB,60,41.0,28.137931034482758,-0.03252881809192546,-0.02585577570260411,59.5,30.733766233766236,0.011279910863269238,0.01891829906009778,TEN,0,54.75,27.50252016129032,0.6833333333333333
2022,12,2022_12_GB_PHI,GB,48,28.0,31.904761904761905,-0.01971584959672048,0.18933127505955974,63.0,30.708725182863116,-0.013675443008010836,0.0366332970536443,PHI,3,54.75,26.652296502124877,0.5833333333333334
2022,13,2022_13_GB_CHI,GB,62,33.0,26.80952380952381,0.018338347303456248,0.18376793015611367,59.25,30.3440065681445,-0.05290948493687374,0.06865608215907701,CHI,0,62.25,31.409632034632036,0.532258064516129
2022,15,2022_15_LA_GB,GB,65,33.0,29.21212121212121,-0.011928764549461596,0.06138650543749263,57.5,29.59638752052545,-0.06543989806906969,0.14482492571341177,LA,4,59.25,30.71303996303996,0.5076923076923077
2022,16,2022_16_GB_MIA,GB,62,42.0,26.823529411764707,0.10560005424278127,-0.00023088099354327056,58.75,29.016084490222422,-0.011458771233662821,0.10215748373764048,MIA,-2,55.0,26.35819735819736,0.6774193548387096
2022,17,2022_17_MIN_GB,GB,59,28.0,41.166666666666664,-0.058217603713274,0.11145209083807123,59.25,28.68748408454291,0.023073446850013862,0.10856370741490569,MIN,-1,70.75,26.64630681818182,0.4745762711864407
2022,18,2022_18_DET_GB,GB,57,31.0,30.82051282051282,-0.07553229937139823,-0.1538169655642127,62.0,31.0029602750191,0.013448008320875483,0.08909391135953357,DET,0,66.0,29.0125112927668,0.543859649122807
2023,3,2023_03_NO_GB,GB,68,50.0,28.833333333333332,-0.0037665329873560784,-0.00802148416709717,53.0,30.813275434243177,-0.029029822235720024,0.10379205780016766,NO,1,66.5,25.839089481946623,0.7352941176470589
2023,4,2023_04_DET_GB,GB,55,42.0,23.125,0.11865850289662679,-0.22116310497067007,58.0,30.153294733939898,-0.020608725819598706,0.06652087714441272,DET,0,63.666666666666664,30.91135531135531,0.7636363636363637
2023,5,2023_05_GB_LV,GB,57,34.0,36.535714285714285,-0.11945528702603446,-0.1873611513266875,57.25,28.396221050454923,0.014208081359457666,-0.005400118384357978,LV,3,56.75,29.428136200716846,0.5964912280701754
2023,7,2023_07_GB_DEN,GB,61,34.0,30.814814814814813,-0.02969038859009741,0.13404030894681165,56.5,30.344665750915752,0.004426470621385532,-0.09116574544608927,DEN,3,53.25,34.60536858974359,0.5573770491803278
2023,8,2023_08_MIN_GB,GB,62,49.0,18.863636363636363,0.03501224160194407,-0.24214661962891526,60.25,29.827215608465607,-0.00856342642671529,-0.07062635787941077,MIN,1,57.25,27.156666666666666,0.7903225806451613
2023,9,2023_09_LA_GB,GB,65,30.0,27.416666666666668,-0.05826297029852863,-0.011736006704624926,58.75,27.334791366041365,0.0011312672206097484,-0.12915764174486527,LA,0,57.75,28.078384238310708,0.46153846153846156
2023,10,2023_10_GB_PIT,GB,64,42.0,29.357142857142858,-0.06398563285668693,0.06438573976812798,61.25,28.40770803270803,-0.0430991010781791,-0.07680086717835401,PIT,-3,58.75,29.589222052457345,0.65625
2023,11,2023_11_LAC_GB,GB,70,44.0,29.695652173913043,0.027073012969710607,0.08529282894908738,63.0,26.613065175565175,-0.029231687535842224,-0.013864144404650138,LAC,0,62.0,28.430555555555554,0.6285714285714286
2023,12,2023_12_GB_DET,GB,54,34.0,35.75,0.14802424212296802,0.14551286089665816,65.25,26.333274515339735,-0.015040837145890218,-0.026051014404081203,DET,0,68.0,23.15459102523988,0.6296296296296297
2023,13,2023_13_KC_GB,GB,63,39.0,36.96,0.06998315081000336,0.3027974764376139,63.25,30.554865424430645,0.013212162984365769,0.07086385572731214,KC,3,59.75,28.897192028985508,0.6190476190476191
2023,14,2023_14_GB_NYG,GB,67,42.0,31.125,-0.06045117303729054,-0.03924573147173304,62.75,32.940698757763975,0.04527369326149877,0.14949722651287184,NYG,-7,55.0,28.694871794871798,0.6268656716417911
2023,15,2023_15_TB_GB,GB,57,41.0,30.82758620689655,0.05307900986155939,0.031642578386514075,63.5,33.38266304347826,0.046157308216347864,0.12358935870290659,TB,-1,61.25,28.621416988078543,0.7192982456140351
2023,16,2023_16_GB_CAR,GB,63,30.0,27.40740740740741,-0.09401737401882812,0.26127758171272947,60.25,33.66564655172414,0.05265880743931006,0.11017679606226327,CAR,0,69.0,29.5477787253397,0.47619047619047616
2023,17,2023_17_GB_MIN,GB,71,34.0,33.23076923076923,-0.007744149815651766,0.2734018910954619,62.5,31.579998403575992,-0.007851596596138974,0.13911797626628108,MIN,0,59.75,29.39522417153996,0.4788732394366197
2023,18,2023_18_CHI_GB,GB,58,34.0,31.96969696969697,0.025975339114665943,0.23590121193913777,64.5,30.647690711268297,-0.027283421752552755,0.1317690799307431,CHI,0,68.5,27.518492965367965,0.5862068965517241
2024,3,2024_03_GB_TEN,GB,59,25.0,33.09090909090909,-0.09806414063160239,0.11607764740370295,63.0,28.5625,-0.2412979616059197,0.09018258589780835,TEN,0,60.5,28.869565217391305,0.423728813559322
2024,4,2024_04_MIN_GB,GB,75,57.0,40.142857142857146,-0.1765768796205521,-0.12407759683474401,61.666666666666664,30.0719696969697,-0.19355335461448062,0.0988142730664399,MIN,0,53.333333333333336,28.767948717948716,0.76
2024,5,2024_05_GB_LA,GB,56,29.0,25.74074074074074,-0.09442966078457081,0.018795206468425474,65.0,32.58969155844156,-0.18930923586599846,0.043091305591143915,LA,0,59.75,27.726364321952556,0.5178571428571429
2024,6,2024_06_ARI_GB,GB,68,35.0,29.46153846153846,-0.02324068732559689,0.28625320468062626,64.25,32.71237674362675,-0.22051485307544832,0.0021782865308688434,ARI,0,57.25,27.828777356902357,0.5147058823529411
2024,7,2024_07_HOU_GB,GB,56,36.0,32.26470588235294,-0.06515700607137244,-0.07821454234538168,64.5,32.10901135901136,-0.09807784209058054,0.07426211542950267,HOU,0,64.5,32.397506313131316,0.6428571428571429
2024,8,2024_08_GB_JAX,GB,64,30.0,30.894736842105264,-0.12791160357241727,0.10961365258441061,63.75,31.90246055687232,-0.08985105845052305,0.02568906799223151,JAX,0,58.5,32.77988721804511,0.46875
2024,9,2024_09_DET_GB,GB,63,40.0,29.772727272727273,-0.07442699869473772,-0.01571017553452744,61.0,29.590430481684354,-0.07768473943848936,0.08411188034702016,DET,0,53.25,30.18888888888889,0.6349206349206349
2024,11,2024_11_GB_CHI,GB,43,20.0,32.72,-0.09551439620554442,0.26649005350563704,62.75,30.598427114680984,-0.07268407391603107,0.07548553484628194,CHI,7,61.75,27.531388888888888,0.46511627906976744
2024,12,2024_12_SF_GB,GB,67,25.0,31.36842105263158,-0.15474570068446067,0.12520204513291566,56.5,31.413042499296367,-0.09075250113601796,0.07054474705253463,SF,0,59.0,28.362824692044658,0.373134328358209
2024,13,2024_13_MIA_GB,GB,53,28.0,30.166666666666668,-0.10638927136148722,0.21100411182236428,59.25,31.18897129186603,-0.11314967478929003,0.12139889392210897,MIA,0,59.25,34.21392496392496,0.5283018867924528
2024,14,2024_14_GB_DET,GB,44,24.0,27.59090909090909,-0.049591598100960255,0.13187831354704097,56.5,31.006953748006378,-0.10776909173655752,0.1467465087315974,DET,0,69.25,30.898993808049536,0.5454545454545454
2024,15,2024_15_GB_SEA,GB,61,28.0,34.94736842105263,-0.06746802553534506,0.0674309828180761,51.75,30.461499202551835,-0.10156024158811315,0.1836436310019895,SEA,3,58.75,28.700457157784747,0.45901639344262296
2024,16,2024_16_NO_GB,GB,67,30.0,30.238095238095237,-0.005620242357254056,0.2639358431554924,56.25,31.018341307814993,-0.0945486489205633,0.13387886333009924,NO,0,60.25,29.774657261278495,0.44776119402985076
2024,17,2024_17_GB_MIN,GB,58,35.0,30.333333333333332,-0.1220194536906022,-0.02951518096425623,56.25,30.73575985418091,-0.057267284338761645,0.16856231283574344,MIN,-1,58.25,28.43392857142857,0.603448275862069
2024,18,2024_18_CHI_GB,GB,62,29.0,29.357142857142858,-0.1751634186627913,-0.1058741100557427,57.5,30.777426520847573,-0.0611748299210404,0.10843248963908832,CHI,-3,58.25,27.9375,0.46774193548387094
2025,3,2025_03_GB_CLE,GB,60,31.0,31.22222222222222,-0.1115321991118518,-0.07903598365834238,53.5,28.17857142857143,0.041746276691555936,0.18032594009967928,CLE,3,71.5,25.432539682539684,0.5166666666666667
2025,4,2025_04_GB_DAL,GB,78,46.0,27.25925925925926,-0.03059615396164556,0.3413296651202161,55.666666666666664,29.193121693121693,-0.009346548576246644,0.09387196551367205,DAL,0,68.66666666666667,25.246094901267316,0.5897435897435898
2025,6,2025_06_CIN_GB,GB,59,32.0,34.970588235294116,-0.0912436357675455,0.20802989668066232,61.25,28.709656084656086,-0.014658949922596372,0.15573639041530807,CIN,7,54.25,27.37940984320558,0.5423728813559322
2025,7,2025_07_GB_ARI,GB,52,33.0,27.838709677419356,0.05524641839233607,0.11762536637441817,64.5,30.7380174291939,-0.048583004253145545,0.15783689631682565,ARI,0,65.5,28.927960008355026,0.6346153846153846
2025,8,2025_08_GB_PIT,GB,63,38.0,33.0,0.044603290243281246,0.3294949461505509,62.25,30.32269484854874,-0.0445313926121767,0.14698723612923856,PIT,-3,51.5,29.62459443573668,0.6031746031746031
2025,9,2025_09_CAR_GB,GB,63,38.0,25.0,-0.057377244843993064,0.04252452810324181,63.0,30.767139292993186,-0.005497520273393435,0.24911996858146188,CAR,0,62.75,27.566618747078074,0.6031746031746031
2025,10,2025_10_PHI_GB,GB,65,41.0,27.3125,-0.16916739679872989,-0.17316197424657573,59.25,30.20232447817837,-0.012192792993980312,0.1744186843272183,PHI,-7,53.0,27.664674764890282,0.6307692307692307
2025,11,2025_11_GB_NYG,GB,52,30.0,26.696969696969695,-0.06585134057010096,0.3496134796438989,60.75,28.28780241935484,-0.03167373325177641,0.07912071659540879,NYG,-1,61.25,26.26842105263158,0.5769230769230769
2025,12,2025_12_MIN_GB,GB,63,24.0,29.12,-0.051138339504118946,0.02449508776246831,60.75,28.002367424242422,-0.06194817299238567,0.13711774491277895,MIN,0,54.5,27.62797619047619,0.38095238095238093
2025,13,2025_13_GB_DET,GB,57,32.0,27.36842105263158,0.003322958946227987,0.2887752895080806,60.75,27.032367424242423,-0.08588358042923572,0.0608677803157583,DET,0,63.0,27.63550543024227,0.5614035087719298
2025,14,2025_14_CHI_GB,GB,51,26.0,32.45454545454545,-0.07622742500060645,0.239843338202941,59.25,27.62447268740032,-0.07070852948168044,0.122430470666968,CHI,1,69.5,27.66966888106594,0.5098039215686274
2025,15,2025_15_GB_DEN,GB,63,46.0,22.4375,0.11091693171433044,0.02232219611285198,55.75,28.90998405103668,-0.04747353653214959,0.2256817987793472,DEN,0,64.0,29.498875265816054,0.7301587301587301
2025,16,2025_16_GB_CHI,GB,68,31.0,30.863636363636363,-0.0735879861391508,0.06088478166382734,58.5,27.84511662679426,-0.003281468461041742,0.14385897789658544,CHI,0,68.75,28.738921957671955,0.45588235294117646
2025,17,2025_17_BAL_GB,GB,43,32.0,23.615384615384617,0.0686513084386077,0.11056126722975024,59.75,28.28102571770335,-0.008893880119799705,0.1529564013719252,BAL,1,55.25,27.960327500175698,0.7441860465116279
2025,18,2025_18_GB_MIN,GB,49,17.0,27.733333333333334,-0.31752089450233856,-0.3289639359184491,56.25,27.342766608391607,0.007438207253295224,0.10840289580234261,MIN,-2,53.5,29.747815860215056,0.3469387755102041
2022,3,2022_03_HOU_CHI,HOU,57,33.0,28.59375,-0.010417848494317792,-0.09492579514071599,62.5,27.61904761904762,0.05667717933244071,-0.1787096769563734,CHI,0,47.0,28.923387096774192,0.5789473684210527
2022,4,2022_04_LAC_HOU,HOU,53,39.0,27.23076923076923,0.05000724991162622,-0.06782940671430204,60.666666666666664,27.943948412698415,0.034312170056854545,-0.15078171635115428,LAC,0,64.66666666666667,27.887541806020067,0.7358490566037735
2022,5,2022_05_HOU_JAX,HOU,55,25.0,34.56666666666667,-0.11033629525352166,-0.06285472684516209,58.75,27.765653617216117,0.03823594002054746,-0.1300436389419412,JAX,0,62.25,29.855662719633308,0.45454545454545453
2022,7,2022_07_HOU_LV,HOU,65,42.0,31.235294117647058,0.02393300068087699,0.05753195442311254,55.75,29.454939331501834,0.0024280624242624498,-0.10184818054420444,LV,1,64.0,29.54423076923077,0.6461538461538462
2022,8,2022_08_TEN_HOU,HOU,50,35.0,30.681818181818183,-0.06662883018625199,-0.3460223418615508,57.5,30.40662000377074,-0.01170347328883406,-0.042019493569266896,TEN,0,54.75,32.27175538277512,0.7
2022,9,2022_09_PHI_HOU,HOU,57,28.0,35.5,-0.17949548079853972,-0.11595478319048387,55.75,30.928637049225284,-0.02575621871181761,-0.10479363024947559,PHI,0,66.0,27.745318288605766,0.49122807017543857
2022,10,2022_10_HOU_NYG,HOU,60,41.0,27.473684210526315,-0.13509513051421565,0.00954244594053179,56.75,32.99594474153298,-0.0831319013893591,-0.11682497436852105,NYG,-4,62.25,29.287433155080215,0.6833333333333333
2022,11,2022_11_WAS_HOU,HOU,53,40.0,29.5,-0.05673886835575113,-0.4011764619947933,58.0,31.22269912749789,-0.08932161020453258,-0.09872568117209758,WAS,1,67.5,29.705129255286792,0.7547169811320755
2022,12,2022_12_HOU_MIA,HOU,60,47.0,31.5,-0.060904307024819464,-0.38800016739684273,55.0,30.788875598086122,-0.10948957746368962,-0.21340278527657403,MIA,-7,59.0,27.983242207567542,0.7833333333333333
2022,13,2022_13_CLE_HOU,HOU,62,40.0,27.342105263157894,-0.006629607640206858,-0.44357413923284617,57.5,30.99342105263158,-0.10805844667333149,-0.22389724166039704,CLE,0,67.5,31.73978587482424,0.6451612903225806
2022,14,2022_14_HOU_DAL,HOU,63,28.0,32.61764705882353,-0.21875367410804913,-0.18641566477410698,58.75,28.95394736842105,-0.06484197838374828,-0.3058020806709876,DAL,0,70.75,27.612689393939394,0.4444444444444444
2022,15,2022_15_KC_HOU,HOU,56,33.0,27.060606060606062,0.009438298097470913,-0.1424967484458188,59.5,30.239938080495357,-0.08575661428220666,-0.3547916083496473,KC,0,62.75,27.50522461955389,0.5892857142857143
2022,16,2022_16_HOU_TEN,HOU,63,36.0,28.405405405405407,-0.08131146331628167,-0.10389186927221673,60.25,29.630089595646872,-0.06921232266890114,-0.2901216799624037,TEN,0,57.0,29.106200172376642,0.5714285714285714
2022,17,2022_17_JAX_HOU,HOU,67,49.0,28.466666666666665,-0.030279940542052682,-0.5065519128731681,61.0,28.856440946998223,-0.07431411174176669,-0.21909460543124715,JAX,-2,65.25,29.4781045751634,0.7313432835820896
2022,18,2022_18_HOU_IND,HOU,65,43.0,31.6,-0.0509508722706845,-0.06713342122336458,62.25,29.137581297875418,-0.08022669496722815,-0.23483904884132767,IND,0,63.25,28.81261133603239,0.6615384615384615
2023,3,2023_03_HOU_JAX,HOU,56,31.0,32.55,0.015333452950353255,0.22012880278433547,73.5,25.8882503192848,-0.05321411171150161,-0.1452095563239958,JAX,0,66.0,29.674561403508772,0.5535714285714286
2023,4,2023_04_PIT_HOU,HOU,67,31.0,27.5,-0.08906247168779376,0.14004252979295978,67.66666666666667,28.108833546189867,-0.030364923490883322,-0.023430103287885373,PIT,0,56.666666666666664,28.658143939393938,0.4626865671641791
2023,5,2023_05_HOU_ATL,HOU,58,35.0,24.666666666666668,-0.008845101364634194,-0.06645162105847068,67.5,27.9566251596424,-0.04503931054011093,0.017438054982325916,ATL,0,61.5,29.652183669487165,0.603448275862069
2023,6,2023_06_NO_HOU,HOU,59,30.0,32.666666666666664,-0.04946553307335554,-0.03522516465954384,64.25,27.74398148148148,-0.045374105521271475,0.06955386692280169,NO,0,64.25,27.588329081632654,0.5084745762711864
2023,8,2023_08_HOU_CAR,HOU,57,28.0,30.76923076923077,-0.11642548020767127,-0.03473908612182737,60.0,29.34583333333333,-0.03300991329385756,0.06462363671482019,CAR,0,69.0,28.00976890756302,0.49122807017543857
2023,9,2023_09_TB_HOU,HOU,64,45.0,25.83783783783784,0.08727988025004209,0.2988334119607604,60.25,28.900641025641026,-0.06594964658336369,0.0009066644882794808,TB,-3,61.25,25.303812338410744,0.703125
2023,10,2023_10_HOU_CIN,HOU,74,41.0,28.82051282051282,-0.024525931858001872,0.10137644285801461,59.5,28.485100485100485,-0.021864058598904727,0.04060438503022964,CIN,0,63.75,29.917826204802946,0.5540540540540541
2023,11,2023_11_ARI_HOU,HOU,66,42.0,28.696969696969695,-0.04375926703214646,-0.052879548212138805,63.5,29.52356202356202,-0.025784266222246645,0.08256140100935096,ARI,0,60.75,28.235845295055825,0.6363636363636364
2023,12,2023_12_JAX_HOU,HOU,58,46.0,28.233333333333334,0.09491006794728728,0.05715320009781382,65.25,28.53113778113778,-0.024357699711944375,0.07814780512120222,JAX,0,60.5,29.375252525252527,0.7931034482758621
2023,13,2023_13_DEN_HOU,HOU,63,36.0,27.473684210526315,0.028482274413108785,-0.054171493256487666,65.5,27.897163422163423,0.02847618732679526,0.10112087667611251,DEN,0,61.0,31.45812858312858,0.5714285714285714
2023,14,2023_14_HOU_NYJ,HOU,52,33.0,26.91304347826087,-0.14444076053557864,-0.5272716430498311,65.25,28.30612501533554,0.013776785867561935,0.012869650371800491,NYJ,0,60.0,26.558880678708263,0.6346153846153846
2023,15,2023_15_HOU_TEN,HOU,72,40.0,29.25,0.04803190542303996,-0.11034355558622223,59.75,27.829257679772553,-0.016201921301832255,-0.14429237110516094,TEN,1,58.25,29.36636904761905,0.5555555555555556
2023,16,2023_16_CLE_HOU,HOU,68,53.0,24.125,-0.14675849519277884,-0.2678220143442398,61.25,27.96751525553013,0.006745871811964347,-0.1586583729486818,CLE,0,69.25,27.195833333333333,0.7794117647058824
2023,17,2023_17_TEN_HOU,HOU,61,34.0,36.38095238095238,0.03025701522827159,0.0025303244938938148,63.75,26.940431922196794,-0.05367126897305218,-0.23990217655919518,TEN,0,68.5,28.91888440860215,0.5573770491803278
2023,18,2023_18_HOU_IND,HOU,56,31.0,30.620689655172413,-0.026060194582552564,0.11994472918418816,63.25,29.167248964803314,-0.053227583769261476,-0.22572672212159983,IND,0,60.75,28.21117724867725,0.5535714285714286
2024,3,2024_03_HOU_MIN,HOU,62,51.0,34.36363636363637,0.10610401974274572,-0.21875822473174125,67.5,27.389991728701403,0.011162680664993048,-0.004467539503512155,MIN,0,50.5,29.751923076923077,0.8225806451612904
2024,4,2024_04_JAX_HOU,HOU,68,46.0,29.63888888888889,-0.0856272949112786,0.15695022509361492,65.66666666666667,29.714539940346395,0.04280979369091061,-0.07589776791292185,JAX,1,57.333333333333336,23.1875,0.6764705882352942
2024,5,2024_05_BUF_HOU,HOU,67,42.0,33.9,0.00711465307644439,-0.057969271695458145,66.25,29.695627177482017,0.010700521540363304,-0.01768576966128766,BUF,0,53.75,30.28578431372549,0.6268656716417911
2024,6,2024_06_HOU_NE,HOU,61,35.0,31.6875,-0.031763151288032525,0.11557763043360866,64.25,30.894986151840993,0.02202053015155584,-0.06736428350923813,NE,0,57.5,30.85370614035088,0.5737704918032787
2024,7,2024_07_HOU_GB,HOU,58,29.0,30.65625,-0.04684971645474437,-0.17564451976398454,64.5,32.397506313131316,-0.0010429433450302537,-0.0010499102249939551,GB,0,64.5,32.10901135901136,0.5
2024,8,2024_08_IND_HOU,HOU,68,39.0,30.852941176470587,0.032274880192496594,-0.06942154143449653,63.5,31.470659722222223,-0.039281377394402774,0.009728516016945223,IND,0,64.25,25.85384024577573,0.5735294117647058
2024,9,2024_09_HOU_NYJ,HOU,74,46.0,26.743589743589745,-0.0689505177492998,-0.07531797704698852,63.5,31.774172794117646,-0.009805833618458975,-0.04686442561508264,NYJ,0,61.0,28.25122549019608,0.6216216216216216
2024,10,2024_10_DET_HOU,HOU,65,38.0,34.666666666666664,-0.29437154779831576,-0.2265827471250931,65.25,29.985070230015083,-0.028822126324895024,-0.051201601952965234,DET,3,54.25,30.00079365079365,0.5846153846153846
2024,11,2024_11_HOU_DAL,HOU,60,38.0,29.323529411764707,0.06217479668557648,0.19383743011015098,66.25,30.729861896681747,-0.09447422545246584,-0.13674169634264066,DAL,0,63.25,27.70527514231499,0.6333333333333333
2024,12,2024_12_TEN_HOU,HOU,54,40.0,25.84,0.06398478895425799,-0.2269933667062512,66.75,30.396681749622925,-0.06721809716738564,-0.04437120887410678,TEN,-1,62.5,30.775165199078245,0.7407407407407407
2024,13,2024_13_HOU_JAX,HOU,58,38.0,31.642857142857142,0.10560699652981115,0.0733455631789046,63.25,29.143446455505277,-0.05929061997694528,-0.08376416519204546,JAX,-7,49.5,30.965746753246755,0.6551724137931034
2024,15,2024_15_MIA_HOU,HOU,46,32.0,32.333333333333336,0.09880700448284978,-0.3150112851587117,59.25,30.368263305322127,-0.01565124140716754,-0.046598280135572184,MIA,7,64.75,33.01564260112647,0.6956521739130435
2024,16,2024_16_HOU_KC,HOU,58,43.0,28.941176470588236,0.0991735529493203,0.09238814503059858,54.5,29.784929971988795,0.08264339666312384,-0.06870541464397682,KC,0,67.25,26.829167331878736,0.7413793103448276
2024,17,2024_17_BAL_HOU,HOU,54,38.0,26.454545454545453,0.05187341322501504,-0.414804038446164,54.0,29.68934173669468,0.0918930857290598,-0.09406773591386491,BAL,0,61.75,29.636530193472737,0.7037037037037037
2024,18,2024_18_HOU_TEN,HOU,57,30.0,33.857142857142854,0.0700752685467402,0.06263372905767767,54.0,29.84297810033104,0.08886524179674907,-0.14102040384884312,TEN,4,62.0,31.235844017094017,0.5263157894736842
2025,3,2025_03_HOU_JAX,HOU,57,42.0,26.93103448275862,0.03412571804864061,-0.20688742736184224,51.5,29.277884615384615,-0.0032635753212327395,-0.09889179609280663,JAX,-1,65.0,28.602787456445995,0.7368421052631579
2025,4,2025_04_TEN_HOU,HOU,66,33.0,31.65714285714286,-0.06741802612455886,0.149970437206351,53.333333333333336,28.495601237842617,0.009199522468725045,-0.13489033984915183,TEN,0,61.333333333333336,27.40882694541231,0.5
2025,5,2025_05_HOU_BAL,HOU,64,35.0,30.954545454545453,-0.021251924633979815,0.3914223138318197,56.5,29.285986642667677,-0.00995486467959593,-0.06367514558527612,BAL,0,52.0,29.966017316017314,0.546875
2025,7,2025_07_HOU_SEA,HOU,70,55.0,24.454545454545453,0.03493313605968775,-0.3100492554955552,58.25,29.19337300630404,-0.004519514487731827,0.06727840876138941,SEA,7,55.5,26.92638198757764,0.7857142857142857
2025,8,2025_08_SF_HOU,HOU,74,42.0,29.846153846153847,0.007269536145031438,0.2350256770204432,64.25,28.499317062248096,-0.004902774162552576,0.006114017045193321,SF,-1,69.25,27.009460663872428,0.5675675675675675
2025,9,2025_09_DEN_HOU,HOU,72,47.0,26.904761904761905,-0.00221593404302791,-0.14950094418954268,68.5,29.228096903096905,-0.01161681963845487,0.11659229314076468,DEN,0,64.75,26.269424019607843,0.6527777777777778
2025,10,2025_10_JAX_HOU,HOU,72,51.0,28.615384615384617,0.0930487122386694,0.07360694387817764,70.0,28.040001665001665,0.004683703381927867,0.041724447791791255,JAX,0,68.0,28.580627705627705,0.7083333333333334
2025,11,2025_11_HOU_TEN,HOU,68,47.0,26.09090909090909,0.06301436208042442,-0.06696717421772226,72.0,27.455211455211455,0.03325886260009017,-0.03772939469661926,TEN,-7,54.75,29.675,0.6911764705882353
2025,12,2025_12_BUF_HOU,HOU,55,31.0,24.846153846153847,-0.04655809561873587,-0.06426352002561593,71.5,27.864302364302365,0.040279169105274334,0.02304112562283897,BUF,0,60.75,28.03452380952381,0.5636363636363636
2025,13,2025_13_HOU_IND,HOU,71,37.0,27.97872340425532,0.016961980821951373,0.011093858853163371,66.75,26.61430236430236,0.026822261164332506,-0.051781173638675806,IND,3,62.25,30.860919283313066,0.5211267605633803
2025,14,2025_14_HOU_KC,HOU,65,35.0,25.24137931034483,0.001753495896563797,-0.07540147642134251,66.5,26.88279273917572,0.03161673988057733,-0.011632472877999296,KC,-3,68.0,26.259240708478515,0.5384615384615384
2025,15,2025_15_ARI_HOU,HOU,60,31.0,23.2,-0.021567905942599035,0.24830012980402985,64.75,26.039291412915773,0.008792935795050931,-0.04888457795287933,ARI,0,67.5,29.480962752525254,0.5166666666666667
2025,16,2025_16_LV_HOU,HOU,59,36.0,26.4375,-0.04577997640559555,-0.15858796426285265,62.75,25.316564140188497,-0.012352631210704934,0.029932248052558688,LV,0,52.25,28.7659009449332,0.6101694915254238
2025,17,2025_17_HOU_LAC,HOU,59,28.0,30.0,0.045740967350346766,-0.15143053192070494,63.75,25.714400678650037,-0.012158101407419854,0.006351136993249511,LAC,0,64.5,28.79594130675526,0.4745762711864407
2025,18,2025_18_IND_HOU,HOU,63,33.0,21.833333333333332,-0.11759478663620745,-0.01890033960430798,60.75,26.219719827586204,-0.004963354775321007,-0.03427996070021756,IND,1,58.25,27.929625199362043,0.5238095238095238
2022,3,2022_03_KC_IND,IND,68,43.0,29.216216216216218,0.024748908811145397,-0.1607831673472911,69.0,31.155172413793103,-0.0767412097287564,-0.2230494164685619,KC,-3,59.0,29.44571428571429,0.6323529411764706
2022,4,2022_04_TEN_IND,IND,63,41.0,29.0,-0.052845237716551814,-0.08042609310693882,68.66666666666667,30.50885368126747,-0.04291117021545579,-0.20229400009480494,TEN,0,55.0,33.43001805985552,0.6507936507936508
2022,5,2022_05_IND_DEN,IND,72,47.0,27.973684210526315,-0.0634883033985994,-0.20383723911985094,67.25,30.131640260950604,-0.0453946870907298,-0.17182702334783845,DEN,0,61.0,27.356787766026898,0.6527777777777778
2022,6,2022_06_JAX_IND,IND,76,59.0,20.872340425531913,0.11515314118903981,0.2066473887382161,62.75,29.29747510668563,-0.04024072628730016,-0.22053513848899797,JAX,3,64.5,29.62054367201426,0.7763157894736842
2022,7,2022_07_IND_TEN,IND,64,48.0,28.043478260869566,0.0767795867644823,-0.2159899773743444,69.75,26.76556021306861,0.005892127221258498,-0.05959977770896619,TEN,-7,54.25,33.577821559245706,0.75
2022,8,2022_08_WAS_IND,IND,53,28.0,32.9375,-0.11460366227277889,-0.14610329197463734,68.75,26.472375724231945,0.01889979670959272,-0.07340148021572951,WAS,0,63.5,29.80086823761643,0.5283018867924528
2022,9,2022_09_IND_NE,IND,60,42.0,30.75,-0.19037522989160868,-0.6318464168840138,66.25,27.456750724231945,0.0034601905705359502,-0.08982077993265414,NE,0,58.75,27.738496376811597,0.7
2022,10,2022_10_IND_LV,IND,59,32.0,28.64516129032258,-0.1441391209761301,0.15262486339536208,63.25,28.15082967160037,-0.02826154105271637,-0.19682307437369484,LV,0,55.5,28.78568376068376,0.5423728813559322
2022,11,2022_11_PHI_IND,IND,62,36.0,31.571428571428573,-0.07665774943651975,-0.14585853670871482,59.0,30.09403488779804,-0.09308460659400886,-0.21032870570940834,PHI,1,56.75,26.831324635117205,0.5806451612903226
2022,12,2022_12_PIT_IND,IND,62,39.0,24.6875,-0.027874850150611703,-0.16187083324214468,58.5,30.97602246543779,-0.13144394064425935,-0.19279584554300094,PIT,0,71.0,27.52404306220096,0.6290322580645161
2022,13,2022_13_IND_DAL,IND,69,41.0,24.44736842105263,-0.12027210505997264,-0.2982592410802721,60.75,28.913522465437786,-0.10976173761371756,-0.1967377308598778,DAL,-4,68.0,27.74905303030303,0.5942028985507246
2022,15,2022_15_IND_MIN,IND,78,37.0,31.0,-0.09683524724096064,-0.18015564415810018,63.0,27.337864570700944,-0.09223595640580855,-0.11334093690894234,MIN,7,61.5,28.13559608568586,0.47435897435897434
2022,16,2022_16_LAC_IND,IND,50,36.0,27.88,0.02385502396260986,-0.5723881567776544,67.75,27.9265742481203,-0.08040998797201618,-0.1965360637973079,LAC,1,70.0,27.42102330989526,0.72
2022,17,2022_17_IND_NYG,IND,56,30.0,31.923076923076923,-0.20137636977083534,-0.16867049883243349,64.75,27.003717105263156,-0.055281794622233774,-0.3031684688145428,NYG,-2,63.0,27.734961685823755,0.5357142857142857
2022,18,2022_18_HOU_IND,IND,70,41.0,27.75,-0.07351374829357327,-0.08365992985109665,63.25,28.81261133603239,-0.09865717452728968,-0.304868385212115,HOU,0,62.25,29.137581297875418,0.5857142857142857
2023,3,2023_03_IND_BAL,IND,84,49.0,27.076923076923077,-0.019767774962911384,-0.15425004682659943,62.5,27.291596638655463,-0.03413137210452038,-0.07106992996798472,BAL,0,64.0,27.155573376102645,0.5833333333333334
2023,4,2023_04_LA_IND,IND,59,32.0,28.0,-0.05292668276362938,0.022947358358674633,69.66666666666667,27.220038784744663,-0.029343506390650715,-0.09879663558752295,LA,1,69.0,28.80192011899329,0.5423728813559322
2023,5,2023_05_TEN_IND,IND,60,28.0,28.28205128205128,-0.12052510069175203,0.20651486377475897,67.0,27.415029088558498,-0.03523930048389538,-0.06836063710097356,TEN,0,57.0,28.158099906629317,0.4666666666666667
2023,6,2023_06_IND_JAX,IND,75,60.0,35.857142857142854,0.31126160640269523,-0.2075388798914707,64.75,27.942684766214175,-0.0634928440537085,0.08294920773346572,JAX,0,69.0,29.675891265597148,0.8
2023,7,2023_07_CLE_IND,IND,67,30.0,28.675,-0.1434575216128277,-0.0510148556130726,69.5,29.804029304029303,0.029510511996100608,-0.03308167614615914,CLE,0,70.75,28.19994588744589,0.44776119402985076
2023,8,2023_08_NO_IND,IND,67,44.0,27.28205128205128,-0.07539861786122218,0.047794144078771875,65.25,30.203548534798532,-0.0014119246663784751,-0.00727287834277743,NO,-3,73.0,27.336007882882882,0.6567164179104478
2023,9,2023_09_IND_CAR,IND,54,28.0,26.857142857142858,-0.11731256281628333,-0.10387839918708558,67.25,30.024061355311357,-0.007029908440776677,-0.0010611819127531192,CAR,0,65.5,28.358803656597775,0.5185185185185185
2023,10,2023_10_IND_NE,IND,53,28.0,27.424242424242426,-0.03823262416734929,-0.017891335278321104,65.75,29.66783424908425,-0.006226773971909502,-0.07865949765321426,NE,0,55.75,30.31982323232323,0.5283018867924528
2023,12,2023_12_TB_IND,IND,69,45.0,21.625,0.15451496126859088,0.0809557941922527,60.25,27.55960914085914,-0.09360033161442063,-0.03124761149992685,TB,7,62.75,28.706024269611227,0.6521739130434783
2023,13,2023_13_IND_TEN,IND,68,48.0,25.25,0.06219142044966041,-0.01090840195705591,60.75,25.797109140859142,-0.019107210894065987,0.001745050951404467,TEN,0,52.75,28.795119047619046,0.7058823529411765
2023,14,2023_14_IND_CIN,IND,60,44.0,31.22222222222222,0.19538787784783745,-0.04437234248803617,61.0,25.28909632034632,0.01529029868365466,-0.012930585557552478,CIN,1,57.5,29.141666666666666,0.7333333333333333
2023,15,2023_15_PIT_IND,IND,64,32.0,26.266666666666666,0.11549580056925085,0.05359909834825643,62.5,26.38036616161616,0.09346540884968485,0.0019459286172098748,PIT,-3,61.0,31.971872834372835,0.5
2023,16,2023_16_IND_ATL,IND,67,46.0,26.392857142857142,0.06567038113580025,-0.23996238081935614,65.25,26.09097222222222,0.1318975150338349,0.019818537023854256,ATL,1,60.75,29.028354956847608,0.6865671641791045
2023,17,2023_17_LV_IND,IND,52,25.0,28.962962962962962,0.06879483027891678,0.1387049483722031,64.75,27.28293650793651,0.10968637000063723,-0.06041100672904795,LV,1,56.0,29.091774891774893,0.4807692307692308
2023,18,2023_18_HOU_IND,IND,63,27.0,30.10810810810811,-0.11985371079709795,-0.010163362004777956,60.75,28.21117724867725,0.11133722245795133,-0.023007669146733203,HOU,0,63.25,29.167248964803314,0.42857142857142855
2024,3,2024_03_CHI_IND,IND,51,22.0,29.266666666666666,-0.14811097320757413,-0.21308674622788165,48.0,25.574074074074076,-0.14090007078175681,-0.021903174677563277,CHI,0,59.0,27.61911764705882,0.43137254901960786
2024,4,2024_04_PIT_IND,IND,63,33.0,23.333333333333332,-0.10388092909540447,0.11364081754727395,49.0,26.80493827160494,-0.1433037049236959,-0.08563103186100274,PIT,0,62.333333333333336,30.087926044066393,0.5238095238095238
2024,5,2024_05_IND_JAX,IND,68,50.0,28.114285714285714,0.1007299138440026,0.2568731689573254,52.5,25.937037037037037,-0.13344801096662307,-0.035813069508933565,JAX,0,57.25,25.041940789473685,0.7352941176470589
2024,6,2024_06_IND_TEN,IND,66,39.0,25.0,-0.012775161049582661,-0.09491334601256624,58.5,25.706349206349206,-0.07410453406602585,0.015433321871902148,TEN,-6,58.75,29.866600790513836,0.5909090909090909
2024,7,2024_07_MIA_IND,IND,60,29.0,26.967741935483872,-0.06380006380197477,-0.19459945894577244,62.0,26.428571428571427,-0.041009287377139665,0.015628473566037873,MIA,-7,65.5,29.03587121212121,0.48333333333333334
2024,8,2024_08_IND_HOU,IND,61,38.0,23.535714285714285,-0.03468118028508289,-0.09270544400182797,64.25,25.85384024577573,-0.019931560025739828,0.020250295386565177,HOU,0,63.5,31.470659722222223,0.6229508196721312
2024,9,2024_09_IND_MIN,IND,48,30.0,30.333333333333332,-0.03837541916540695,-0.3262176428522692,63.75,25.90443548387097,-0.0026316228231594314,-0.031336270000710306,MIN,-3,56.75,31.827238550922765,0.625
2024,10,2024_10_BUF_IND,IND,61,39.0,30.444444444444443,-0.04050196117411053,-0.25126254354012134,58.75,26.459197388632873,-0.03740795607551182,-0.17710897295310896,BUF,0,59.0,27.453070175438594,0.639344262295082
2024,11,2024_11_IND_NYJ,IND,69,33.0,28.428571428571427,-0.20277898667789082,0.01833998613708016,57.5,27.820308499743984,-0.04433965610664378,-0.21619627233499775,NYJ,0,55.75,29.75735294117647,0.4782608695652174
2024,12,2024_12_DET_IND,IND,48,30.0,27.0,-0.03804788618318505,-0.14250006489046088,59.75,28.185515873015873,-0.0790843868256228,-0.16296141106428458,DET,0,59.0,28.670401493930903,0.625
2024,13,2024_13_IND_NE,IND,58,25.0,32.7,-0.17936341209071022,0.09043193271845991,56.5,29.051587301587304,-0.07992606330014834,-0.17541006628644282,NE,0,64.75,29.349038461538463,0.43103448275862066
2024,15,2024_15_IND_DEN,IND,72,43.0,26.485714285714284,-0.11743967086076733,-0.45204005983084034,59.0,29.643253968253966,-0.11517306153147415,-0.07124767239376054,DEN,1,59.75,27.670075757575756,0.5972222222222222
2024,16,2024_16_TEN_IND,IND,62,14.0,32.23809523809524,-0.2297036874294281,0.21821909411644846,61.75,28.65357142857143,-0.13440748895313837,-0.12144205146644028,TEN,0,60.25,29.045333219751825,0.22580645161290322
2024,17,2024_17_IND_NYG,IND,74,41.0,31.48,-0.08098843549528423,0.043439176677074406,60.0,29.60595238095238,-0.14113866414102266,-0.07147227447159821,NYG,0,61.75,28.077161654135338,0.5540540540540541
2024,18,2024_18_JAX_IND,IND,77,43.0,30.0,-0.01357452385127544,0.01151092785992543,66.5,30.725952380952382,-0.1518738014690475,-0.024987464079714385,JAX,0,63.0,27.453273809523807,0.5584415584415584
2025,3,2025_03_IND_TEN,IND,50,27.0,27.333333333333332,0.10492923855781552,0.3936531533492058,68.5,29.148102815177477,0.03560592112780526,0.20734648123775945,TEN,0,59.5,26.922764227642276,0.54
2025,4,2025_04_IND_LA,IND,55,35.0,30.580645161290324,0.024471267655089057,-0.0927676938804664,62.333333333333336,28.543179654562763,0.05871369360447535,0.2694487052749082,LA,0,59.0,28.22073677956031,0.6363636363636364
2025,5,2025_05_LV_IND,IND,61,35.0,25.11764705882353,0.049822823703289144,0.27683331467379974,60.5,29.052546031244653,0.05015308711712878,0.17889460548606456,LV,0,60.0,27.43572896900696,0.5737704918032787
2025,6,2025_06_ARI_IND,IND,56,33.0,28.135135135135137,0.03795609932120257,0.14932353989474528,58.25,26.84511569068738,0.05241248892485962,0.1819608701608088,ARI,0,59.75,26.409667325428195,0.5892857142857143
2025,7,2025_07_IND_LAC,IND,55,36.0,24.318181818181817,0.0695774560937515,0.43477880175474354,55.5,27.79169017214558,0.054294857309349076,0.1817605785093211,LAC,0,66.0,27.528154748489435,0.6545454545454545
2025,8,2025_08_TEN_IND,IND,52,35.0,33.55,0.12698243364043857,0.3815471290843496,56.75,27.0379022933577,0.045456911693333074,0.19204199061070554,TEN,0,53.75,28.729629629629628,0.6730769230769231
2025,9,2025_09_IND_PIT,IND,73,55.0,26.032258064516128,0.11400862596929073,-0.12281911859057515,56.0,27.78024100303512,0.07108470318967045,0.3106206963519096,PIT,0,54.5,29.44533517647742,0.7534246575342466
2025,10,2025_10_ATL_IND,IND,75,40.0,32.63414634146341,-0.022982811927795423,0.1509893408926088,59.0,28.00889375445827,0.08713115375617084,0.21070758803581582,ATL,0,56.75,29.030402327935224,0.5333333333333333
2025,12,2025_12_IND_KC,IND,49,33.0,31.227272727272727,0.13733737170696253,-0.004252268632973077,63.75,29.13364655604034,0.07189642594392134,0.2111240382852817,KC,7,65.0,27.027130463622402,0.673469387755102
2025,13,2025_13_HOU_IND,IND,51,28.0,27.78125,-0.0340737766689724,-0.11632910457837005,62.25,30.860919283313066,0.0888364048472241,0.10136627068835255,HOU,-3,66.75,26.61430236430236,0.5490196078431373
2025,14,2025_14_IND_JAX,IND,63,40.0,26.68421052631579,-0.059654164043339855,-0.18852082875255363,62.0,29.418731783313067,0.04857235226987136,-0.02310278772732737,JAX,0,60.0,31.48229166666667,0.6349206349206349
2025,15,2025_15_IND_SEA,IND,58,28.0,31.473684210526315,-0.12163975394584924,-0.09799451798336871,59.5,29.581719898762984,0.005156654766713715,-0.03952821526782199,SEA,0,61.25,26.941666666666666,0.4827586206896552
2025,16,2025_16_SF_IND,IND,58,38.0,25.5,0.0667527784903844,-0.036780546205232995,55.25,29.29160436602871,-0.019507580737799738,-0.10177417998681637,SF,0,63.0,28.111309523809524,0.6551724137931034
2025,17,2025_17_JAX_IND,IND,54,33.0,28.060606060606062,-0.004018626925421905,-0.2055823975114705,57.5,27.859786184210527,-0.037153729041944264,-0.10990624937988135,JAX,-1,59.75,27.411229395604394,0.6111111111111112
2025,18,2025_18_IND_HOU,IND,64,38.0,24.743589743589745,0.027510836381803818,-0.07294242176672622,58.25,27.929625199362043,-0.029639941606056642,-0.13221957261315648,HOU,-1,60.75,26.219719827586204,0.59375
2022,3,2022_03_JAX_LAC,JAX,74,41.0,26.58823529411765,0.0862740794333016,0.21725349344201048,64.5,33.05357142857143,-0.05744572289680178,0.08303295008334234,LAC,-3,68.0,30.41826923076923,0.5540540540540541
2022,4,2022_04_JAX_PHI,JAX,46,27.0,26.727272727272727,-0.11625980536142987,-0.3307934273844181,67.66666666666667,30.898459383753504,-0.009539122120100654,0.12777313120289838,PHI,0,68.33333333333333,25.027851458885937,0.5869565217391305
2022,5,2022_05_HOU_JAX,JAX,72,49.0,28.666666666666668,-0.08299434961130232,-0.11049421151237677,62.25,29.855662719633308,-0.03621929293043295,0.013131491556069269,HOU,0,58.75,27.765653617216117,0.6805555555555556
2022,6,2022_06_JAX_IND,JAX,59,28.0,28.133333333333333,-0.01323976772172114,0.19785025481788973,64.5,29.62054367201426,-0.06525041436631862,-0.028277825180224515,IND,-3,62.75,29.29747510668563,0.4745762711864407
2022,7,2022_07_NYG_JAX,JAX,66,44.0,24.842105263157894,0.0441339676353064,0.13958950351242894,62.75,27.528877005347596,-0.031554960815287934,-0.006545972659223659,NYG,0,60.75,28.731575548107806,0.6666666666666666
2022,8,2022_08_DEN_JAX,JAX,65,35.0,25.483870967741936,-0.0389704989890258,-0.09790961897111983,60.75,27.092344497607655,-0.04208998876478673,-0.025961970141619037,DEN,0,61.75,27.15077639751553,0.5384615384615384
2022,9,2022_09_LV_JAX,JAX,66,32.0,32.29032258064516,-0.059864145867964735,0.18733812416462614,65.5,26.78149405772496,-0.02276766217168572,0.03225898196170553,LV,0,59.25,27.32318376068376,0.48484848484848486
2022,10,2022_10_JAX_KC,JAX,61,48.0,28.916666666666668,0.011805645293659612,0.08797971886641184,64.0,27.68740803621958,-0.016985111235851322,0.10671706588095625,KC,0,69.25,25.039909815771885,0.7868852459016393
2022,12,2022_12_BAL_JAX,JAX,62,43.0,28.615384615384617,-0.017728425124112306,0.04828160793351199,64.5,27.883241369552916,-0.010723757982006133,0.07924943189308678,BAL,7,65.75,31.570887445887443,0.6935483870967742
2022,13,2022_13_JAX_DET,JAX,56,40.0,22.5,0.07112116705287591,-0.08870010836805088,63.5,28.826561207609593,-0.02618935617186081,0.05642245799835755,DET,-3,60.75,26.55169314852378,0.7142857142857143
2022,14,2022_14_JAX_TEN,JAX,67,44.0,26.323529411764707,0.0836300421051863,0.17135101895961932,61.25,28.08059346567411,0.0013335603386146165,0.05872483564912478,TEN,0,57.5,25.811030226043908,0.6567164179104478
2022,15,2022_15_DAL_JAX,JAX,70,45.0,35.22222222222222,0.04477317134539282,0.11629362891315405,61.5,26.588895173454,0.03720710733190238,0.05472805934787308,DAL,0,68.5,28.05154220779221,0.6428571428571429
2022,16,2022_16_JAX_NYJ,JAX,68,36.0,33.86666666666667,-0.11161955935614448,0.07402798357693607,63.75,28.165284062342884,0.04544898884483568,0.06180653685955863,NYJ,0,69.25,28.070836849931677,0.5294117647058824
2022,17,2022_17_JAX_HOU,JAX,60,31.0,24.428571428571427,-0.022936417868262858,-0.07604215855462616,65.25,29.4781045751634,0.021976205286827637,0.06824313077041465,HOU,2,61.0,28.856440946998223,0.5166666666666667
2022,18,2022_18_TEN_JAX,JAX,45,33.0,25.428571428571427,0.09374332584832844,-0.10635881234867214,66.25,29.960247432306254,-0.0015381909434570556,0.07140761822377084,TEN,-3,60.5,29.904895104895104,0.7333333333333333
2023,3,2023_03_HOU_JAX,JAX,69,45.0,30.454545454545453,-0.1498403900435993,-0.05072840892412013,66.0,29.674561403508772,0.0638274570979865,-0.2843708244374973,HOU,0,73.5,25.8882503192848,0.6521739130434783
2023,4,2023_04_ATL_JAX,JAX,61,36.0,34.88235294117647,0.09022909208484314,0.006607778374848178,67.0,29.934556087187662,-0.007395158615875447,-0.20649001926637156,ATL,0,63.0,28.514022670427334,0.5901639344262295
2023,5,2023_05_JAX_BUF,JAX,82,47.0,25.333333333333332,0.04272409442525646,0.13415352075976605,65.5,31.171505300684867,0.0170109040593042,-0.15321556985606663,BUF,0,63.5,32.4716628959276,0.573170731707317
2023,6,2023_06_IND_JAX,JAX,58,35.0,29.727272727272727,0.020014942756721017,-0.07553166952862088,69.0,29.675891265597148,0.022351854252713188,-0.06128898317596554,IND,0,64.75,27.942684766214175,0.603448275862069
2023,7,2023_07_JAX_NO,JAX,53,35.0,28.555555555555557,0.13736165702342995,-0.04199915497215348,67.5,30.099376114081995,0.0007819348058053241,0.003625305170468305,NO,0,66.0,26.865769787644787,0.660377358490566
2023,8,2023_08_JAX_PIT,JAX,66,36.0,26.696969696969695,0.03079074003347538,-0.09157991011111842,63.5,29.62462863933452,0.07258244657256263,0.005807618658459968,PIT,3,57.0,30.46646148989899,0.5454545454545454
2023,10,2023_10_SF_JAX,JAX,54,39.0,30.181818181818183,-0.003556961643284731,-0.4714810743005807,64.75,27.578282828282827,0.057722858559720695,-0.01873930346303168,SF,0,56.5,31.35257296466974,0.7222222222222222
2023,11,2023_11_TEN_JAX,JAX,69,35.0,32.06666666666667,-0.022333974639574556,0.19394928561973596,57.75,28.79040404040404,0.0461525945425854,-0.17014795222811838,TEN,0,59.0,29.535063938618922,0.5072463768115942
2023,12,2023_12_JAX_HOU,JAX,68,39.0,27.906976744186046,-0.030955964028835298,0.03739916311898249,60.5,29.375252525252527,0.0355653651935115,-0.10277771344102916,HOU,0,65.25,28.53113778113778,0.5735294117647058
2023,13,2023_13_CIN_JAX,JAX,68,46.0,30.96969696969697,0.0003023180292873943,0.18604210767038118,64.25,29.213107822410148,-0.0065140400695548085,-0.08292813391824518,CIN,0,55.5,28.466212121212116,0.6764705882352942
2023,14,2023_14_JAX_CLE,JAX,74,57.0,24.263157894736842,0.052880857388178514,-0.18831154416654128,64.75,30.281289640591968,-0.014136145570601805,-0.013522629472870279,CLE,-1,71.25,26.86488095238095,0.7702702702702703
2023,15,2023_15_BAL_JAX,JAX,61,48.0,29.34375,0.056996108712376786,-0.22573760696844503,69.75,28.80162456882163,-2.6690812735994177e-05,0.05726975306063958,BAL,0,62.0,25.943590733590735,0.7868852459016393
2023,16,2023_16_JAX_TB,JAX,63,54.0,33.86666666666667,-0.1272310242056847,-0.20385275782476436,67.75,28.120895402154964,0.019805830025251842,-0.04765197008640566,TB,0,59.25,28.950936438879456,0.8571428571428571
2023,17,2023_17_CAR_JAX,JAX,58,29.0,31.5,0.02018934438625968,0.106044979423929,66.5,29.61081788277512,-0.004262935018960506,-0.10796495032234238,CAR,0,68.0,30.595855648416624,0.5
2023,18,2023_18_JAX_TEN,JAX,66,45.0,32.7,-0.026611240013785956,-0.06277091192108603,64.0,29.743393640350877,0.0007088215702825652,-0.1279642323839554,TEN,0,61.75,29.59388440860215,0.6818181818181818
2024,3,2024_03_JAX_BUF,JAX,68,52.0,15.5,0.3512122184038162,-0.24341390146074307,52.0,27.03125,-0.06788851678758472,-0.09097825543944396,BUF,-3,49.5,30.521568627450982,0.7647058823529411
2024,4,2024_04_JAX_HOU,JAX,57,35.0,30.605263157894736,0.058320001761118574,-0.013452732502280629,57.333333333333336,23.1875,0.0718117282762156,-0.14179013744654365,HOU,-1,65.66666666666667,29.714539940346395,0.6140350877192983
2024,5,2024_05_IND_JAX,JAX,57,34.0,33.4,-0.012160729028676749,0.2786041789602495,57.25,25.041940789473685,0.06843879664744135,-0.1097057862104779,IND,0,52.5,25.937037037037037,0.5964912280701754
2024,6,2024_06_JAX_CHI,JAX,60,44.0,32.714285714285715,-0.02332035576303793,-0.00654797974294418,59.0,26.923190789473683,0.08965787211325682,-0.0030638292006317236,CHI,0,67.25,26.427429494525086,0.7333333333333333
2024,7,2024_07_NE_JAX,JAX,60,22.0,34.4,-0.10127437898987215,0.24094059874717197,60.5,28.05488721804511,0.09351278384330503,0.003797391313570415,NE,0,56.75,29.537916666666668,0.36666666666666664
2024,8,2024_08_GB_JAX,JAX,56,34.0,28.0,-0.09866404202249313,0.061244251585838065,58.5,32.77988721804511,-0.01960886550511707,0.12488601636554916,GB,0,63.75,31.90246055687232,0.6071428571428571
2024,9,2024_09_JAX_PHI,JAX,52,37.0,32.72727272727273,-0.06732778996229176,-0.17861123437054674,58.25,32.128571428571426,-0.05885487645101999,0.14356026238757885,PHI,0,59.0,29.383485691573927,0.7115384615384616
2024,10,2024_10_MIN_JAX,JAX,43,27.0,27.535714285714285,-0.026443221113261122,-0.3390633094064933,57.0,31.960389610389612,-0.07264664168442375,0.029256409054879792,MIN,0,59.0,31.910894256918894,0.627906976744186
2024,11,2024_11_JAX_DET,JAX,47,31.0,35.6,0.032146766781806946,-0.37169179316486567,52.75,30.66574675324675,-0.07342735802197954,-0.05387242336100749,DET,0,54.0,30.067460317460316,0.6595744680851063
2024,13,2024_13_HOU_JAX,JAX,69,47.0,22.88888888888889,-0.12068661247811671,0.08401990862355317,49.5,30.965746753246755,-0.04007207157905977,-0.2070305213390169,HOU,7,63.25,29.143446455505277,0.6811594202898551
2024,14,2024_14_JAX_TEN,JAX,57,34.0,26.314285714285713,0.04216928141457698,0.030804982399610287,52.75,29.687968975468976,-0.04557771419296567,-0.20133660707958814,TEN,0,55.25,28.906203629535277,0.5964912280701754
2024,15,2024_15_NYJ_JAX,JAX,78,52.0,25.875,0.002632979233309932,0.1195301160467008,54.0,28.084722222222226,-0.018203446348748487,-0.14898255288704887,NYJ,0,58.0,31.550999245852186,0.6666666666666666
2024,16,2024_16_JAX_LV,JAX,61,40.0,25.1,-0.09149964264732732,-0.21165921295263992,62.75,27.66954365079365,-0.01093439626210572,-0.03433419652375034,LV,1,65.5,29.11315464895636,0.6557377049180327
2024,17,2024_17_TEN_JAX,JAX,56,26.0,32.523809523809526,-0.09147769212722788,0.15334083067712098,66.25,25.044543650793653,-0.041845998619389285,0.005673948529306097,TEN,0,58.75,29.293879731379732,0.4642857142857143
2024,18,2024_18_JAX_IND,JAX,66,36.0,26.580645161290324,-0.04199586554271418,0.030341789432417988,63.0,27.453273809523807,-0.034543768531667074,0.02300417904269805,IND,0,66.5,30.725952380952382,0.5454545454545454
2025,3,2025_03_HOU_JAX,JAX,65,43.0,24.96153846153846,0.04085615898172058,-0.163264141246134,65.0,28.602787456445995,0.05436359019950031,0.1226980370543587,HOU,1,51.5,29.277884615384615,0.6615384615384615
2025,4,2025_04_JAX_SF,JAX,60,32.0,29.266666666666666,-0.04145068952015464,0.0778948432052894,65.0,27.389037791476813,0.049861113126907074,0.02737731095419445,SF,0,64.66666666666667,27.42306661795153,0.5333333333333333
2025,5,2025_05_KC_JAX,JAX,54,35.0,30.285714285714285,0.04042797535657879,0.02829413494960034,63.75,27.858445010274277,0.027033162465141643,0.040006694016968186,KC,0,61.75,29.861074061074063,0.6481481481481481
2025,6,2025_06_SEA_JAX,JAX,68,50.0,26.060606060606062,0.04766706542836303,-0.02184665399628133,62.25,28.537016438845708,0.028361928655898996,0.00896572862356564,SEA,-1,58.75,27.893014950166112,0.7352941176470589
2025,7,2025_07_LA_JAX,JAX,74,57.0,24.666666666666668,0.06689273814360291,-0.16017528308253748,61.75,27.643631368631368,0.02187512756162694,-0.0197304542718814,LA,0,61.0,27.445975232198144,0.7702702702702703
2025,9,2025_09_JAX_LV,JAX,76,38.0,33.30952380952381,-0.08162888605147602,0.157068247980769,64.0,27.56991341991342,0.028384272352097523,-0.01895823973098227,LV,0,50.0,31.778539426523295,0.5
2025,10,2025_10_JAX_HOU,JAX,56,33.0,30.666666666666668,-0.19621331791083024,-0.2355685361521061,68.0,28.580627705627705,0.01833972321926718,0.0008351114628876236,HOU,0,70.0,28.040001665001665,0.5892857142857143
2025,11,2025_11_LAC_JAX,JAX,69,24.0,31.0,-0.0171509728981899,0.07959256080473599,68.5,28.6758658008658,-0.04082060009758508,-0.06513055631253899,LAC,0,69.0,29.29675383600066,0.34782608695652173
2025,12,2025_12_JAX_ARI,JAX,60,35.0,29.2,0.03814626142785353,-0.1880863879612304,68.75,29.910714285714285,-0.05702510967922331,-0.03977075261228466,ARI,0,70.0,26.67010416666667,0.5833333333333334
2025,13,2025_13_JAX_TEN,JAX,55,32.0,35.0625,0.009950365126132926,0.01299133000826796,65.25,31.04404761904762,-0.06421172885816065,-0.04674852883195789,TEN,0,58.75,28.684993614303963,0.5818181818181818
2025,14,2025_14_IND_JAX,JAX,60,33.0,23.428571428571427,0.08797268383204934,0.09141080124428977,60.0,31.48229166666667,-0.041316916063758424,-0.08276775832508314,IND,0,62.0,29.418731783313067,0.55
2025,15,2025_15_NYJ_JAX,JAX,56,36.0,28.076923076923077,0.13351231217384354,0.3273718464182313,61.0,29.67276785714286,0.029729584371961475,-0.0010229239759841774,NYJ,0,58.25,27.72652097902098,0.6428571428571429
2025,16,2025_16_JAX_DEN,JAX,68,43.0,23.076923076923077,0.04606866773138654,0.08766054605876385,57.75,28.941998626373625,0.06739540563996985,0.060921897427389654,DEN,0,66.25,29.28830978962558,0.6323529411764706
2025,17,2025_17_JAX_IND,JAX,68,43.0,26.95,0.0887229244927971,0.005853578666848202,59.75,27.411229395604394,0.06937600721585309,0.12985863093238822,IND,1,57.5,27.859786184210527,0.6323529411764706
2025,18,2025_18_TEN_JAX,JAX,55,36.0,22.428571428571427,0.2717695501115587,0.2188593359601111,63.0,25.383104395604395,0.08906914705751913,0.1280741930970333,TEN,0,63.25,29.484360911780264,0.6545454545454545
2022,3,2022_03_KC_IND,KC,61,42.0,26.29268292682927,0.1349344812333584,0.035404233280969116,59.0,29.44571428571429,0.15702035843298354,0.2530157910039542,IND,3,69.0,31.155172413793103,0.6885245901639344
2022,4,2022_04_KC_TB,KC,77,43.0,28.4375,0.19443040297311895,0.2498795734992141,59.666666666666664,28.39470383275261,0.14965839936644185,0.18047860509629254,TB,0,60.666666666666664,30.616635706914348,0.5584415584415584
2022,5,2022_05_LV_KC,KC,69,49.0,27.862068965517242,0.14496346405058205,0.2040678976917299,64.0,28.40540287456446,0.16085140026811112,0.19782884719702293,LV,0,64.0,30.714819004524887,0.7101449275362319
2022,6,2022_06_BUF_KC,KC,61,47.0,23.363636363636363,0.1545897731184959,0.047199996683069505,64.75,27.540920115943774,0.1599417873268114,0.1433585672392198,BUF,-1,65.75,27.586061320754716,0.7704918032786885
2022,7,2022_07_KC_SF,KC,55,37.0,22.37837837837838,0.10122018977999687,0.6038655928600666,67.0,26.488972063995718,0.1572295303438888,0.13413792528874566,SF,0,54.25,26.94327731092437,0.6727272727272727
2022,9,2022_09_TEN_KC,KC,92,78.0,26.555555555555557,0.2054057315273105,0.0668047134524857,65.5,25.510395926883,0.14880095748054845,0.27625326518352,TEN,7,55.75,30.773453175644388,0.8478260869565217
2022,10,2022_10_JAX_KC,KC,61,40.0,28.266666666666666,0.11653816550970082,0.2740297882319583,69.25,25.039909815771885,0.15154478961909634,0.23048455017183794,JAX,0,64.0,27.68740803621958,0.6557377049180327
2022,11,2022_11_KC_LAC,KC,61,38.0,27.634146341463413,0.0009628403931855704,0.252174081841532,67.25,25.14105924105924,0.14443846498387602,0.247975022806895,LAC,0,68.75,24.82716013408613,0.6229508196721312
2022,12,2022_12_LA_KC,KC,72,46.0,24.192307692307693,0.1643881802757581,0.12804453136134536,67.25,26.208686735516004,0.10603173180254843,0.2992185440965106,LA,0,57.25,27.771415441176472,0.6388888888888888
2022,13,2022_13_KC_CIN,KC,54,31.0,28.36111111111111,-0.017448235589724314,0.2390088277840451,71.5,26.66216906399833,0.12182372942648875,0.18026327872183034,CIN,0,61.25,29.564267676767678,0.5740740740740741
2022,14,2022_14_KC_DEN,KC,64,44.0,29.833333333333332,0.2627955567836762,0.10113150482661593,62.0,27.11355795288722,0.06611023764723005,0.22331430730472018,DEN,0,60.75,27.459972547777426,0.6875
2022,15,2022_15_KC_HOU,KC,77,47.0,29.928571428571427,-0.007706046964113543,0.1357225762059799,62.75,27.50522461955389,0.1026745854657239,0.1800897364533846,HOU,0,59.5,30.239938080495357,0.6103896103896104
2022,16,2022_16_SEA_KC,KC,51,31.0,27.95,0.05874538856248062,0.014907053045892807,66.75,28.07883089133089,0.10050736362639913,0.15097686004449656,SEA,-3,60.0,26.74462021221532,0.6078431372549019
2022,17,2022_17_DEN_KC,KC,58,45.0,27.88235294117647,0.22493940117684277,0.09311413527455074,61.5,29.018253968253966,0.07409666569807975,0.12269249046563344,DEN,1,62.0,27.422537878787878,0.7758620689655172
2022,18,2022_18_KC_LV,KC,54,31.0,34.0,0.04677065710226701,0.2610651970028451,62.5,28.898564425770306,0.1346935748897215,0.08621881733825985,LV,0,60.0,30.57547080868315,0.5740740740740741
2023,3,2023_03_CHI_KC,KC,73,41.0,31.533333333333335,0.05829651261630804,0.23597103009636725,61.5,26.496076721883174,0.15385398846973264,-0.00048204725572645324,CHI,0,61.5,27.007675438596493,0.5616438356164384
2023,4,2023_04_KC_NYJ,KC,64,35.0,32.60606060606061,0.04969213430474445,0.16861990351686995,65.33333333333333,28.17516225903323,0.12200149651859112,0.07833564519497145,NYJ,0,52.0,30.326599326599325,0.546875
2023,5,2023_05_KC_MIN,KC,63,42.0,28.25,0.09611882501178312,0.17194154515935445,65.0,29.282886845790074,0.10392415596512945,0.10090670977544608,MIN,0,60.0,28.18977272727273,0.6666666666666666
2023,6,2023_06_DEN_KC,KC,67,46.0,31.208333333333332,-0.006431674850838577,-0.02822241546164939,65.25,29.710251710654937,0.09640807570708419,0.18032571783052664,DEN,0,56.25,33.18127952091768,0.6865671641791045
2023,7,2023_07_LAC_KC,KC,62,45.0,27.23076923076923,0.14601484281676153,0.2564195220897243,66.75,30.89943181818182,0.04941894927049926,0.13707751582773556,LAC,4,62.25,27.458174603174605,0.7258064516129032
2023,8,2023_08_KC_DEN,KC,57,44.0,27.583333333333332,0.016826258551689892,-0.3173095914678413,64.0,29.82379079254079,0.07134853182061263,0.14218963882607483,DEN,0,52.25,32.012775997150996,0.7719298245614035
2023,9,2023_09_MIA_KC,KC,53,34.0,28.875,0.05249423816286291,0.01832063794179986,62.25,28.568108974358974,0.06313206288234899,0.020707265079896994,MIA,0,58.0,28.098589743589745,0.6415094339622641
2023,11,2023_11_PHI_KC,KC,73,49.0,28.0,-0.03348510487135063,-0.1319146109378117,59.75,28.724358974358974,0.052225916170118944,-0.017697961724491645,PHI,0,63.25,30.61826504105916,0.6712328767123288
2023,12,2023_12_KC_LV,KC,56,38.0,31.130434782608695,0.0841562517227665,0.26430422378105206,61.25,27.922275641025642,0.045462558664990924,-0.043621010593532225,LV,-1,56.25,32.393703007518795,0.6785714285714286
2023,13,2023_13_KC_GB,KC,61,39.0,31.181818181818183,-0.046812597443075775,0.17357209499102152,59.75,28.897192028985508,0.029997910891492167,-0.04164983517070028,GB,-3,63.25,30.554865424430645,0.639344262295082
2023,14,2023_14_BUF_KC,KC,62,45.0,25.666666666666668,0.07249526898650563,-0.057137883380268366,60.75,29.79681324110672,0.014088196892800749,0.08107058644401544,BUF,-7,67.25,26.001869658119656,0.7258064516129032
2023,15,2023_15_KC_NE,KC,58,41.0,24.576923076923077,0.12356083411158929,-0.020356156878676857,63.0,28.994729907773387,0.019088454598711432,0.06220595611349838,NE,-3,63.25,29.107794058645453,0.7068965517241379
2023,16,2023_16_LV_KC,KC,74,58.0,28.97142857142857,-0.0033769559028536283,-0.2506189632056673,59.25,28.138960677004157,0.05834993934444641,0.09009556962828208,LV,-3,58.25,30.843560606060606,0.7837837837837838
2023,17,2023_17_CIN_KC,KC,51,33.0,28.464285714285715,0.05478799428258612,0.0476159050690754,63.75,27.599209124209125,0.03646663743804138,-0.03863522711839776,CIN,-2,64.5,31.86866883116883,0.6470588235294118
2023,18,2023_18_KC_LAC,KC,58,35.0,27.314285714285713,0.022041823805832337,-0.14368605915246896,61.25,26.91982600732601,0.061866785369456855,-0.07012427459888429,LAC,0,64.25,28.83891369047619,0.603448275862069
2024,3,2024_03_KC_ATL,KC,69,42.0,29.155172413793103,0.05728412809826084,0.09948727250851203,54.5,28.784922394678492,0.05110370108236871,0.06189450165214488,ATL,1,53.0,27.546987087517934,0.6086956521739131
2024,4,2024_04_KC_LAC,KC,55,34.0,27.0,0.03130425457601197,-0.08798858658497662,59.333333333333336,28.908339067716696,0.05316384342099942,0.07442542527093393,LAC,0,53.0,31.075070930143394,0.6181818181818182
2024,5,2024_05_NO_KC,KC,77,44.0,28.36,0.007518521061650052,0.1472931400180425,58.25,28.431254300787522,0.047698946209752555,0.03382192230695629,NO,0,60.0,32.7037037037037,0.5714285714285714
2024,7,2024_07_KC_SF,KC,66,32.0,30.473684210526315,-0.00863130390644074,0.021756567923479523,65.25,28.884890664423885,0.0159316153226115,0.01854365170006815,SF,3,62.0,32.3617673992674,0.48484848484848486
2024,8,2024_08_KC_LV,KC,64,41.0,27.710526315789473,0.01147395101460542,0.17511762193477076,66.75,28.747214156079853,0.02186889995737053,0.04513709846626436,LV,0,63.75,30.92585424133811,0.640625
2024,9,2024_09_TB_KC,KC,83,50.0,28.785714285714285,0.014630992114543918,0.14035290487554195,65.5,28.38605263157895,0.010416355686456675,0.06404468582282904,TB,0,68.0,31.072413718426652,0.6024096385542169
2024,10,2024_10_DEN_KC,KC,65,49.0,27.568181818181817,0.10856388002634045,0.0032262246740596633,72.5,28.832481203007518,0.006248040071089663,0.12113005868795867,DEN,-1,62.75,27.922095415360502,0.7538461538461538
2024,11,2024_11_KC_BUF,KC,52,35.0,30.035714285714285,0.10041704451715625,0.11798019830278547,69.5,28.63452665755297,0.03150937981226226,0.08511332985196297,BUF,0,62.0,27.909684684684684,0.6730769230769231
2024,12,2024_12_KC_CAR,KC,68,47.0,26.093023255813954,0.09137496418423124,0.28216850231015855,66.0,28.525034176349966,0.05877146691816151,0.10916923744678947,CAR,-7,52.25,31.575735294117646,0.6911764705882353
2024,13,2024_13_LV_KC,KC,65,51.0,24.366666666666667,0.1258096016115612,-0.04310616929647646,67.0,28.120658411356086,0.07874672021056797,0.13593195754063642,LV,0,62.0,29.929573553559354,0.7846153846153846
2024,14,2024_14_LAC_KC,KC,63,42.0,26.55263157894737,0.16672274139192372,0.016504888172233608,62.5,27.01589650659418,0.10654137258482228,0.0900671889976318,LAC,2,55.25,32.52371642694223,0.6666666666666666
2024,15,2024_15_KC_CLE,KC,73,42.0,30.304347826086957,0.004126087858759164,-0.07742544998265254,62.0,26.76200894678557,0.1210810879262181,0.0933868548721753,CLE,0,70.5,26.66697790227202,0.5753424657534246
2024,16,2024_16_HOU_KC,KC,68,45.0,27.318181818181817,0.11004309418300791,0.14929714872905334,67.25,26.829167331878736,0.09700834876161883,0.04453544280081579,HOU,0,54.5,29.784929971988795,0.6617647058823529
2024,17,2024_17_KC_PIT,KC,59,40.0,25.766666666666666,0.12307051481569517,0.3150306869967811,67.25,27.135456972470703,0.101675381261313,0.011317604405539486,PIT,0,56.0,26.076868280468688,0.6779661016949152
2024,18,2024_18_KC_DEN,KC,33,23.0,38.5,-0.30709465344746895,-0.4489145424365574,65.75,27.4854569724707,0.10099060956234648,0.10085181847885388,DEN,3,60.0,28.042099567099566,0.696969696969697
2025,3,2025_03_KC_NYG,KC,64,41.0,26.62857142857143,0.05573243993084608,0.1513525659311651,57.5,30.135135135135137,0.09630883970495431,0.03997214809110852,NYG,0,63.5,28.63247863247863,0.640625
2025,4,2025_04_BAL_KC,KC,68,40.0,32.54545454545455,0.06511742449723755,0.23060424059340293,59.666666666666664,28.966280566280563,0.0827833731135849,0.07709895403779406,BAL,1,51.666666666666664,31.46984126984127,0.5882352941176471
2025,5,2025_05_KC_JAX,KC,63,46.0,32.73529411764706,0.21878376267850402,0.18899546353246263,61.75,29.861074061074063,0.07836688595949806,0.11547527567669627,JAX,0,63.75,27.858445010274277,0.7301587301587301
2025,6,2025_06_DET_KC,KC,58,38.0,27.65625,0.15126464296789727,0.2675266565339694,63.0,30.544897590485824,0.10172753418865182,0.10891456468018192,DET,-1,59.0,29.62236662106703,0.6551724137931034
2025,7,2025_07_LV_KC,KC,74,40.0,30.636363636363637,0.19783056314502437,0.2247423508362797,63.25,29.89139252291826,0.12272456751862124,0.20961973164775,LV,0,58.5,31.73548387096774,0.5405405405405406
2025,8,2025_08_WAS_KC,KC,66,40.0,25.870967741935484,0.040613064492070985,0.25077166728177946,65.75,30.893340574866308,0.1582490983221658,0.22796717787402865,WAS,0,57.0,26.00189189189189,0.6060606060606061
2025,9,2025_09_KC_BUF,KC,58,39.0,25.791666666666668,-0.06791453648890763,0.03537957011217097,65.25,29.224718873986546,0.15212300832087416,0.23300903454612282,BUF,-1,57.25,28.9986185541214,0.6724137931034483
2025,11,2025_11_KC_DEN,KC,62,49.0,25.80952380952381,0.17846341555317244,0.04535642096272444,64.0,27.488812011241446,0.08044843352902126,0.1946050611910499,DEN,4,62.5,25.82355769230769,0.7903225806451613
2025,12,2025_12_IND_KC,KC,92,55.0,25.902439024390244,-0.017754369276635165,0.013962667228276998,65.0,27.027130463622402,0.08724812667534004,0.13906250229823863,IND,-7,63.75,29.13364655604034,0.5978260869565217
2025,13,2025_13_KC_DAL,KC,60,40.0,27.533333333333335,-0.029297032703955932,0.24995369634610415,69.5,25.843649310629054,0.033351893569925156,0.08636758139623797,DAL,0,64.5,26.95397435897436,0.6666666666666666
2025,14,2025_14_HOU_KC,KC,63,41.0,28.317073170731707,-0.00408606079159948,-0.29289536946369765,68.0,26.259240708478515,0.015874369270918422,0.08616308866231914,HOU,3,66.5,26.88279273917572,0.6507936507936508
2025,15,2025_15_LAC_KC,KC,59,40.0,26.333333333333332,-0.05483107349357091,-0.10570821223760286,69.25,26.890592334494773,0.03183148819524546,0.004094353768351988,LAC,1,62.25,27.72359195402299,0.6779661016949152
2025,16,2025_16_KC_TEN,KC,43,31.0,23.384615384615383,-0.00047505804986678663,-0.312503959352608,68.5,27.021544715447153,-0.02649213406644037,-0.03367180453172984,TEN,0,59.0,28.192465651135006,0.7209302325581395
2025,17,2025_17_DEN_KC,KC,41,24.0,27.5,-0.07284209697410976,-0.19945879927536725,56.25,26.39208880550344,-0.022172306259748278,-0.11528846117695109,DEN,0,67.5,27.974456975772764,0.5853658536585366
2025,18,2025_18_KC_LV,KC,62,40.0,29.62857142857143,-0.05652299828150053,-0.46820606933710757,51.5,26.383755472170105,-0.033058572327286734,-0.22764158508231894,LV,3,49.0,28.416035353535353,0.6451612903225806
2022,3,2022_03_LA_ARI,LA,44,27.0,30.19047619047619,-0.02239902151955496,0.22357499348702908,64.5,31.757575757575758,0.057902123944626904,-0.13077454263080643,ARI,0,72.0,33.22916666666667,0.6136363636363636
2022,4,2022_04_LA_SF,LA,73,56.0,28.285714285714285,0.10358132351012464,-0.219616978162081,57.666666666666664,31.235209235209236,0.031135075456566283,-0.012658030591527916,SF,0,63.0,28.26746031746032,0.7671232876712328
2022,5,2022_05_DAL_LA,LA,64,49.0,29.11764705882353,0.010035234948863122,-0.27229663034820123,61.5,30.497835497835496,0.049246637469955876,-0.06439776748416619,DAL,-1,59.25,27.746874533512464,0.765625
2022,6,2022_06_CAR_LA,LA,61,34.0,33.78787878787879,-0.04934584167268534,0.008066070428044627,61.0,31.1484593837535,0.04381239974165556,-0.06423875149645644,CAR,0,57.75,26.49851871101871,0.5573770491803278
2022,8,2022_08_SF_LA,LA,55,36.0,31.029411764705884,0.11359494214966179,-0.08260058059822746,60.5,30.3454290807232,0.010467923816686866,-0.06506813614880212,SF,7,59.0,27.717713401149933,0.6545454545454545
2022,9,2022_09_LA_TB,LA,54,31.0,28.65625,-0.0022850612347775886,-0.18863108368807915,63.25,30.55516297428062,0.04446641473399105,-0.14161202967011627,TB,-3,67.25,27.801082251082253,0.5740740740740741
2022,10,2022_10_ARI_LA,LA,59,40.0,26.4,-0.07726571995478415,-0.19614592496793626,58.5,30.64779690285205,0.017999818547765493,-0.13386555605161582,ARI,0,65.75,27.3338742103448,0.6779661016949152
2022,11,2022_11_LA_NO,LA,61,35.0,25.0,-0.10373667823640925,-0.0013812184898924227,57.25,29.968385138146168,-0.0038254201781463253,-0.11482787970654956,NO,0,56.75,29.483953680727875,0.5737704918032787
2022,12,2022_12_LA_KC,LA,54,30.0,37.72222222222222,-0.29494655847549434,-0.22741238048246298,57.25,27.771415441176472,-0.017423129319077302,-0.11718970193603383,KC,0,67.25,26.208686735516004,0.5555555555555556
2022,13,2022_13_SEA_LA,LA,63,35.0,30.783783783783782,-0.04687871200882869,-0.04537545003228495,57.0,29.44461805555556,-0.11955850447536634,-0.15339265190709273,SEA,0,60.5,27.62744391025641,0.5555555555555556
2022,14,2022_14_LV_LA,LA,59,40.0,29.346153846153847,-0.08202633361021675,-0.11551624847582753,59.25,29.976501501501502,-0.1307069171688791,-0.11757874349314415,LV,0,65.75,30.250716195569137,0.6779661016949152
2022,15,2022_15_LA_GB,LA,43,27.0,25.91304347826087,-0.0575843100194578,-0.10849791409227541,59.25,30.71303996303996,-0.13189707058273728,-0.09742132437011697,GB,-4,57.5,29.59638752052545,0.627906976744186
2022,16,2022_16_DEN_LA,LA,63,29.0,32.8,-0.13744877851926368,0.28529625040379314,54.75,30.94130083260518,-0.12035897852849939,-0.12420049827071272,DEN,-1,60.75,28.577299783549787,0.4603174603174603
2022,17,2022_17_LA_LAC,LA,47,24.0,39.75,-0.09343996519843734,-0.10244303336038714,57.0,29.71074527704962,-0.08098453353944174,0.003976659450851308,LAC,1,70.0,27.45615402884951,0.5106382978723404
2022,18,2022_18_LA_SEA,LA,58,32.0,28.7027027027027,-0.0527459180549435,-0.1197697947497392,53.0,31.952299331103678,-0.09262484683684388,-0.01029023638117424,SEA,0,64.5,25.35778985507246,0.5517241379310345
2023,3,2023_03_LA_CIN,LA,52,40.0,27.615384615384617,0.16104351367269235,-0.13044823441102565,77.5,29.395187870797628,0.03359342958120742,0.11498000690712523,CIN,0,54.5,28.4272030651341,0.7692307692307693
2023,4,2023_04_LA_IND,LA,78,44.0,28.058823529411764,0.012266339440094842,0.1752494803198025,69.0,28.80192011899329,0.07607679094503572,0.03317059313440827,IND,-1,69.66666666666667,27.220038784744663,0.5641025641025641
2023,5,2023_05_PHI_LA,LA,55,41.0,27.470588235294116,0.08301247617131789,-0.0026905729721128147,71.25,28.61614597159791,0.06012417806880051,0.06869031493075684,PHI,0,70.25,28.14136096746391,0.7454545454545455
2023,6,2023_06_ARI_LA,LA,53,26.0,29.291666666666668,-0.029619555454701213,0.13998909877402557,65.5,28.1459551925836,0.0996990309510016,-0.0004896949616363125,ARI,0,59.75,28.760750534188034,0.49056603773584906
2023,7,2023_07_PIT_LA,LA,63,33.0,28.05128205128205,-0.11922884732484819,-0.043226620689907715,59.5,28.10911576168929,0.05667569345735096,0.045524942927672396,PIT,-7,56.75,29.233506944444443,0.5238095238095238
2023,8,2023_08_LA_DAL,LA,60,37.0,27.5,0.09406379759311688,-0.15677518819022343,62.25,28.21809012066365,-0.013392396792034168,0.06733034635795189,DAL,-6,62.0,26.687296618562534,0.6166666666666667
2023,9,2023_09_LA_GB,LA,55,32.0,29.533333333333335,-0.13317954987287525,-0.44891045374376864,57.75,28.078384238310708,0.0070569677462213425,-0.015675820769554594,GB,0,58.75,27.334791366041365,0.5818181818181818
2023,11,2023_11_SEA_LA,LA,58,33.0,21.823529411764707,-0.011032934893261315,-0.16330574085450705,57.75,28.59407051282051,-0.046991038764826944,-0.12723079096246856,SEA,7,57.25,27.38489825581395,0.5689655172413793
2023,12,2023_12_LA_ARI,LA,66,34.0,31.655172413793103,0.028420140913554548,0.33485991832907336,59.0,26.72703619909502,-0.04234438362446697,-0.2030545008696017,ARI,0,59.75,29.77588858509911,0.5151515151515151
2023,13,2023_13_CLE_LA,LA,61,37.0,23.11111111111111,-0.0039493225990457305,0.11797234582159745,59.75,27.628008789722784,-0.0054321365648662846,-0.10853286611485644,CLE,0,71.5,27.766396103896106,0.6065573770491803
2023,14,2023_14_LA_BAL,LA,73,44.0,27.2,-0.06731153881320585,0.1026654408152194,60.0,26.530786567500563,-0.02993541661290694,-0.039845982611901226,BAL,-7,62.25,27.083926868044514,0.6027397260273972
2023,15,2023_15_WAS_LA,LA,74,37.0,37.875,-0.10469409344451767,-0.01785858366384905,64.5,25.94745323416723,-0.013468413847989583,0.09804799102784581,WAS,-7,67.0,30.261994949494948,0.5
2023,16,2023_16_NO_LA,LA,66,35.0,25.823529411764707,-0.01528341323137285,0.2081022354151352,68.5,29.960320881226053,-0.03688370348580367,0.1344097803255103,NO,0,59.25,32.61977874276261,0.5303030303030303
2023,17,2023_17_LA_NYG,LA,60,38.0,34.59375,0.13274648650126022,0.01830953916942209,68.5,28.502410130718953,-0.047809592022035524,0.10272035959702577,NYG,4,55.25,30.18637612387613,0.6333333333333333
2023,18,2023_18_LA_SF,LA,62,31.0,31.333333333333332,0.009561998976601437,0.10054953724513147,68.25,31.37306985294118,-0.013635639746959034,0.07780465793398193,SF,0,59.25,31.83114035087719,0.5
2024,3,2024_03_SF_LA,LA,55,29.0,29.235294117647058,-0.07993040707978337,0.11957015910524196,63.0,24.386363636363633,0.02754707855510179,-0.10957991013881632,SF,0,68.0,34.5,0.5272727272727272
2024,4,2024_04_LA_CHI,LA,58,33.0,32.8974358974359,-0.035758079422844695,0.038065627442873826,60.333333333333336,26.00267379679144,-0.00827874998985993,-0.033196553724130225,CHI,0,67.33333333333333,26.39191176470588,0.5689655172413793
2024,5,2024_05_GB_LA,LA,77,48.0,30.3,-0.06580147276753961,-0.0971408188949678,59.75,27.726364321952556,-0.015148582348106121,-0.015381008432379214,GB,0,65.0,32.58969155844156,0.6233766233766234
2024,7,2024_07_LV_LA,LA,50,24.0,30.0,-0.16346827149391183,-0.28772169773148787,60.5,29.81651583710407,-0.05464577246893232,-0.05063677774191151,LV,7,60.0,30.796330431814305,0.48
2024,8,2024_08_MIN_LA,LA,63,34.0,27.025,-0.03907226501627172,0.18649580019954892,60.0,30.60818250377074,-0.08623955769101987,-0.05680668251958497,MIN,0,59.25,29.90223855092276,0.5396825396825397
2024,9,2024_09_LA_SEA,LA,68,44.0,25.571428571428573,0.08171398907291649,-0.027722658965731183,62.0,30.055608974358975,-0.07602502217514195,-0.04007527224600824,SEA,3,58.0,27.426388888888887,0.6470588235294118
2024,10,2024_10_MIA_LA,LA,67,49.0,28.352941176470587,-0.04758107733158846,-0.24376258026645944,64.5,28.224107142857143,-0.046657005051201676,-0.056522343848159476,MIA,0,66.5,30.188037469287465,0.7313432835820896
2024,11,2024_11_LA_NE,LA,48,27.0,28.32,-0.10276360281052137,0.40364027376534023,62.0,27.737342436974792,-0.04210190619221388,-0.0931777841910324,NE,-1,60.75,30.1771978021978,0.5625
2024,12,2024_12_PHI_LA,LA,60,43.0,30.25,0.03477121201845309,-0.018031945933327537,61.5,27.31734243697479,-0.026925739021366267,0.07966270868317464,PHI,-3,66.25,27.916925744656837,0.7166666666666667
2024,13,2024_13_LA_NO,LA,53,26.0,33.02857142857143,-0.13021095894103826,0.12678270610510603,60.75,28.12359243697479,-0.008464869762685063,0.028530772149955527,NO,-7,62.5,27.146853813989363,0.49056603773584906
2024,14,2024_14_BUF_LA,LA,72,30.0,33.54838709677419,-0.18024314849665674,0.28563490994430746,57.0,29.987878151260503,-0.06144610676617375,0.06715711341766484,BUF,0,62.5,28.54560222243149,0.4166666666666667
2024,15,2024_15_LA_SF,LA,65,28.0,33.07692307692308,-0.17631455089734951,-0.09558920203368665,58.25,31.28673963133641,-0.09461162455744082,0.19950648597035656,SF,0,52.25,33.19450757575758,0.4307692307692308
2024,16,2024_16_LA_NYJ,LA,47,19.0,32.26923076923077,-0.18758164020255214,0.10739188274605904,62.5,32.47597040056718,-0.11299936157914786,0.07469911702059982,NYJ,3,57.75,30.61778846153846,0.40425531914893614
2024,17,2024_17_ARI_LA,LA,53,33.0,23.416666666666668,-0.02496271964275469,-0.03091085615455655,59.25,32.98077809287487,-0.16858757463439916,0.10605507419044646,ARI,0,66.5,31.350366832779624,0.6226415094339622
2024,18,2024_18_SEA_LA,LA,66,46.0,29.11111111111111,0.07347015239471605,0.024095879004802735,59.25,30.577801902398676,-0.14227551480982825,0.06663168362553082,SEA,-2,56.75,29.33284632034632,0.696969696969697
2025,3,2025_03_LA_PHI,LA,65,34.0,28.647058823529413,-0.06495361343810428,-0.034832609048073136,56.0,28.007575757575758,0.007986999205068575,0.15250502673950006,PHI,0,57.5,27.87221095334686,0.5230769230769231
2025,4,2025_04_IND_LA,LA,67,44.0,26.5,-0.05906658619642262,0.0815642264949098,59.0,28.22073677956031,-0.01632653834265571,0.09005914814364234,IND,0,62.333333333333336,28.543179654562763,0.6567164179104478
2025,5,2025_05_SF_LA,LA,63,47.0,29.736842105263158,0.018902032077312534,0.07494362587992895,61.0,27.79055258467023,-0.027011550306097438,0.08793541773145919,SF,0,64.5,26.582451478615162,0.746031746031746
2025,6,2025_06_LA_BAL,LA,49,29.0,24.9,0.08220472055322986,-0.03318677931696282,63.0,28.683096444319354,-0.0037668520976837988,0.11626921109676853,BAL,3,49.5,29.382683982683982,0.5918367346938775
2025,7,2025_07_LA_JAX,LA,58,34.0,29.25,0.204150445321027,0.12091618987876138,61.0,27.445975232198144,-0.005728361750996128,0.022122116002450697,JAX,0,61.75,27.643631368631368,0.5862068965517241
2025,9,2025_09_NO_LA,LA,73,34.0,36.0,0.1529462440655781,0.2658077054185301,59.25,27.59671052631579,0.061547652938786696,0.061059315734159327,NO,7,58.75,25.092865769496207,0.4657534246575342
2025,10,2025_10_LA_SF,LA,64,37.0,27.36842105263158,0.13545524603442138,0.41087076992971555,60.75,29.97171052631579,0.11455086050428688,0.10712018546506441,SF,0,59.75,27.39098707664884,0.578125
2025,11,2025_11_SEA_LA,LA,50,28.0,24.814814814814813,0.10543357580900187,-0.17388195808161971,61.0,29.379605263157895,0.14368916399356407,0.19110197147751104,SEA,0,54.5,29.630982827913776,0.56
2025,12,2025_12_TB_LA,LA,55,36.0,37.22222222222222,0.3061705619096756,0.09561116587422924,61.25,29.3583089668616,0.14949637780750707,0.1559281767863468,TB,0,64.5,29.056944444444447,0.6545454545454545
2025,13,2025_13_LA_CAR,LA,50,30.0,27.70967741935484,0.0749160252949771,0.13982017444446665,60.5,31.351364522417157,0.17500140695466926,0.14960192078521378,CAR,1,56.0,31.681868935158413,0.6
2025,14,2025_14_LA_ARI,LA,64,31.0,32.53846153846154,-0.022224822948718904,0.4385575391242012,54.75,29.278783877255865,0.155493852262019,0.11810503804169792,ARI,0,70.75,28.533993055555555,0.484375
2025,15,2025_15_DET_LA,LA,69,41.0,25.408163265306122,0.08919329389377878,0.19723622663175353,54.75,30.57129399871335,0.11607383501623392,0.12502673034031933,DET,-3,59.25,27.29672619047619,0.5942028985507246
2025,16,2025_16_LA_SEA,LA,88,51.0,30.25,-0.055059702876879245,0.2438170624604446,59.5,30.71963111133618,0.11201376453742815,0.21780627651866263,SEA,0,55.5,25.830952380952382,0.5795454545454546
2025,17,2025_17_LA_ATL,LA,61,41.0,27.5,0.003537036916788876,-0.10361725561301678,67.75,28.976575555780627,0.021706198340789434,0.2548577506652165,ATL,3,66.75,28.29239631336406,0.6721311475409836
2025,18,2025_18_ARI_LA,LA,68,41.0,26.94736842105263,0.016002283564635716,0.23612738051027957,70.5,28.924156200941916,0.0038614512462423777,0.19399839315084563,ARI,-1,58.75,27.053030303030305,0.6029411764705882
2022,3,2022_03_JAX_LAC,LAC,58,47.0,22.82608695652174,0.0898793812455803,-0.2557310194711295,68.0,30.41826923076923,0.09443738753859444,0.046990097458403504,JAX,3,64.5,33.05357142857143,0.8103448275862069
2022,4,2022_04_LAC_HOU,LAC,63,40.0,28.1,-0.0366889302219662,0.24989994742363192,64.66666666666667,27.887541806020067,0.09291805210758973,-0.05391694151810749,HOU,0,60.666666666666664,27.943948412698415,0.6349206349206349
2022,5,2022_05_LAC_CLE,LAC,67,38.0,24.5609756097561,0.04293667773405701,0.2925356863381614,64.25,27.94065635451505,0.06051630652520075,0.022037280717327364,CLE,0,69.5,29.388275035414622,0.5671641791044776
2022,6,2022_06_DEN_LAC,LAC,83,61.0,25.705882352941178,0.06574433935540053,-0.16049899732753806,65.25,25.96551564156946,0.050284002712901996,0.07395004493523757,DEN,-3,62.25,27.218692527931655,0.7349397590361446
2022,7,2022_07_SEA_LAC,LAC,69,57.0,24.580645161290324,0.04857606440782556,-0.2437438865983527,67.75,25.298236229804758,0.040467867028267906,0.03155140424078145,SEA,-1,61.5,26.539244663382593,0.8260869565217391
2022,9,2022_09_LAC_ATL,LAC,67,44.0,24.454545454545453,0.03874638676643369,0.03089886485084436,70.5,25.7368757809969,0.030142037818829223,0.034548187458975636,ATL,7,57.25,34.230850168350166,0.6567164179104478
2022,10,2022_10_LAC_SF,LAC,56,43.0,24.56756756756757,0.051897939849407056,-0.15106848550414065,71.5,24.825512144633265,0.049000867065929196,-0.020202083184221238,SF,-7,59.75,28.156711222500697,0.7678571428571429
2022,11,2022_11_KC_LAC,LAC,65,37.0,29.0,0.06813954673707485,0.08532488544829048,68.75,24.82716013408613,0.051241182594766704,-0.13110312614479674,KC,0,67.25,25.14105924105924,0.5692307692307692
2022,12,2022_12_LAC_ARI,LAC,64,54.0,28.88888888888889,0.17091642485724556,0.06909649502087403,64.25,25.650689545850838,0.05183998444018529,-0.06964715545083962,ARI,1,66.5,27.763399488197877,0.84375
2022,13,2022_13_LAC_LV,LAC,73,54.0,23.225,0.0536725209818946,-0.10511492078293459,63.0,26.727750477750476,0.08242507455254029,0.00856293995396707,LV,0,65.25,30.58367074102368,0.7397260273972602
2022,14,2022_14_MIA_LAC,LAC,76,56.0,30.594594594594593,0.13871278597953474,0.02774738211120378,64.5,26.420364114114115,0.08615660810640552,-0.025440506454477665,MIA,0,56.75,26.177211073950204,0.7368421052631579
2022,15,2022_15_TEN_LAC,LAC,67,43.0,26.975609756097562,0.017211705744266524,-0.06504700084630441,69.5,27.927120870870873,0.10786031963893744,0.01926346044935844,TEN,0,58.25,27.686030226043908,0.6417910447761194
2022,16,2022_16_LAC_IND,LAC,64,36.0,29.029411764705884,0.01714636021997859,-0.05077207291172129,70.0,27.42102330989526,0.09512835939073536,-0.018329511124290283,IND,-1,67.75,27.9265742481203,0.5625
2022,17,2022_17_LA_LAC,LAC,62,31.0,29.41176470588235,-0.0022069772948389806,0.2857138504528993,70.0,27.45615402884951,0.05668584323141861,-0.048296653107439115,LA,-1,57.0,29.71074527704962,0.5
2022,18,2022_18_LAC_DEN,LAC,67,47.0,27.13953488372093,0.04870498677094774,0.05254083618235992,67.25,29.002845205320096,0.04271596866223522,0.04941053970151937,DEN,0,65.5,27.249890350877195,0.7014925373134329
2023,3,2023_03_LAC_MIN,LAC,63,50.0,25.19047619047619,0.2104387975790922,0.19514771428429073,71.0,27.430555555555557,-0.01693231006398862,0.12243015370828775,MIN,-3,59.0,28.65833333333333,0.7936507936507936
2023,4,2023_04_LV_LAC,LAC,59,31.0,30.52,-0.005199991663297027,-0.03429098575066373,68.33333333333333,26.683862433862434,0.05885805915037166,0.1466693405669554,LV,0,52.666666666666664,28.83751493428913,0.5254237288135594
2023,6,2023_06_DAL_LAC,LAC,61,43.0,26.15,0.050810547173023156,-0.10898622999978343,66.0,27.642896825396825,0.042843546446954484,0.10142925898755062,DAL,7,67.25,26.697239800380718,0.7049180327868853
2023,7,2023_07_LAC_KC,LAC,60,36.0,30.02777777777778,-0.082624315505936,0.047040637161635646,62.25,27.458174603174605,0.06875754821659469,0.036025313326579,KC,-4,66.75,30.89943181818182,0.6
2023,8,2023_08_CHI_LAC,LAC,65,41.0,36.111111111111114,0.12061527371406569,-0.021017976698852883,60.75,27.97206349206349,0.04335625939572058,0.0247277839238698,CHI,0,66.25,33.622667780562516,0.6307692307692307
2023,9,2023_09_LAC_NYJ,LAC,55,37.0,21.75,-0.035949973499073744,-0.11896003367710598,61.25,30.702222222222222,0.020900378429463948,-0.029313638821916104,NYJ,0,59.75,27.047720797720796,0.6727272727272727
2023,10,2023_10_DET_LAC,LAC,68,41.0,25.833333333333332,0.09040549240614248,0.2017408950984982,60.25,28.509722222222223,0.01321288297051977,-0.050480900803526664,DET,-7,69.25,22.709409827760894,0.6029411764705882
2023,11,2023_11_LAC_GB,LAC,61,44.0,31.666666666666668,0.0431146211922169,0.06530829421961047,62.0,28.430555555555554,0.0231116192787996,0.027200880471043742,GB,0,63.0,26.613065175565175,0.7213114754098361
2023,12,2023_12_BAL_LAC,LAC,66,51.0,28.225806451612904,0.08389206650929575,-0.301671022306365,62.25,28.84027777777778,0.054546353453337824,0.03176779473553745,BAL,-3,60.25,26.381442125237193,0.7727272727272727
2023,13,2023_13_LAC_NE,LAC,59,38.0,27.939393939393938,0.05531897928033559,-0.14786571430826043,62.5,26.868951612903224,0.04536555165214534,-0.038395466666340576,NE,0,62.0,30.49324776101092,0.6440677966101694
2023,14,2023_14_DEN_LAC,LAC,67,48.0,28.59375,-0.005482699449469261,-0.4709905661927514,63.5,28.41630009775171,0.06818278984699767,-0.04562188682412919,DEN,0,59.25,30.552284427284427,0.7164179104477612
2023,15,2023_15_LAC_LV,LAC,63,36.0,27.285714285714285,0.16657010146549794,-0.3748612407103386,63.25,29.10640426441838,0.04421074188309474,-0.2138047521469416,LV,0,58.0,32.08829744816587,0.5714285714285714
2023,16,2023_16_BUF_LAC,LAC,65,39.0,28.714285714285715,-0.10235107962678114,-0.0948986646771515,63.75,28.01116616918028,0.075074611951415,-0.32384713587942887,BUF,3,73.0,26.139756944444446,0.6
2023,17,2023_17_LAC_DEN,LAC,62,38.0,30.761904761904763,-0.06728246464179109,-0.13745865296574936,63.5,28.133285984848484,0.028513825417395777,-0.2721540464721255,DEN,1,62.0,28.842261904761905,0.6129032258064516
2023,18,2023_18_KC_LAC,LAC,80,57.0,24.53191489361702,0.026488171111453695,-0.23322625143832348,64.25,28.83891369047619,-0.0021365355631358905,-0.2695522811364977,KC,0,61.25,26.91982600732601,0.7125
2024,3,2024_03_LAC_PIT,LAC,45,25.0,30.74074074074074,-0.10585286882188585,-0.1646827367984446,57.0,31.242236024844722,-0.12043900146783248,0.011402159054333574,PIT,0,62.0,29.013468013468014,0.5555555555555556
2024,4,2024_04_KC_LAC,LAC,53,29.0,34.27272727272727,-0.10394075032203431,-0.2140258374320349,53.0,31.075070930143394,-0.11557695725251693,-0.04729280622992582,KC,0,59.333333333333336,28.908339067716696,0.5471698113207547
2024,6,2024_06_LAC_DEN,LAC,72,38.0,33.529411764705884,0.16333219273523863,0.08554287828590092,53.0,31.87448501578936,-0.11266790551989628,-0.08897606403045309,DEN,7,56.75,29.472494553376908,0.5277777777777778
2024,7,2024_07_LAC_ARI,LAC,63,43.0,29.742857142857144,-0.02553767304528849,0.049468057584814554,58.0,32.86398081410869,-0.053965457714385996,-0.045453723651878636,ARI,0,55.5,27.81449164261664,0.6825396825396826
2024,8,2024_08_NO_LAC,LAC,63,38.0,30.323529411764707,-0.014886324604352238,-0.002096572362321759,58.25,32.07143423025776,-0.017999774863492506,-0.06092440958994102,NO,-4,63.0,25.390935672514622,0.6031746031746031
2024,9,2024_09_LAC_CLE,LAC,54,34.0,34.53333333333333,-0.020477042311713763,0.03149266015115075,62.75,31.967131398013752,0.004741861190890899,-0.0202778684809103,CLE,0,64.0,26.812215968313527,0.6296296296296297
2024,10,2024_10_TEN_LAC,LAC,55,23.0,31.612903225806452,-0.11120144297947762,0.20210270739087063,63.0,32.03228291316526,0.025607788193471037,0.041101755914886115,TEN,0,66.25,31.199101356996092,0.41818181818181815
2024,11,2024_11_CIN_LAC,LAC,62,41.0,34.55555555555556,0.1247037823001544,0.047009735385782216,58.75,31.553155778440406,-0.04302562073520803,0.07024171319112854,CIN,-3,63.0,29.533287545787545,0.6612903225806451
2024,12,2024_12_BAL_LAC,LAC,60,44.0,32.21212121212121,0.015146377973440211,0.007558067130375031,58.5,32.75633038161501,-0.005465256898847307,0.06962713264137046,BAL,0,56.25,28.241794316794316,0.7333333333333333
2024,13,2024_13_LAC_ATL,LAC,44,30.0,31.714285714285715,0.028670643766721085,-0.286245970881015,57.75,33.22847833170414,0.0020429187456008076,0.07204079251454465,ATL,-8,60.5,29.268790849673202,0.6818181818181818
2024,14,2024_14_LAC_KC,LAC,57,36.0,25.94736842105263,0.08948892813462479,0.08677343292069385,55.25,32.52371642694223,0.01432984026520952,-0.007393865243496792,KC,-2,62.5,27.01589650659418,0.631578947368421
2024,15,2024_15_TB_LAC,LAC,48,37.0,27.115384615384617,0.14290935825556517,-0.36984031349632174,55.75,31.107332725753775,0.06450243304373512,-0.036226183861040984,TB,0,63.75,32.17385477582846,0.7708333333333334
2024,16,2024_16_DEN_LAC,LAC,60,38.0,29.93548387096774,-0.08301062243325366,0.21883563000886758,52.25,29.24728999071104,0.06905382703258782,-0.14043869608156698,DEN,0,60.5,28.82126623376623,0.6333333333333333
2024,17,2024_17_LAC_NE,LAC,77,43.0,30.130434782608695,0.035733026266098096,0.29110250414057,52.25,28.67813065542267,0.04451457693091435,-0.08761930536194383,NE,3,61.5,29.895226636212854,0.5584415584415584
2024,18,2024_18_LAC_LV,LAC,71,38.0,30.23076923076923,0.008739386374751733,0.28720594113842585,60.5,28.28216792250342,0.0462801725557586,0.0567178133934524,LV,1,66.0,29.503410326086954,0.5352112676056338
2025,3,2025_03_DEN_LAC,LAC,80,53.0,25.15686274509804,0.022471369358531237,-0.0386448791674858,56.0,29.699494949494948,0.13751744649526648,0.1499080947945214,DEN,-1,61.5,27.76098901098901,0.6625
2025,4,2025_04_LAC_NYG,LAC,57,44.0,25.37037037037037,0.17609924264252183,-0.16701637772560415,64.0,28.18528421469598,0.09916875411635473,0.08705710347385233,NYG,0,62.666666666666664,28.364181157284605,0.7719298245614035
2025,5,2025_05_WAS_LAC,LAC,63,39.0,28.275862068965516,-0.07399133616878141,-0.14044467658160206,62.25,27.481555753614575,0.1184013762478965,0.02353873317398822,WAS,0,57.75,28.516643356643357,0.6190476190476191
2025,6,2025_06_LAC_MIA,LAC,64,39.0,31.30952380952381,0.08766860308799342,0.1039910372487068,63.25,27.436884907219593,0.07213248429972693,-0.09159045699038876,MIA,0,55.0,28.46374458874459,0.609375
2025,7,2025_07_IND_LAC,LAC,74,61.0,25.545454545454547,0.0526796331008276,0.08745231141202278,66.0,27.528154748489435,0.053061969730066265,-0.0605287240564963,IND,0,55.5,27.79169017214558,0.8243243243243243
2025,8,2025_08_MIN_LAC,LAC,70,34.0,35.0,-0.03717338613101419,0.20368281297564736,64.5,27.62530269857856,0.06061403566564035,-0.029004426411619152,MIN,0,64.25,27.708500445632797,0.4857142857142857
2025,9,2025_09_LAC_TEN,LAC,64,39.0,31.710526315789473,0.05961113485197233,0.08430029829409297,67.75,30.03271010598597,0.007295878472256354,0.06367037126369372,TEN,3,59.0,30.116666666666667,0.609375
2025,10,2025_10_PIT_LAC,LAC,68,40.0,24.93103448275862,0.07385273464024064,-0.08252314845889035,68.0,30.89137616769196,0.04069649622744479,0.11985661498261746,PIT,0,56.75,27.974796455938698,0.5882352941176471
2025,11,2025_11_LAC_JAX,LAC,45,32.0,27.85,0.05920568238133958,-0.5113474807938477,69.0,29.29675383600066,0.0372425291155066,0.07322806855571819,JAX,0,68.5,28.6758658008658,0.7111111111111111
2025,13,2025_13_LV_LAC,LAC,65,28.0,29.88,-0.04788182675838471,0.13819391088970184,61.75,29.872890199637023,0.038874041435634596,-0.07647187949574943,LV,7,62.75,27.0,0.4307692307692308
2025,14,2025_14_PHI_LAC,LAC,71,41.0,28.233333333333334,-0.09029255476262832,-0.2722896922987967,60.5,28.592890199637022,0.036196931278791956,-0.09284410501723582,PHI,-2,59.0,27.374049739835964,0.5774647887323944
2025,15,2025_15_LAC_KC,LAC,61,33.0,27.441860465116278,-0.08320095587749869,-0.04516146843279177,62.25,27.72359195402299,-0.0012789911248582003,-0.18199160266545822,KC,-1,69.25,26.890592334494773,0.5409836065573771
2025,16,2025_16_LAC_DAL,LAC,61,33.0,29.62857142857143,0.029469508677720996,0.4464467190914073,60.5,28.351298449612404,-0.04054241375429303,-0.1726511826589336,DAL,0,68.5,25.97337164750958,0.5409836065573771
2025,17,2025_17_HOU_LAC,LAC,59,42.0,31.789473684210527,-0.1139659658074379,-0.21530566034351667,64.5,28.79594130675526,-0.047976457180197676,0.06679736731238016,HOU,0,63.75,25.714400678650037,0.711864406779661
2025,18,2025_18_LAC_DEN,LAC,66,50.0,24.0,0.02051930957370352,-0.4135036655925201,63.0,29.27330972780789,-0.06449749194246097,-0.02157752549592447,DEN,-2,67.75,29.703876167691956,0.7575757575757576
2022,3,2022_03_LV_TEN,LV,66,49.0,34.07692307692308,0.10646378000577296,0.10030708317132886,59.0,32.741176470588236,0.03264371807808465,-0.10979024161938997,TEN,1,56.0,32.487132352941174,0.7424242424242424
2022,4,2022_04_DEN_LV,LV,72,39.0,23.3,-0.02785732888657116,0.03828396202795838,61.333333333333336,33.186425339366515,0.057250405387314095,-0.039757800022483684,DEN,0,65.33333333333333,26.069919919919922,0.5416666666666666
2022,5,2022_05_LV_KC,LV,57,33.0,27.2,-0.05307892436782514,0.16740375114212008,64.0,30.714819004524887,0.03597347181884278,-0.02024735950987317,KC,0,64.0,28.40540287456446,0.5789473684210527
2022,7,2022_07_HOU_LV,LV,53,28.0,28.63888888888889,-0.07503036704174305,0.3242354485781465,64.0,29.54423076923077,0.0019200102277640296,0.05649173312041804,HOU,-1,55.75,29.454939331501834,0.5283018867924528
2022,8,2022_08_LV_NO,LV,55,43.0,30.153846153846153,-0.05002125538885596,-0.37786234022245174,62.0,28.30395299145299,-0.012375710072591597,0.15755756122988845,NO,-3,67.25,29.135112552981823,0.7818181818181819
2022,9,2022_09_LV_JAX,LV,57,38.0,29.15,0.05531869571784448,0.05954977235062019,59.25,27.32318376068376,-0.051496968921248824,0.038015205381443304,JAX,0,65.5,26.78149405772496,0.6666666666666666
2022,10,2022_10_IND_LV,LV,65,41.0,29.941176470588236,-0.09455042013100229,-0.06635388127066753,55.5,28.78568376068376,-0.03070296277014492,0.04333165796210876,IND,0,63.25,28.15082967160037,0.6307692307692307
2022,11,2022_11_LV_DEN,LV,62,38.0,31.107142857142858,-0.07819531989448215,0.10410004902886688,57.5,29.47097787833082,-0.04107083671093921,-0.015107750141088144,DEN,0,65.5,26.051855664660543,0.6129032258064516
2022,12,2022_12_LV_SEA,LV,77,39.0,32.13636363636363,-0.10067403491805585,0.20789613169605228,59.75,30.08804137039431,-0.041862074924123985,-0.07014160002840805,SEA,-7,60.25,26.49102564102564,0.5064935064935064
2022,13,2022_13_LAC_LV,LV,59,30.0,27.818181818181817,-0.013736017486628357,-0.08892771629761548,65.25,30.58367074102368,-0.05452526980642396,0.07629801795121796,LAC,0,63.0,26.727750477750476,0.5084745762711864
2022,14,2022_14_LV_LA,LV,58,23.0,34.285714285714285,-0.2329061161726714,0.0242462824432795,65.75,30.250716195569137,-0.07178894810754216,0.039178645789159035,LA,0,59.25,29.976501501501502,0.39655172413793105
2022,15,2022_15_NE_LV,LV,64,41.0,26.896551724137932,-0.0940494920526232,-0.06542407357210331,64.0,31.336850649350648,-0.10637787211795943,0.0618286867176458,NE,4,54.5,26.706262218963833,0.640625
2022,16,2022_16_LV_PIT,LV,52,35.0,29.90909090909091,-0.022725171595811812,-0.17431268603524347,64.5,30.28420286609942,-0.11034141515749471,0.01944765606740325,PIT,0,62.75,31.837393687313632,0.6730769230769231
2022,17,2022_17_SF_LV,LV,66,38.0,31.210526315789473,-0.026258546373118443,0.062035262638787114,58.25,29.727384684281237,-0.09085419932693369,-0.07610454836542069,SF,0,60.75,29.734695664043493,0.5757575757575758
2022,18,2022_18_KC_LV,LV,67,49.0,36.36363636363637,0.07789148445482601,-0.15830484823909308,60.0,30.57547080868315,-0.09398483154855622,-0.03836380363132004,KC,0,62.5,28.898564425770306,0.7313432835820896
2023,3,2023_03_PIT_LV,LV,68,50.0,27.22222222222222,0.09402860378896871,-0.1443507751474064,45.0,29.64516129032258,0.018915020902683027,-0.04575240955328701,PIT,1,55.5,27.409090909090907,0.7352941176470589
2023,4,2023_04_LV_LAC,LV,69,46.0,31.2,-0.03565700517760384,-0.16690575557672446,52.666666666666664,28.83751493428913,0.043952881864778255,-0.07861853141799348,LAC,0,68.33333333333333,26.683862433862434,0.6666666666666666
2023,5,2023_05_GB_LV,LV,61,35.0,31.305555555555557,0.003954153235365658,-0.07997264405272252,56.75,29.428136200716846,0.024050410104182733,-0.10069033745767622,GB,-3,57.25,28.396221050454923,0.5737704918032787
2023,6,2023_06_NE_LV,LV,62,33.0,31.77777777777778,-0.09132466262037098,0.011701629039855535,59.25,30.681944444444444,0.03474027752024426,-0.1630973103969012,NE,-1,61.25,29.171825396825398,0.532258064516129
2023,7,2023_07_LV_CHI,LV,61,47.0,33.416666666666664,0.055751764774322525,-0.23886535063579728,65.0,30.37638888888889,-0.0072497276934101115,-0.09488188643424945,CHI,0,62.25,33.414021164021165,0.7704918032786885
2023,8,2023_08_LV_DET,LV,45,28.0,30.63157894736842,-0.11593868870001577,-0.5233037008166626,63.25,31.925,-0.016818937447071657,-0.11851053030634717,DET,0,67.5,24.664040616246496,0.6222222222222222
2023,9,2023_09_NYG_LV,LV,59,25.0,34.714285714285715,-0.2444041103124619,0.0020437746367745467,57.25,31.782894736842106,-0.03688935832767464,-0.2076100166163317,NYG,-1,67.75,29.584097490347496,0.423728813559322
2023,10,2023_10_NYJ_LV,LV,62,30.0,28.07894736842105,-0.14672545644831153,-0.18459243984529836,56.75,32.63507727652464,-0.09897892421463153,-0.18710591194395743,NYJ,1,64.5,27.412304131054128,0.4838709677419355
2023,11,2023_11_LV_MIA,LV,59,43.0,36.15,-0.007082564135392477,-0.2539218316161955,56.75,31.710369674185465,-0.11282912267161667,-0.23617942916524592,MIA,-7,59.5,28.986089743589744,0.7288135593220338
2023,12,2023_12_KC_LV,LV,58,35.0,35.09090909090909,-0.06726744694587507,-0.02642141704164884,56.25,32.393703007518795,-0.1285377048990454,-0.23994354941034546,KC,1,61.25,27.922275641025642,0.603448275862069
2023,14,2023_14_MIN_LV,LV,53,36.0,29.033333333333335,0.018222744798376506,-0.4643485611491349,59.5,33.508535543403966,-0.11636989446051024,-0.11572297846659205,MIN,1,65.5,31.05374046503079,0.6792452830188679
2023,15,2023_15_LAC_LV,LV,63,37.0,23.1,0.019378297030925726,0.2524649465977705,58.0,32.08829744816587,-0.05071318068280064,-0.2323210624130694,LAC,0,63.25,29.10640426441838,0.5873015873015873
2023,16,2023_16_LV_KC,LV,50,23.0,29.142857142857142,0.05321850455724278,-0.1796411509051711,58.25,30.843560606060606,-0.009187242312991327,-0.12305671580230218,KC,3,59.25,28.138960677004157,0.46
2023,17,2023_17_LV_IND,LV,74,49.0,34.0,-0.04387137956089432,0.07599167379102302,56.0,29.091774891774893,0.005888024860167487,-0.1044865456245461,IND,-1,64.75,27.28293650793651,0.6621621621621622
2023,18,2023_18_DEN_LV,LV,63,35.0,26.03846153846154,0.009107988892179612,0.13133636161282972,60.0,28.81904761904762,0.011737041706412675,-0.07888327291637812,DEN,0,63.75,28.857789855072465,0.5555555555555556
2024,3,2024_03_CAR_LV,LV,60,46.0,28.761904761904763,-0.12892098228136703,-0.08306094486078504,59.0,31.24379652605459,0.043045044442017906,-0.25003563285241814,CAR,0,50.5,32.958333333333336,0.7666666666666667
2024,4,2024_04_CLE_LV,LV,53,26.0,31.866666666666667,-0.12489673656386294,-0.15934773658131043,59.333333333333336,30.416499271337983,-0.014276964465777073,-0.1943774035218738,CLE,0,66.0,25.387748452264578,0.49056603773584906
2024,5,2024_05_LV_DEN,LV,66,42.0,31.741935483870968,-0.11655962426920193,-0.19881104357030882,57.75,30.779041120170152,-0.04193190749029854,-0.18561998678673294,DEN,0,60.5,31.75810708898944,0.6363636363636364
2024,6,2024_06_PIT_LV,LV,61,42.0,30.814814814814813,-0.049224691355929655,-0.24397137300249555,59.5,30.948395958879832,-0.07008716345236107,-0.15161315676078063,PIT,0,61.25,29.00100946811473,0.6885245901639344
2024,7,2024_07_LV_LA,LV,75,46.0,29.28,0.04874168200926354,-0.34050667753271197,60.0,30.796330431814305,-0.10490050861759039,-0.17129777450372496,LA,-7,60.5,29.81651583710407,0.6133333333333333
2024,8,2024_08_KC_LV,LV,53,34.0,35.833333333333336,-0.13568195328116422,-0.05785218520122334,63.75,30.92585424133811,-0.06048484254493274,-0.23565920767170667,KC,0,66.75,28.747214156079853,0.6415094339622641
2024,9,2024_09_LV_CIN,LV,59,39.0,29.428571428571427,-0.037704026809445186,-0.28455004935027317,63.75,31.917520908004782,-0.06318114672425806,-0.2102853198266849,CIN,0,55.75,28.985855094726062,0.6610169491525424
2024,11,2024_11_LV_MIA,LV,63,48.0,24.103448275862068,-0.012320985086262176,0.07929896471121523,62.0,31.339179894179892,-0.04346724735931888,-0.23172007127167601,MIA,8,60.5,33.11214461214461,0.7619047619047619
2024,12,2024_12_DEN_LV,LV,73,59.0,30.352941176470587,0.04259776272052949,-0.212082342129141,62.5,29.661338259441706,-0.03424132079190201,-0.1509024868432483,DEN,0,63.25,28.60686553030303,0.8082191780821918
2024,13,2024_13_LV_KC,LV,62,37.0,25.70967741935484,-0.06340296606759768,0.07842760025558444,62.0,29.929573553559354,-0.035777300614085523,-0.11879640299235557,KC,0,67.0,28.120658411356086,0.5967741935483871
2024,14,2024_14_LV_TB,LV,63,41.0,30.64,-0.010079115629196184,-0.1482394077658885,64.25,27.398659575064734,-0.017707553810693888,-0.08472645662815363,TB,2,62.0,33.419225146198826,0.6507936507936508
2024,15,2024_15_ATL_LV,LV,64,45.0,29.75,-0.08807771350886363,-0.2647504700376698,65.25,27.701516717921876,-0.010801326015631638,-0.050648796232057466,ATL,0,69.0,29.529811507936508,0.703125
2024,16,2024_16_JAX_LV,LV,65,42.0,29.40625,0.06972627741534536,-0.07247892991167325,65.5,29.11315464895636,-0.029740508121282004,-0.13666115491927872,JAX,-1,62.75,27.66954365079365,0.6461538461538462
2024,17,2024_17_LV_NO,LV,72,36.0,28.217391304347824,-0.07705845773220066,0.10238876612595033,63.5,28.87648185483871,-0.02295837944757803,-0.10176030186491179,NO,1,59.5,28.789363143631437,0.5
2024,18,2024_18_LAC_LV,LV,47,37.0,27.80952380952381,0.08341719476240024,-0.10243118794101622,66.0,29.503410326086954,-0.026372252363728775,-0.09577001039732032,LAC,-1,60.5,28.28216792250342,0.7872340425531915
2025,3,2025_03_LV_WAS,LV,64,35.0,29.05,-0.15609275950835305,0.04499412845644102,62.5,25.475490196078432,0.07828839510397684,-0.1386082235559348,WAS,-4,63.5,29.44055944055944,0.546875
2025,4,2025_04_CHI_LV,LV,51,22.0,29.741935483870968,-0.08884631685520476,-0.19576072275759032,63.0,26.666993464052286,0.0001613435665335413,-0.07740743955180952,CHI,0,60.666666666666664,23.958694083694084,0.43137254901960786
2025,5,2025_05_LV_IND,LV,65,41.0,31.4,0.050421225635901845,-0.21280899116320032,60.0,27.43572896900696,-0.022090571538901035,-0.10699576035325473,IND,0,60.5,29.052546031244653,0.6307692307692307
2025,6,2025_06_TEN_LV,LV,54,25.0,36.75,-0.12103440222286042,-0.1798414612984258,61.25,28.631317204301073,-0.04262134417446167,-0.18886471179933875,TEN,0,58.75,26.561249838688862,0.46296296296296297
2025,7,2025_07_LV_KC,LV,30,20.0,29.22222222222222,0.1930239915847778,-0.6687030068550183,58.5,31.73548387096774,-0.0788880632376291,-0.13585426169069387,KC,0,63.25,29.89139252291826,0.6666666666666666
2025,9,2025_09_JAX_LV,LV,61,44.0,25.0,0.10664245848720136,0.1389007410609472,50.0,31.778539426523295,0.008391124535653605,-0.31427854551855866,JAX,0,64.0,27.56991341991342,0.7213114754098361
2025,10,2025_10_LV_DEN,LV,58,35.0,25.483870967741936,-0.01570762761614536,-0.3900550544295582,52.5,30.59305555555555,0.05726331837125513,-0.23061317956392427,DEN,0,62.5,25.92006504524887,0.603448275862069
2025,11,2025_11_DAL_LV,LV,57,49.0,27.0,0.2664203710026211,-0.21752597249338285,50.75,29.114023297491038,0.04073110505824333,-0.27492469538051373,DAL,-3,61.0,25.638681318681318,0.8596491228070176
2025,12,2025_12_CLE_LV,LV,75,56.0,30.516129032258064,-0.05567088341101625,-0.38117769292745063,51.5,26.676523297491038,0.13759479836461372,-0.284345823179253,CLE,-1,57.25,27.80862068965517,0.7466666666666667
2025,13,2025_13_LV_LAC,LV,45,28.0,29.8,-0.06219934423764558,-0.331588259846387,62.75,27.0,0.07542107961566522,-0.21246449469736112,LAC,-7,61.75,29.872890199637023,0.6222222222222222
2025,14,2025_14_DEN_LV,LV,47,37.0,26.136363636363637,-0.01696522951126089,-0.05384815394599256,58.75,28.2,0.03321062893445347,-0.33008674492419465,DEN,0,61.5,26.76355137917638,0.7872340425531915
2025,15,2025_15_LV_PHI,LV,42,30.0,28.61111111111111,0.05567818723226851,-0.41019967069483493,56.0,28.363123167155422,0.03289622846067459,-0.24603501980330325,PHI,1,60.25,26.08161276504605,0.7142857142857143
2025,16,2025_16_LV_HOU,LV,53,26.0,28.916666666666668,-0.12091902361975773,-0.04247776650876339,52.25,28.7659009449332,-0.019789317481913562,-0.2942034443536663,HOU,0,62.75,25.316564140188497,0.49056603773584906
2025,17,2025_17_NYG_LV,LV,54,35.0,30.0,0.010306358337402417,-0.21468708531499203,46.75,28.366035353535356,-0.036101352534098935,-0.2095284627489945,NYG,0,61.25,27.081285202252943,0.6481481481481481
2025,18,2025_18_KC_LV,LV,61,31.0,25.61764705882353,-0.1743268221616746,-0.49023991220838753,49.0,28.416035353535353,-0.01797492689033693,-0.18030316911614575,KC,-3,51.5,26.383755472170105,0.5081967213114754
2022,3,2022_03_BUF_MIA,MIA,39,22.0,27.0,0.03539286404848099,0.1340125383927115,63.0,35.49107142857143,0.1131769026673975,0.24385582320439508,BUF,1,60.0,33.8125,0.5641025641025641
2022,4,2022_04_MIA_CIN,MIA,60,39.0,28.57894736842105,-0.01831632991169771,-0.03808543782871483,55.0,32.660714285714285,0.08724888979442531,0.20724139493383387,CIN,0,75.33333333333333,30.52723311546841,0.65
2022,5,2022_05_MIA_NYJ,MIA,62,36.0,29.958333333333332,-0.13928291667252776,-0.2167491397668524,56.25,31.640272556390975,0.06085758486789457,0.1459096867431967,NYJ,3,72.0,28.623771121351766,0.5806451612903226
2022,6,2022_06_MIN_MIA,MIA,74,56.0,27.0,0.09085476413077004,-0.12849024523172153,57.5,30.09860588972431,0.015841719629511176,0.08187017332778643,MIN,0,65.75,29.769437669376693,0.7567567567567568
2022,7,2022_07_PIT_MIA,MIA,61,38.0,24.09090909090909,0.017188259753687565,-0.03248140818482082,58.75,28.134320175438596,-0.00783790460124361,-0.062328071108644315,PIT,0,61.5,30.13276862026862,0.6229508196721312
2022,8,2022_08_MIA_DET,MIA,61,40.0,34.58620689655172,0.002403415526662569,0.3467543437749148,64.25,27.407047448165866,-0.012389055674941966,-0.10395155775302739,DET,0,65.5,30.302414772727275,0.6557377049180327
2022,9,2022_09_MIA_CHI,MIA,50,31.0,28.03846153846154,0.04642311164311001,0.3024538713073517,64.5,28.908862330198538,-0.007209119315351897,-0.007741612352119981,CHI,0,64.75,30.12784028084918,0.62
2022,10,2022_10_CLE_MIA,MIA,64,34.0,25.217391304347824,-0.026416896283626513,0.3979669895482477,61.5,28.42889438148059,0.03921738776355754,0.12205914041643104,CLE,-6,64.0,28.23336796739434,0.53125
2022,12,2022_12_HOU_MIA,MIA,68,47.0,28.23076923076923,0.17075070043404905,-0.10627241913286978,59.0,27.983242207567542,0.009899472659958409,0.2536734491114233,HOU,7,55.0,30.788875598086122,0.6911764705882353
2022,13,2022_13_MIA_SF,MIA,45,37.0,23.22222222222222,0.24453795563291614,-0.32817461576742135,60.75,29.018207242532583,0.04829008283004878,0.2352256963744111,SF,0,60.25,30.475042087542086,0.8222222222222222
2022,14,2022_14_MIA_LAC,MIA,49,33.0,24.22222222222222,0.029170628637075466,-0.08261258421813401,56.75,26.177211073950204,0.10882371785661217,0.06649345648882707,LAC,0,64.5,26.420364114114115,0.673469387755102
2022,15,2022_15_MIA_BUF,MIA,58,34.0,29.757575757575758,-0.004231525415723975,0.15952917061267188,56.5,25.223151244890374,0.10451059710510353,-0.029773157392544356,BUF,0,64.25,25.632731325744558,0.5862068965517241
2022,16,2022_16_GB_MIA,MIA,45,27.0,30.043478260869566,-0.05735996393141925,-0.024195465473683748,55.0,26.35819735819736,0.11005693982207918,-0.0893826121264383,GB,2,58.75,29.016084490222422,0.6
2022,17,2022_17_MIA_NE,MIA,69,44.0,31.358974358974358,-0.11246701516211031,-0.03648938949186306,49.25,26.811374615722443,0.0530292737307121,-0.0688633737116418,NE,-1,55.0,24.61888111888112,0.6376811594202898
2022,18,2022_18_NYJ_MIA,MIA,64,33.0,32.6578947368421,-0.15038603322303043,-0.08906678413978746,55.25,28.845562649910477,-0.03622196896804452,0.0040579328572477695,NYJ,0,64.25,25.982327321801005,0.515625
2023,3,2023_03_DEN_MIA,MIA,70,28.0,34.0,0.04522581398487084,0.6579030373695006,61.5,28.7125,0.032974756417778264,0.2529656841325084,DEN,0,59.5,30.03216374269006,0.4
2023,4,2023_04_MIA_BUF,MIA,59,42.0,27.88888888888889,0.17511653453111647,-0.011877731256573942,64.33333333333333,30.474999999999998,0.037058442273475795,0.38794480187817254,BUF,0,67.33333333333333,32.38529411764706,0.711864406779661
2023,5,2023_05_NYG_MIA,MIA,52,31.0,23.2,0.28941706293507624,0.09747356676850269,63.0,29.82847222222222,0.07157296533788596,0.28798916859448587,NYG,1,63.25,29.885897435897437,0.5961538461538461
2023,6,2023_06_CAR_MIA,MIA,62,32.0,27.52,0.018509392626583628,0.1789399618034121,60.25,28.67222222222222,0.12008412637817122,0.2354608943716341,CAR,0,66.25,28.062268907563023,0.5161290322580645
2023,7,2023_07_MIA_PHI,MIA,48,36.0,30.807692307692307,0.009168040135811099,-0.1510084112254608,60.75,28.15222222222222,0.1320672010194118,0.23060970867121036,PHI,0,73.25,27.67630029284441,0.75
2023,8,2023_08_NE_MIA,MIA,70,49.0,30.866666666666667,0.13795619751467847,0.08246388541392873,55.25,27.354145299145298,0.12305275755714687,0.028381846522470007,NE,0,54.25,31.08838383838384,0.7
2023,9,2023_09_MIA_KC,MIA,58,38.0,26.75,0.0826987080714282,-0.1307589611066666,58.0,28.098589743589745,0.11376267330303735,0.05196725069009567,KC,0,62.25,28.568108974358974,0.6551724137931034
2023,11,2023_11_LV_MIA,MIA,67,41.0,33.785714285714285,0.06397100903771134,-0.10383089418579967,59.5,28.986089743589744,0.062083084587125366,-0.005090881278696644,LV,7,56.75,31.710369674185465,0.6119402985074627
2023,12,2023_12_MIA_NYJ,MIA,67,32.0,29.321428571428573,-0.009578038226155543,0.041621721121713376,60.75,30.552518315018315,0.07344848868990729,-0.07578359527599958,NYJ,0,64.0,25.914072477650066,0.47761194029850745
2023,13,2023_13_MIA_WAS,MIA,59,25.0,33.09090909090909,-0.03224348227183022,0.40919249158821386,65.5,30.18095238095238,0.06876196909941563,-0.02762606218920604,WAS,-1,72.25,29.474889198103483,0.423728813559322
2023,14,2023_14_TEN_MIA,MIA,69,41.0,27.766666666666666,-0.04163532166017423,-0.03839909006668118,62.75,30.737012987012985,0.02621204915278846,0.05405608935436525,TEN,0,56.0,29.545119047619046,0.5942028985507246
2023,15,2023_15_NYJ_MIA,MIA,55,29.0,38.875,-0.004048135131597635,0.10797617186160822,65.5,30.99117965367965,-0.004871458280112149,0.0771460571143616,NYJ,-1,60.5,28.88083028083028,0.5272727272727272
2023,16,2023_16_DAL_MIA,MIA,62,38.0,31.727272727272727,-0.019442502231824983,0.035878146083775084,62.5,32.26350108225108,-0.02187624432243939,0.13009782362621358,DAL,0,65.0,25.658846153846156,0.6129032258064516
2023,17,2023_17_MIA_BAL,MIA,67,44.0,28.892857142857142,0.01813133493546521,-0.1517770044972364,61.25,32.86496212121212,-0.024342360323856758,0.128661929866729,BAL,1,67.25,26.037757400257398,0.6567164179104478
2023,18,2023_18_BUF_MIA,MIA,48,29.0,30.517241379310345,-0.0726726291810765,0.03829413531154043,63.25,31.815449134199135,-0.011748656022032898,-0.011580444154633565,BUF,0,62.5,28.062032585470085,0.6041666666666666
2024,3,2024_03_MIA_SEA,MIA,56,39.0,31.0,0.04533956820766141,-0.430579768397644,70.0,32.13257575757576,-0.04236300913272084,-0.12132813194998429,SEA,3,61.0,25.00045372050817,0.6964285714285714
2024,4,2024_04_TEN_MIA,MIA,55,27.0,24.92,-0.2540184610030231,-0.443822426156547,65.33333333333333,31.7550505050505,-0.013128816685926756,-0.22441201076587083,TEN,0,58.0,29.48880105401845,0.4909090909090909
2024,5,2024_05_MIA_NE,MIA,76,37.0,26.541666666666668,-0.07023052008528458,-0.07375416820565879,62.75,30.04628787878788,-0.07335122776520084,-0.2792646146135399,NE,-1,59.25,32.038706140350875,0.4868421052631579
2024,7,2024_07_MIA_IND,MIA,67,31.0,31.513513513513512,-0.2071599367321754,-0.25723280689570976,65.5,29.03587121212121,-0.10421507145351737,-0.3037214867526965,IND,7,62.0,26.428571428571427,0.4626865671641791
2024,8,2024_08_ARI_MIA,MIA,64,40.0,28.0,0.030280357847611072,0.19287460964627995,63.5,28.493795045045044,-0.12151733740320542,-0.3013472924138899,ARI,1,55.5,28.751281415343914,0.625
2024,9,2024_09_MIA_BUF,MIA,59,30.0,34.696969696969695,-0.02435046173632137,0.30556817487160076,65.5,27.743795045045044,-0.125282139993218,-0.1454836979029089,BUF,0,59.0,26.116531713900134,0.5084745762711864
2024,10,2024_10_MIA_LA,MIA,52,31.0,38.23809523809524,-0.042738418687473696,-0.12069886028009358,66.5,30.188037469287465,-0.06786514017654258,0.04186395235412804,LA,0,64.5,28.224107142857143,0.5961538461538461
2024,11,2024_11_LV_MIA,MIA,63,37.0,31.476190476190474,0.03838634954558481,0.31449169864425225,60.5,33.11214461214461,-0.06099211482708986,0.030127779335519342,LV,-8,62.0,31.339179894179892,0.5873015873015873
2024,12,2024_12_NE_MIA,MIA,63,42.0,32.44444444444444,0.10777178406715388,0.0021696003086512333,59.5,33.10281385281385,0.0003944567423501896,0.17305890572050986,NE,0,65.0,30.689697802197806,0.6666666666666666
2024,13,2024_13_MIA_GB,MIA,67,54.0,36.4,-0.21911466121673598,0.08498009549140258,59.25,34.21392496392496,0.01976731329723589,0.12538265338610266,GB,0,59.25,31.18897129186603,0.8059701492537313
2024,14,2024_14_NYJ_MIA,MIA,66,48.0,31.741935483870968,0.08105404802731114,0.23211588304366923,61.25,34.63968253968254,-0.028923736572867762,0.07023563354105312,NYJ,3,55.75,31.280165912518854,0.7272727272727273
2024,15,2024_15_MIA_HOU,MIA,62,43.0,28.1,0.0504996303249808,-0.21669346186923613,64.75,33.01564260112647,0.0020243801058284494,0.15843931937199382,HOU,-7,59.25,30.368263305322127,0.6935483870967742
2024,16,2024_16_SF_MIA,MIA,63,34.0,31.257142857142856,-0.025066983841714404,0.16494268399299564,64.5,32.17159498207885,0.005052700300677447,0.025643029243621725,SF,-3,51.25,33.07575757575758,0.5396825396825397
2024,17,2024_17_MIA_CLE,MIA,55,34.0,27.807692307692307,0.013295630613962708,-0.09800092579572897,64.5,31.874769585253457,-0.028156991676539622,0.06633630016470782,CLE,0,69.0,28.00928330928331,0.6181818181818182
2024,18,2024_18_MIA_NYJ,MIA,68,48.0,25.37037037037037,0.020787259235101517,-0.12810101581761327,61.5,29.726692662176532,0.02994558128113505,0.02059104484292494,NYJ,0,59.75,30.658333333333335,0.7058823529411765
2025,3,2025_03_MIA_BUF,MIA,59,35.0,25.25,-0.07584746400030648,0.053542115201707964,49.5,24.625,-0.0053367555004111816,-0.0434706747660101,BUF,0,72.0,30.398809523809526,0.5932203389830508
2025,4,2025_04_NYJ_MIA,MIA,56,27.0,32.54545454545455,-0.0711616650223732,0.1296868522222623,52.666666666666664,24.833333333333332,-0.028840325000376282,-0.011133078110104081,NYJ,3,57.333333333333336,25.7831031031031,0.48214285714285715
2025,5,2025_05_MIA_CAR,MIA,53,40.0,30.666666666666668,0.02349892029395472,0.09527343158778871,53.5,26.761363636363637,-0.03942066000587551,0.024071904472987515,CAR,-1,64.25,29.100873015873017,0.7547169811320755
2025,6,2025_06_LAC_MIA,MIA,56,36.0,22.68,-0.02642340660095214,0.09100858336886243,55.0,28.46374458874459,-0.04014470534048446,0.112096279353135,LAC,0,63.25,27.436884907219593,0.6428571428571429
2025,7,2025_07_MIA_CLE,MIA,57,36.0,32.375,-0.17077349803664466,-0.558327655649518,56.0,27.785530303030303,-0.03748340383241927,0.09237774559515535,CLE,0,65.25,24.478000110317673,0.631578947368421
2025,8,2025_08_MIA_ATL,MIA,65,28.0,32.52,-0.06692198784120625,0.14265521886032426,55.5,29.566780303030303,-0.061214912341503815,-0.06058969711765115,ATL,0,63.0,28.07423245614035,0.4307692307692308
2025,9,2025_09_BAL_MIA,MIA,61,42.0,27.692307692307693,-0.11534860368930937,-0.2000481348872467,57.75,29.56041666666667,-0.06015499304621208,-0.05734760545813566,BAL,0,56.5,27.442207792207796,0.6885245901639344
2025,10,2025_10_BUF_MIA,MIA,51,21.0,40.142857142857146,-0.10421837783522069,0.3123163272150319,59.75,28.816826923076924,-0.0948668740420281,-0.1311779970768945,BUF,3,59.5,28.905300581771172,0.4117647058823529
2025,11,2025_11_WAS_MIA,MIA,54,23.0,33.21739130434783,-0.0639963112771511,-0.019850018187706927,58.5,33.18254120879121,-0.11431561685059523,-0.07585106111535214,WAS,0,57.5,26.878597285067876,0.42592592592592593
2025,13,2025_13_NO_MIA,MIA,56,28.0,27.636363636363637,-0.0014509037137031666,-0.13490428110554623,57.75,33.39313903487817,-0.08762132016072184,0.05876834825010063,NO,7,62.75,28.05128309905198,0.5
2025,14,2025_14_MIA_NYJ,MIA,61,22.0,40.666666666666664,0.002958208322524981,0.20675522446731306,55.5,32.17222994396907,-0.07125354912884607,-0.010621526741366988,NYJ,0,55.25,29.990944055944055,0.36065573770491804
2025,15,2025_15_MIA_PIT,MIA,50,35.0,36.285714285714285,-0.13028706088662143,-0.04027871940113578,55.5,35.41581968755882,-0.041676846125887484,0.09107931309727296,PIT,0,55.25,28.06818181818182,0.7
2025,16,2025_16_CIN_MIA,MIA,58,31.0,26.73076923076923,-0.12585845788319922,-0.057436947749951985,55.25,34.4515339732731,-0.04819401688873767,0.0029305514432310387,CIN,-1,67.25,28.271145958383354,0.5344827586206896
2025,17,2025_17_TB_MIA,MIA,52,25.0,32.88235294117647,0.022219481567541836,0.1076283444776983,56.25,32.829878454878454,-0.06365955354024969,-0.006466180947330225,TB,0,61.25,28.126157619658905,0.4807692307692308
2025,18,2025_18_MIA_NE,MIA,54,30.0,36.111111111111114,-0.012045612738978499,-0.3440928692242946,55.25,34.14137578108166,-0.057741957219938446,0.05416697544848091,NE,0,60.25,29.12064251537936,0.5555555555555556
2022,3,2022_03_DET_MIN,MIN,65,41.0,24.51219512195122,-0.04694613035429606,-0.01684202154756685,60.0,36.0625,0.0727520852603696,-0.042535290366491646,DET,-1,62.0,28.254464285714285,0.6307692307692307
2022,4,2022_04_MIN_NO,MIN,67,42.0,26.805555555555557,0.05521169522156321,-0.015531470083021614,61.666666666666664,32.21239837398374,0.03285268005548104,-0.03397086742685005,NO,0,62.333333333333336,27.992521367521366,0.6268656716417911
2022,5,2022_05_CHI_MIN,MIN,72,44.0,30.76,-0.014689661065737386,0.23391332682083343,63.0,30.860687669376695,0.038442433847001585,-0.029361018090892938,CHI,0,53.5,27.56533500496973,0.6111111111111112
2022,6,2022_06_MIN_MIA,MIN,49,34.0,30.75,0.011201518954652705,-0.10876731313376067,65.75,29.769437669376693,0.02764758068757755,-0.0030257158263390788,MIA,0,57.5,30.09860588972431,0.6938775510204082
2022,8,2022_08_ARI_MIN,MIN,68,42.0,25.085714285714285,0.029703207472537477,0.010338986775927199,63.25,28.206937669376693,0.0011943556890456172,0.02319313051412108,ARI,4,66.75,28.297665453741306,0.6176470588235294
2022,9,2022_09_MIN_WAS,MIN,65,43.0,29.548387096774192,0.01514853500738377,-0.09250124519798034,64.0,28.35031746031746,0.020356690145754003,0.02998838259499459,WAS,0,61.0,29.94354813836085,0.6615384615384615
2022,10,2022_10_MIN_BUF,MIN,78,56.0,28.142857142857142,0.12283970931401617,0.06940630881828817,63.5,29.036025345622118,0.010340900092209141,0.010745938816254907,BUF,0,58.75,29.010972412220703,0.717948717948718
2022,11,2022_11_DAL_MIN,MIN,54,37.0,26.58823529411765,-0.07129599153995513,-0.3696225346624316,65.0,28.3817396313364,0.04472324268714753,-0.030380815684381408,DAL,0,63.75,24.862809125740164,0.6851851851851852
2022,12,2022_12_NE_MIN,MIN,65,39.0,31.232558139534884,0.022856080904603015,0.06398856487414101,66.25,27.341298454865814,0.02409886506349557,-0.09559462106654915,NE,0,59.75,28.44499147485081,0.6
2022,13,2022_13_NYJ_MIN,MIN,64,39.0,24.90909090909091,0.0024018809199333525,0.012666814466847526,65.5,28.878009418320968,0.022387083421511956,-0.0821822265419957,NYJ,3,56.75,26.983734369079198,0.609375
2022,14,2022_14_MIN_DET,MIN,63,46.0,29.8125,0.016144203703577952,0.059388893940018075,65.25,27.718185371400146,0.01920041989964935,-0.05589021162578873,DET,0,64.5,28.565730581678856,0.7301587301587301
2022,15,2022_15_IND_MIN,MIN,86,64.0,21.5,-0.025569307804107676,-0.12836087008319907,61.5,28.13559608568586,-0.007473456502960201,-0.05839456534535625,IND,-7,63.0,27.337864570700944,0.7441860465116279
2022,16,2022_16_NYG_MIN,MIN,70,51.0,30.363636363636363,0.13034456861870633,-0.017624588448778268,69.5,26.86353726215645,0.003958214431001661,0.0019208507994518814,NYG,1,60.25,27.31765399351606,0.7285714285714285
2022,17,2022_17_MIN_GB,MIN,57,39.0,21.454545454545453,0.028754086295763582,-0.19168529924087857,70.75,26.64630681818182,0.03083033635952749,-0.018482437531277936,GB,1,59.25,28.68748408454291,0.6842105263157895
2022,18,2022_18_MIN_CHI,MIN,71,34.0,31.0,-0.13199798056953826,0.25174688058672673,69.0,25.782670454545453,0.03741838770348505,-0.06957046595820945,CHI,0,53.5,30.089758403361344,0.4788732394366197
2023,3,2023_03_LAC_MIN,MIN,78,55.0,27.90909090909091,0.008930777284232071,-0.00012828547168437966,59.0,28.65833333333333,0.09520879082100575,-0.025503302262067352,LAC,3,71.0,27.430555555555557,0.7051282051282052
2023,4,2023_04_MIN_CAR,MIN,44,21.0,27.533333333333335,-0.11412525086691885,-0.15415480736754286,65.33333333333333,28.408585858585855,0.06644945297541453,-0.017044963331939694,CAR,0,68.0,28.43405342624855,0.4772727272727273
2023,5,2023_05_KC_MIN,MIN,67,49.0,26.8,0.0032778317863876596,0.00031191833593711537,60.0,28.18977272727273,0.021305777014831186,-0.051322424340840486,KC,0,65.0,29.282886845790074,0.7313432835820896
2023,6,2023_06_MIN_CHI,MIN,54,33.0,26.333333333333332,0.011463456640118067,-0.19431961715133741,61.0,27.35227272727273,0.007200163589251983,-0.018233454445470806,CHI,-3,59.0,32.106516290726816,0.6111111111111112
2023,7,2023_07_SF_MIN,MIN,64,44.0,27.96,0.04066779557615515,0.16468274256598656,60.75,27.143939393939394,-0.02261329628904526,-0.08707269791365688,SF,0,61.25,29.944875920334763,0.6875
2023,8,2023_08_MIN_GB,MIN,67,39.0,27.4,0.0242470875382424,0.1862405105658242,57.25,27.156666666666666,-0.014679041716064491,-0.045869940904239154,GB,-1,60.25,29.827215608465607,0.582089552238806
2023,9,2023_09_MIN_ATL,MIN,73,48.0,28.05128205128205,0.009338056554599678,-0.036581124619083,63.0,27.12333333333333,0.019914042885225823,0.039228888579102617,ATL,0,70.25,28.6022974036192,0.6575342465753424
2023,10,2023_10_NO_MIN,MIN,68,41.0,34.333333333333336,0.10068600416183476,0.09982912348415839,64.5,27.436153846153847,0.021429099077278826,0.03000562784034759,NO,0,73.0,28.293272493272493,0.6029411764705882
2023,11,2023_11_MIN_DEN,MIN,70,38.0,31.64516129032258,-0.057574306215558764,-0.02024578025300033,68.0,29.436153846153847,0.043734735957708,0.10354281299922155,DEN,1,59.75,31.375151375151376,0.5428571428571428
2023,12,2023_12_CHI_MIN,MIN,51,36.0,30.185185185185187,0.0010598395551953885,-0.5115122717537045,69.5,30.35744416873449,0.01917421050977952,0.05731068229447482,CHI,0,66.25,27.895098039215686,0.7058823529411765
2023,14,2023_14_MIN_LV,MIN,71,46.0,29.710526315789473,-0.06953543623288473,-0.20310352708120272,65.5,31.05374046503079,0.013377398514017768,-0.11712751328540735,LV,-1,59.5,33.508535543403966,0.647887323943662
2023,15,2023_15_MIN_CIN,MIN,67,39.0,31.38888888888889,0.006614769498507142,0.14090112998696175,65.0,31.468551531157644,-0.006340974682853334,-0.15875811390093728,CIN,0,57.0,29.6280303030303,0.582089552238806
2023,16,2023_16_DET_MIN,MIN,50,40.0,26.296296296296298,0.05984782450126879,0.03220929555971645,64.75,30.732440420046533,-0.02985878334868524,-0.14849011227523645,DET,0,65.25,28.727979151578474,0.8
2023,17,2023_17_GB_MIN,MIN,51,38.0,29.071428571428573,0.015062227845191952,-0.33894254937089985,59.75,29.39522417153996,-0.0005032506694783515,-0.13537634332205725,GB,0,62.5,31.579998403575992,0.7450980392156863
2023,18,2023_18_MIN_DET,MIN,70,49.0,26.045454545454547,-0.01702847389074471,-0.014632687797234352,59.75,29.116785018100806,0.002997346403020789,-0.09223391272635609,DET,-1,66.75,28.811073894999303,0.7
2024,3,2024_03_HOU_MIN,MIN,59,32.0,26.8,0.029841408133506903,0.10881717221105354,50.5,29.751923076923077,0.0842377880976679,0.05667058170740323,HOU,0,67.5,27.389991728701403,0.5423728813559322
2024,4,2024_04_MIN_GB,MIN,61,33.0,31.09090909090909,0.0963264726675474,0.0334473343004729,53.333333333333336,28.767948717948716,0.06610566144294756,0.07405277854195334,GB,0,61.666666666666664,30.0719696969697,0.5409836065573771
2024,5,2024_05_NYJ_MIN,MIN,64,37.0,33.92857142857143,-0.018404886126518194,-0.2767257415217844,55.25,29.34868881118881,0.07366086424909753,0.06390141748158323,NYJ,0,61.25,30.276960784313722,0.578125
2024,7,2024_07_DET_MIN,MIN,53,37.0,27.789473684210527,0.06416815022627524,0.053323950424106745,58.75,29.542370129870132,0.05395608728597652,-0.044168701583498705,DET,7,65.0,31.049611801242236,0.6981132075471698
2024,8,2024_08_MIN_LA,MIN,49,29.0,34.5,0.012739353837111122,0.10798808156635137,59.25,29.90223855092276,0.04298278622520284,-0.0202843211465378,LA,0,60.0,30.60818250377074,0.5918367346938775
2024,9,2024_09_IND_MIN,MIN,70,40.0,31.425531914893618,0.03814236602999948,-0.04208867882670302,56.75,31.827238550922765,0.03870727265110389,-0.020491593807713343,IND,3,63.75,25.90443548387097,0.5714285714285714
2024,10,2024_10_MIN_JAX,MIN,80,42.0,30.130434782608695,-0.01676042784344067,-0.003554511117989391,59.0,31.910894256918894,0.02416124599171691,-0.03937559708950733,JAX,0,57.0,31.960389610389612,0.525
2024,11,2024_11_MIN_TEN,MIN,66,37.0,24.42105263157895,0.09693915128707888,-0.05356380107345113,63.0,30.961360095428212,0.02457236056248629,0.02891721051144143,TEN,0,65.25,30.272772854580634,0.5606060606060606
2024,12,2024_12_MIN_CHI,MIN,65,38.0,25.08,0.05153124385020304,0.07162828564785391,66.25,30.119254832270318,0.0327651108276872,0.0021952726370519596,CHI,0,64.5,27.17266548463357,0.5846153846153846
2024,13,2024_13_ARI_MIN,MIN,50,39.0,29.5,0.12259441028748243,-0.06582639973185363,70.25,27.764254832270314,0.042463083330960175,-0.006894676342572407,ARI,0,57.75,29.20900041050903,0.78
2024,14,2024_14_ATL_MIN,MIN,53,34.0,27.035714285714285,-0.002992406487464895,0.45762782622073195,65.25,27.28287185354691,0.0635760943953309,-0.012829106568860058,ATL,0,64.75,30.007936507936506,0.6415094339622641
2024,15,2024_15_CHI_MIN,MIN,71,42.0,26.0,-0.009981837537553578,0.0321609017045189,58.5,26.509191729323305,0.06701809973432486,0.10246647776582028,CHI,0,63.75,30.639332151300238,0.5915492957746479
2024,16,2024_16_MIN_SEA,MIN,59,40.0,31.2,0.05048671364784243,0.09505266635780983,59.75,26.90392857142857,0.040287852528166745,0.12389765346031278,SEA,-1,58.0,28.425457157784745,0.6779661016949152
2024,17,2024_17_GB_MIN,MIN,67,44.0,32.285714285714285,-0.009645349704302324,0.09248545610827211,58.25,28.43392857142857,0.04002671997757659,0.12975374863780176,GB,1,56.25,30.73575985418091,0.6567164179104478
2024,18,2024_18_MIN_DET,MIN,61,45.0,22.944444444444443,0.05252595214133563,-0.3381884273350883,62.5,29.130357142857143,0.006966779979630407,0.1693317125978332,DET,1,70.5,28.410701203558347,0.7377049180327869
2025,3,2025_03_CIN_MIN,MIN,58,29.0,21.625,-0.025475796726014997,0.1210588149935078,48.5,27.07828282828283,-0.045587438359214916,-0.3135555010726961,CIN,0,57.0,26.561714708056172,0.5
2025,4,2025_04_MIN_PIT,MIN,72,54.0,32.25,0.01630768466454285,0.044346514940902866,51.666666666666664,25.260521885521886,-0.038883557814814944,-0.16868406238396147,PIT,0,52.666666666666664,27.061149425287354,0.75
2025,5,2025_05_MIN_CLE,MIN,60,41.0,25.606060606060606,0.06942239725911944,0.03647955072198812,56.75,27.007891414141415,-0.025085747194975496,-0.11542641805274538,CLE,0,65.75,26.050925925925924,0.6833333333333333
2025,7,2025_07_PHI_MIN,MIN,67,46.0,31.352941176470587,-0.009543132923898264,-0.08892315779743913,59.0,26.83996212121212,0.021862516862816005,-0.06208495158895445,PHI,4,57.75,27.88153082549634,0.6865671641791045
2025,8,2025_08_MIN_LAC,MIN,47,36.0,27.333333333333332,0.05424792899025797,-0.4242375427816471,64.25,27.708500445632797,0.012677788068437256,0.028240430714739917,LAC,0,64.5,27.62530269857856,0.7659574468085106
2025,9,2025_09_MIN_DET,MIN,55,31.0,27.15625,0.002200865468313665,-0.021526931048336088,61.5,29.13558377896613,0.032608719497505496,-0.1080836587290488,DET,-3,57.75,30.97405851229381,0.5636363636363636
2025,10,2025_10_BAL_MIN,MIN,62,48.0,26.09375,0.01862133804120518,-0.16057756580649493,57.25,27.86214627896613,0.029082014698448202,-0.12455202022635854,BAL,-3,56.75,28.284453781512603,0.7741935483870968
2025,11,2025_11_CHI_MIN,MIN,54,32.0,29.928571428571427,-0.13900925772530695,-0.19253063808414514,57.75,27.98406862745098,0.016381749893969635,-0.1738162993584793,CHI,0,66.5,27.779466966966968,0.5925925925925926
2025,12,2025_12_MIN_GB,MIN,44,25.0,28.192307692307693,-0.155293498573632,-0.42938007633339015,54.5,27.62797619047619,-0.015984781306382537,-0.1997181694301558,GB,0,60.75,28.002367424242422,0.5681818181818182
2025,13,2025_13_MIN_SEA,MIN,49,34.0,27.6875,0.14051003903150555,-0.7026966656261248,53.75,27.842719780219777,-0.06837013819735503,-0.20100380281809155,SEA,0,56.75,29.577993697478995,0.6938775510204082
2025,14,2025_14_WAS_MIN,MIN,57,29.0,35.0,-0.046342156150124277,0.30938012822680605,52.25,27.97553228021978,-0.03379284480655706,-0.37129623646253873,WAS,0,65.75,26.96153846153846,0.5087719298245614
2025,15,2025_15_MIN_DAL,MIN,51,26.0,24.9375,0.030079417937510764,0.226200733945698,51.0,30.20209478021978,-0.050033718354389425,-0.2538068129542135,DAL,-3,66.5,26.731918656056585,0.5098039215686274
2025,16,2025_16_MIN_NYG,MIN,55,29.0,29.666666666666668,0.004288689510242258,-0.056712875560546466,50.25,28.954326923076923,-0.0077615494386849984,-0.1491239699467527,NYG,0,66.25,27.807878435927215,0.5272727272727272
2025,17,2025_17_DET_MIN,MIN,51,25.0,29.387096774193548,-0.02099160004306485,-0.2773751509675688,53.0,29.322916666666668,0.032133997582283566,-0.05595716975354179,DET,0,61.25,27.53125,0.49019607843137253
2025,18,2025_18_GB_MIN,MIN,64,34.0,27.032258064516128,-0.05917929475371908,-0.04272763705250663,53.5,29.747815860215056,-0.008241412186359032,0.0503732089110972,GB,2,56.25,27.342766608391607,0.53125
2022,3,2022_03_BAL_NE,NE,64,41.0,25.441176470588236,-0.04821721783706127,0.0043066098013197635,58.0,30.648809523809526,0.051610615400818606,-0.05246418581254403,BAL,0,52.5,31.475,0.640625
2022,4,2022_04_NE_GB,NE,58,25.0,30.735294117647058,-0.09576460683629626,0.022529768852405284,60.0,28.91293183940243,0.01833467098819198,-0.03354058727458943,GB,0,61.333333333333336,31.805453805453805,0.43103448275862066
2022,5,2022_05_DET_NE,NE,54,22.0,34.2,-0.14496654664215292,0.07853753437950578,59.5,29.368522408963585,-0.010190148467930078,-0.019522998242840754,DET,0,66.75,27.630641233766234,0.4074074074074074
2022,6,2022_06_NE_CLE,NE,62,36.0,27.766666666666666,0.029431306653552605,0.16630383566124396,59.75,29.489950980392155,-0.06774624532446144,0.06176446834192562,CLE,0,67.75,28.672365944505533,0.5806451612903226
2022,7,2022_07_CHI_NE,NE,47,32.0,22.291666666666668,-0.07526241397035538,-0.24783054618363035,59.5,29.53578431372549,-0.06487926616548946,0.0679194371736187,CHI,-3,59.25,29.00249014079316,0.6808510638297872
2022,8,2022_08_NE_NYJ,NE,72,44.0,26.695652173913043,0.009407188211168519,-0.12048642061490106,55.25,28.7484068627451,-0.07164056519881298,0.004885148177381171,NYJ,-1,55.5,29.41556451612903,0.6111111111111112
2022,9,2022_09_IND_NE,NE,61,34.0,33.11764705882353,-0.08750809858674596,-0.3220871907307792,58.75,27.738496376811597,-0.04534761643694679,-0.030868899189445416,IND,0,66.25,27.456750724231945,0.5573770491803278
2022,11,2022_11_NYJ_NE,NE,59,33.0,31.675,-0.0725926980376244,-0.13092339949110612,60.5,27.467908141517476,-0.030983004423095054,-0.13102508046701666,NYJ,0,55.0,27.638360805860806,0.559322033898305
2022,12,2022_12_NE_MIN,NE,54,41.0,28.225806451612904,0.04168483614921567,0.07107765604902311,59.75,28.44499147485081,-0.056489005595889305,-0.20533188925510418,MIN,0,66.25,27.341298454865814,0.7592592592592593
2022,13,2022_13_BUF_NE,NE,51,38.0,20.863636363636363,-0.09681136533617982,-0.025925594317992694,61.5,29.92852642108737,-0.02725219306599654,-0.12560483869694083,BUF,0,67.25,25.79942378642789,0.7450980392156863
2022,14,2022_14_NE_ARI,NE,54,37.0,26.060606060606062,0.036592211751710776,0.018245282481550492,56.25,28.4705224685182,-0.05380683145283363,-0.10196463212271373,ARI,-4,65.0,27.704476929275316,0.6851851851851852
2022,15,2022_15_NE_LV,NE,63,34.0,29.884615384615383,-0.0829752581460136,-0.11162330699419905,54.5,26.706262218963833,-0.022781753868219443,-0.016881513819631305,LV,-4,64.0,31.336850649350648,0.5396825396825397
2022,16,2022_16_CIN_NE,NE,52,37.0,21.666666666666668,-0.3252281794945398,-0.08766027116647448,55.5,26.25866606511768,-0.025377393895316742,-0.012056490695404536,CIN,0,61.25,26.38337148962149,0.7115384615384616
2022,17,2022_17_MIA_NE,NE,55,36.0,25.066666666666666,0.09208827928916825,-0.12867181042012257,55.0,24.61888111888112,-0.11710564780625561,-0.051740972499278934,MIA,1,49.25,26.811374615722443,0.6545454545454545
2022,18,2022_18_NE_BUF,NE,64,43.0,32.026315789473685,0.11288738077463104,-0.03685553022143724,56.0,25.669638694638696,-0.0698807366499186,-0.07742752652481141,BUF,1,62.75,25.808805418719214,0.671875
2023,3,2023_03_NE_NYJ,NE,69,30.0,26.742857142857144,-0.16415064817383176,-0.006974152894966395,74.5,26.164529914529915,0.008316270766719737,-0.1417131842804286,NYJ,0,48.0,28.944444444444443,0.43478260869565216
2023,4,2023_04_NE_DAL,NE,55,34.0,38.2,-0.018526744097471178,-0.47803653429437815,72.66666666666667,26.35730565730566,-0.04917270221346409,-0.09680017381860785,DAL,0,70.0,29.774682306940374,0.6181818181818182
2023,5,2023_05_NO_NE,NE,51,33.0,24.3,-0.05808945993582402,-0.7828751057274276,68.25,29.31797924297924,-0.04151121268446587,-0.19210926393755043,NO,0,63.25,27.069098312401884,0.6470588235294118
2023,6,2023_06_NE_LV,NE,55,37.0,28.444444444444443,0.07192776165902615,-0.005582914220439953,61.25,29.171825396825398,-0.05116116858234828,-0.33687268050115154,LV,1,59.25,30.681944444444444,0.6727272727272727
2023,7,2023_07_BUF_NE,NE,56,33.0,33.40909090909091,0.01974939637713962,0.1569332934032073,57.5,29.421825396825398,-0.0422097726370252,-0.31836717678430304,BUF,0,57.0,30.792521367521367,0.5892857142857143
2023,8,2023_08_NE_MIA,NE,50,32.0,33.85,-0.03610627811688641,-0.18862504612721862,54.25,31.08838383838384,0.0037652385007176364,-0.2773903152097596,MIA,0,55.25,27.354145299145298,0.64
2023,9,2023_09_WAS_NE,NE,62,46.0,25.575757575757574,0.09919000762264903,-0.08962030252802544,53.0,30.000883838383835,-0.0006296450041361722,-0.2050374431679697,WAS,0,63.0,28.949175824175825,0.7419354838709677
2023,10,2023_10_IND_NE,NE,68,34.0,32.3421052631579,-0.1522912649398153,0.0007948684934433394,55.75,30.31982323232323,0.03869022188548209,-0.03172374236811918,IND,0,65.75,29.66783424908425,0.5
2023,12,2023_12_NE_NYG,NE,68,37.0,30.205128205128204,-0.02345281956242584,-0.16391899333500076,59.0,31.294238437001596,-0.017364534764228265,-0.030129296689648356,NYG,7,60.25,28.152252252252257,0.5441176470588235
2023,13,2023_13_LAC_NE,NE,62,33.0,29.64864864864865,-0.06772743712882606,-0.2746298957865818,62.0,30.49324776101092,-0.028165088749119632,-0.11034236837420038,LAC,0,62.5,26.868951612903224,0.532258064516129
2023,14,2023_14_NE_PIT,NE,55,32.0,24.235294117647058,0.14615893363952642,-0.05932960258479313,65.0,29.442909923173083,-0.036070378502104546,-0.13184358078904118,PIT,0,59.5,29.968832293832293,0.5818181818181818
2023,15,2023_15_KC_NE,NE,51,35.0,33.84,0.12254603405793514,-0.31725607520460053,63.25,29.107794058645453,-0.024328146997885193,-0.12427090580323309,KC,3,63.0,28.994729907773387,0.6862745098039216
2023,16,2023_16_NE_DEN,NE,55,35.0,35.2,0.004128520081682977,-0.0753557926892272,59.0,29.482267742855978,0.04438117775155241,-0.20378364172774405,DEN,-1,60.0,28.995039682539684,0.6363636363636364
2023,17,2023_17_NE_BUF,NE,52,31.0,31.176470588235293,0.07154802381992337,-0.28278854446353696,55.75,30.730985691573927,0.05127651266257962,-0.18164284156630067,BUF,-1,68.75,28.05642361111111,0.5961538461538461
2023,18,2023_18_NYJ_NE,NE,58,39.0,28.571428571428573,-0.06675005629658701,-0.5594771073022942,53.25,31.11294117647059,0.08609537789976697,-0.18368250373553946,NYJ,-3,68.25,30.028052503052503,0.6724137931034483
2024,3,2024_03_NE_NYJ,NE,48,35.0,29.625,0.14257490038871776,-0.39966586856870684,63.5,31.431578947368422,-0.03132675275112186,0.024768072013341014,NYJ,0,52.5,30.220588235294116,0.7291666666666666
2024,4,2024_04_NE_SF,NE,62,39.0,35.666666666666664,-0.1894707748523127,-0.4761100484390706,58.333333333333336,30.82938596491228,0.026640464962158012,-0.11670990818067493,SF,3,67.0,32.773809523809526,0.6290322580645161
2024,5,2024_05_MIA_NE,NE,54,36.0,28.36,-0.024169231134076208,-0.08162550049281153,59.25,32.038706140350875,-0.027387344991459665,-0.20655994324527385,MIA,1,62.75,30.04628787878788,0.6666666666666666
2024,6,2024_06_HOU_NE,NE,63,42.0,24.5,-0.09626102745532994,-0.306117912079947,57.5,30.85370614035088,-0.0297742577861377,-0.22524149837558832,HOU,0,64.25,30.894986151840993,0.6666666666666666
2024,7,2024_07_NE_JAX,NE,55,43.0,29.5,0.035432567553860705,0.07388121289045074,56.75,29.537916666666668,-0.04183153326325027,-0.315879832395134,JAX,0,60.5,28.05488721804511,0.7818181818181819
2024,8,2024_08_NYJ_NE,NE,64,37.0,31.285714285714285,-0.09215328332624938,0.03690225151983708,58.5,29.506666666666668,-0.06861711647196453,-0.19749306203034458,NYJ,0,64.0,27.209558823529413,0.578125
2024,9,2024_09_NE_TEN,NE,64,51.0,29.26923076923077,0.10107625079782394,-0.08869032534496382,59.0,28.411428571428573,-0.04428774359044871,-0.06923998704061768,TEN,0,63.25,31.712614870509604,0.796875
2024,10,2024_10_NE_CHI,NE,60,29.0,30.653846153846153,-0.0033142941467689388,0.00498185273143405,61.5,28.638736263736263,-0.012976373107473668,-0.07100619325365574,CHI,0,63.75,27.237738095238093,0.48333333333333334
2024,11,2024_11_LA_NE,NE,72,45.0,31.55,0.06416702173326334,0.1020634177720845,60.75,30.1771978021978,0.010260310219666582,0.006768747949189515,LA,1,62.0,27.737342436974792,0.625
2024,12,2024_12_NE_MIA,NE,63,47.0,25.923076923076923,-0.07485475522630358,-0.19673141421842769,65.0,30.689697802197806,0.01744392376451724,0.013814299169597952,MIA,0,59.5,33.10281385281385,0.746031746031746
2024,13,2024_13_IND_NE,NE,66,40.0,27.73913043478261,0.036825936138629965,0.18484828307731163,64.75,29.349038461538463,0.021768555789503694,-0.04459411726496824,IND,0,56.5,29.051587301587304,0.6060606060606061
2024,15,2024_15_NE_ARI,NE,49,28.0,36.333333333333336,-0.003441795706749138,0.044622635037075344,65.25,28.96651337792642,0.005705977124705197,0.023790534840600626,ARI,7,62.75,29.23883152900294,0.5714285714285714
2024,16,2024_16_NE_BUF,NE,68,40.0,29.585365853658537,0.0021924972534179826,-0.025196044405781663,62.5,30.386385172798217,0.005674101734710147,0.03370073041701095,BUF,0,60.75,29.673115605379657,0.5882352941176471
2024,17,2024_17_LAC_NE,NE,48,33.0,26.857142857142858,-0.08658447861671466,-0.5518501636239913,61.5,29.895226636212854,-0.009819529385251193,0.00188586487254441,LAC,-3,52.25,28.67813065542267,0.6875
2024,18,2024_18_BUF_NE,NE,58,33.0,29.852941176470587,0.031094071641564396,0.03346540357157119,57.75,30.128743119729332,-0.012751960232853961,-0.0868938224788465,BUF,1,59.75,29.189903695338476,0.5689655172413793
2025,3,2025_03_PIT_NE,NE,71,47.0,27.214285714285715,0.005768919053177077,-0.15746352048861326,60.5,29.064698867024447,0.05959401937092054,0.13892367698098332,PIT,0,56.0,25.251724137931035,0.6619718309859155
2025,4,2025_04_CAR_NE,NE,45,22.0,40.0,-0.11013606521818377,0.3920487745199352,64.0,28.447894482778207,0.04165231926500606,0.04012794449111779,CAR,0,64.0,29.854497354497354,0.4888888888888889
2025,5,2025_05_NE_BUF,NE,56,36.0,25.10810810810811,0.014495839675267519,0.06187287532992756,59.25,31.335920862083654,0.0037052231442086005,0.12810815199832215,BUF,0,63.75,30.198437019969276,0.6428571428571429
2025,6,2025_06_NE_NO,NE,56,31.0,25.035714285714285,-0.06469001223643621,0.1576491451476754,56.25,30.740854865854867,-0.021819581407018833,0.16009531242104122,NO,0,66.0,24.41985735735736,0.5535714285714286
2025,7,2025_07_NE_TEN,NE,62,36.0,36.0,0.029566778586461024,0.26747702232415793,57.0,29.339527027027028,-0.03864032968154384,0.11352681862723121,TEN,0,57.25,27.949867724867723,0.5806451612903226
2025,8,2025_08_CLE_NE,NE,62,34.0,31.085714285714285,-0.014799919156801119,0.07329973813714336,54.75,31.535955598455597,-0.032690864798222856,0.219761954330424,CLE,0,64.25,25.010407517725078,0.5483870967741935
2025,9,2025_09_ATL_NE,NE,65,40.0,34.95652173913044,-0.022555686036745647,0.013419395030301621,59.0,29.30738416988417,-0.008856828282877196,0.14007469523472604,ATL,0,58.5,28.84706899460189,0.6153846153846154
2025,10,2025_10_NE_TB,NE,58,36.0,25.135135135135137,0.07537254864393271,0.17789473459285096,61.25,31.76948757763975,-0.018119709710880488,0.12796132515981956,TB,-7,57.5,29.167975382003398,0.6206896551724138
2025,11,2025_11_NYJ_NE,NE,60,37.0,32.0,-0.03485407034556074,0.16685830179392716,61.75,31.794342789994964,0.016895930509211742,0.13302272252111347,NYJ,0,58.0,27.852019602019602,0.6166666666666667
2025,12,2025_12_NE_CIN,NE,66,39.0,27.666666666666668,0.08057498779052338,0.0035673089002694544,61.25,30.794342789994964,0.0007907182762063019,0.10786804238855577,CIN,3,63.75,25.697903726708077,0.5909090909090909
2025,13,2025_13_NYG_NE,NE,61,36.0,27.09090909090909,0.11132040495673806,0.1690120082639751,62.25,29.93958088523306,0.024634445013037427,0.0904349350793373,NYG,0,67.5,27.123949864498645,0.5901639344262295
2025,15,2025_15_BUF_NE,NE,51,29.0,29.157894736842106,0.06552491230624066,0.2442978493720022,61.25,27.973177723177724,0.05810346776140835,0.12933308838775567,BUF,6,62.75,29.25147357723577,0.5686274509803921
2025,16,2025_16_NE_BAL,NE,69,52.0,27.142857142857142,0.10939632021650972,0.2231259292538598,59.5,28.978867623604465,0.05564155867698534,0.14593386708254347,BAL,0,56.0,27.991473217639548,0.7536231884057971
2025,17,2025_17_NE_NYJ,NE,60,28.0,33.09090909090909,-0.169745079108647,0.48764402833789544,61.75,27.76458190931875,0.09170415631750295,0.16000077394752665,NYJ,0,62.5,27.414166666666667,0.4666666666666667
2025,18,2025_18_MIA_NE,NE,54,28.0,20.5,-0.01532413597617822,0.3599087329984602,60.25,29.12064251537936,0.029124139592710353,0.2810199538069331,MIA,0,55.25,34.14137578108166,0.5185185185185185
2022,3,2022_03_NO_CAR,NO,64,42.0,23.846153846153847,-0.13923589885234836,-0.06146549704830799,61.5,30.065705128205128,-0.02053528878351921,-0.14468822010468554,CAR,0,51.5,25.46306306306306,0.65625
2022,4,2022_04_MIN_NO,NO,58,31.0,28.64516129032258,-0.09615538168597858,0.1761418449687667,62.333333333333336,27.992521367521366,-0.060102158806462254,-0.11694731241922636,MIN,0,61.666666666666664,32.21239837398374,0.5344827586206896
2022,5,2022_05_SEA_NO,NO,70,27.0,29.05263157894737,-0.1931437038037242,0.09310855429365938,61.25,28.15568134822167,-0.06911546452634133,-0.04367502307222809,SEA,0,55.75,29.5281045751634,0.38571428571428573
2022,6,2022_06_CIN_NO,NO,71,37.0,27.727272727272727,-0.1274257848660152,0.10855099157776014,64.5,27.950089242958512,-0.11426818478033196,-0.04927680239852966,CIN,0,62.5,28.30569945781343,0.5211267605633803
2022,7,2022_07_NO_ARI,NO,70,52.0,31.115384615384617,-0.08613713422129231,0.031303871278924894,65.75,27.317804860674133,-0.1389901923020166,0.07908397344796957,ARI,0,71.75,27.5596975393028,0.7428571428571429
2022,8,2022_08_LV_NO,NO,63,31.0,36.333333333333336,0.039745639477457274,0.14654594202664287,67.25,29.135112552981823,-0.12571550114425256,0.10227631552977778,LV,3,62.0,28.30395299145299,0.49206349206349204
2022,9,2022_09_BAL_NO,NO,49,35.0,25.1,-0.0030220380196204007,-0.15926626935933105,68.5,31.05715556373451,-0.0917402458533936,0.09487733979424683,BAL,-3,62.75,30.06673669467787,0.7142857142857143
2022,10,2022_10_NO_PIT,NO,45,31.0,25.387096774193548,-0.042600625753402725,-0.2906192425521427,63.25,30.06899766899767,-0.04420982940736766,0.03178363388099922,PIT,-8,67.25,30.90190642690643,0.6888888888888889
2022,11,2022_11_LA_NO,NO,54,32.0,33.75,0.020122705399990105,0.08929931240022615,56.75,29.483953680727875,-0.023003539629214538,-0.0680089246514765,LA,0,57.25,29.968385138146168,0.5925925925925926
2022,12,2022_12_NO_SF,NO,53,35.0,22.8,0.03715201192780541,-0.2686367696947375,52.75,30.142607526881722,0.0035614202761060634,-0.05351006437115119,SF,1,61.75,30.41722709551657,0.660377358490566
2022,13,2022_13_NO_TB,NO,56,32.0,28.523809523809526,-0.1040167361497879,-0.0299348366652412,50.25,26.75927419354839,0.0029130133886930967,-0.15730574230149627,TB,0,68.5,28.80171337026176,0.5714285714285714
2022,15,2022_15_ATL_NO,NO,54,21.0,34.94444444444444,-0.057627925560587864,0.05232051394435723,52.0,27.61522657450077,-0.02233566114384878,-0.1249728841279738,ATL,-1,53.75,27.06786398467433,0.3888888888888889
2022,16,2022_16_NO_CLE,NO,53,15.0,31.763157894736842,-0.32142970067533577,-0.11474032636255854,54.25,30.004563492063493,-0.026092486095645066,-0.03923794500384883,CLE,-1,65.75,29.414420062695925,0.2830188679245283
2022,17,2022_17_NO_PHI,NO,64,31.0,34.96153846153846,-0.11149659798000797,-0.06437376843808472,54.0,29.507852965747702,-0.11148058761447653,-0.090247854694545,PHI,0,67.5,24.27597965097965,0.484375
2022,18,2022_18_CAR_NO,NO,58,26.0,33.1,-0.20900430511205634,-0.18292907260661334,56.75,32.54823758113232,-0.1486427400914299,-0.039182104380381805,CAR,0,59.0,29.633503445084326,0.4482758620689655
2023,3,2023_03_NO_GB,NO,60,38.0,28.785714285714285,-0.04089672863483426,-0.055163923135694876,66.5,25.839089481946623,0.01648407784386998,-0.02713070137897501,GB,-1,53.0,30.813275434243177,0.6333333333333333
2023,4,2023_04_TB_NO,NO,60,43.0,27.8125,0.027821299668989694,-0.36570659362559527,64.33333333333333,26.821297749869178,-0.0026428576490314334,-0.03647510863121497,TB,1,58.666666666666664,27.275351922317174,0.7166666666666667
2023,5,2023_05_NO_NE,NO,66,30.0,28.0,-0.05214436273825808,0.023541691813879786,63.25,27.069098312401884,0.004973181680473848,-0.11878297987981004,NE,0,68.25,29.31797924297924,0.45454545454545453
2023,6,2023_06_NO_HOU,NO,78,53.0,22.864864864864863,0.03415790200233464,0.03552278974987882,64.25,27.588329081632654,-0.012250166687114143,-0.08942136495954699,HOU,0,64.25,27.74398148148148,0.6794871794871795
2023,7,2023_07_JAX_NO,NO,88,60.0,30.666666666666668,-0.0009601077307826275,-0.12696912491423318,66.0,26.865769787644787,-0.007765472425442002,-0.0904515087993829,JAX,0,67.5,30.099376114081995,0.6818181818181818
2023,8,2023_08_NO_IND,NO,65,31.0,29.727272727272727,-0.01800870966343664,0.3330238639129551,73.0,27.336007882882882,0.002218682800570907,-0.10840280924401746,IND,3,65.25,30.203548534798532,0.47692307692307695
2023,9,2023_09_CHI_NO,NO,61,36.0,29.914285714285715,-0.019846360857893704,-0.06319434557180693,74.25,27.81470106470106,-0.009238819532535678,0.06627980514062012,CHI,0,64.25,28.83100111389585,0.5901639344262295
2023,10,2023_10_NO_MIN,NO,63,47.0,28.625,0.06640561238715534,-0.049045615063053626,73.0,28.293272493272493,-0.001164319062444583,0.04459579579419845,MIN,0,64.5,27.436153846153847,0.746031746031746
2023,12,2023_12_NO_ATL,NO,66,40.0,29.153846153846153,-0.0886683275504989,-0.04450658866049273,69.25,29.73330627705628,0.006897608533760591,0.023453694590965336,ATL,0,65.0,27.85678861788618,0.6060606060606061
2023,13,2023_13_DET_NO,NO,66,31.0,34.833333333333336,-0.05773387352625545,-0.036222286476527525,63.75,29.355101148851148,-0.015029446421168477,0.04406932865440045,DET,-3,69.5,26.374287994936854,0.4696969696969697
2023,14,2023_14_CAR_NO,NO,50,27.0,34.75,-0.08963105320930477,-0.19093744698670212,64.0,30.631616300366304,-0.02496073738687318,-0.048242208942970204,CAR,0,63.0,27.618579591140566,0.54
2023,15,2023_15_NYG_NO,NO,55,30.0,31.741935483870968,0.0059403134243829385,0.08767844235863627,61.25,31.840544871794872,-0.042406910474725945,-0.080177984296694,NYG,1,52.75,29.652664002664004,0.5454545454545454
2023,16,2023_16_NO_LA,NO,58,44.0,26.105263157894736,0.010396121636680912,-0.05253126826724224,59.25,32.61977874276261,-0.05752323521541904,-0.04599696994127153,LA,0,68.5,29.960320881226053,0.7586206896551724
2023,17,2023_17_NO_TB,NO,67,35.0,34.03846153846154,-0.08349730987702643,0.07343507179775992,57.25,31.85763299377476,-0.03275712291862409,-0.048003139842958904,TB,3,62.75,31.54617453411755,0.5223880597014925
2023,18,2023_18_ATL_NO,NO,66,31.0,30.96969696969697,-0.11461662171885023,0.2054833860913079,57.5,31.658915045056812,-0.03919798200631684,-0.020588800274387045,ATL,0,60.25,29.313190365668813,0.4696969696969697
2024,3,2024_03_PHI_NO,NO,55,28.0,31.037037037037038,-0.15082189835169732,-0.202467329516596,57.5,35.16666666666667,-0.1422388502914045,0.33353622553462053,PHI,1,70.5,30.81904761904762,0.509090909090909
2024,4,2024_04_NO_ATL,NO,70,38.0,29.444444444444443,-0.08298606805655417,0.0601487344358724,56.666666666666664,33.79012345679013,-0.14509986631150212,0.1548683738508817,ATL,0,53.666666666666664,28.431324725011958,0.5428571428571428
2024,5,2024_05_NO_KC,NO,51,38.0,23.05263157894737,0.03974223746494814,-0.09970358937325928,60.0,32.7037037037037,-0.12957141674776512,0.13118846399712936,KC,0,58.25,28.431254300787522,0.7450980392156863
2024,6,2024_06_TB_NO,NO,66,48.0,24.566666666666666,0.014035826310133328,-0.4109091258823091,57.25,30.279361598440545,-0.07899034576757631,0.05480756971837086,TB,-4,56.25,31.851629273504273,0.7272727272727273
2024,7,2024_07_DEN_NO,NO,65,48.0,24.5,0.04391665756702426,-0.3565980110148325,60.5,27.02519493177388,-0.045007475658292516,-0.16323282758407298,DEN,0,56.25,28.014161220043572,0.7384615384615385
2024,8,2024_08_NO_LAC,NO,68,49.0,21.142857142857142,-0.037412097624370005,-0.19930524057083412,63.0,25.390935672514622,0.003677163321387889,-0.20176549795863213,LAC,4,58.25,32.07143423025776,0.7205882352941176
2024,9,2024_09_NO_CAR,NO,75,34.0,28.155555555555555,-0.17270644810402172,0.12825395045611504,62.5,23.315538847117793,0.015070655929433931,-0.2666289917103088,CAR,0,55.5,31.102450980392156,0.4533333333333333
2024,10,2024_10_ATL_NO,NO,51,27.0,26.347826086956523,-0.11984710892041535,0.0038524610726947445,68.5,24.59126984126984,-0.03804151546280853,-0.2096396067529652,ATL,0,62.25,27.654901960784315,0.5294117647058824
2024,11,2024_11_CLE_NO,NO,56,30.0,32.94117647058823,-0.027179917151277724,0.3113062858423551,64.75,25.036559696342305,-0.07151224927044571,-0.10594921001421422,CLE,-7,68.25,28.72094612704369,0.5357142857142857
2024,13,2024_13_LA_NO,NO,69,40.0,27.146341463414632,-0.06992644257843489,-0.05673674651888141,62.5,27.146853813989363,-0.08928639295002119,0.06102686420008269,LA,7,60.75,28.12359243697479,0.5797101449275363
2024,14,2024_14_NO_NYG,NO,65,34.0,32.31111111111111,-0.059203974762052816,-0.0819725183394936,62.75,28.647724894128736,-0.09741497918853742,0.09666898771307086,NYG,-3,61.5,31.3592032967033,0.5230769230769231
2024,15,2024_15_WAS_NO,NO,51,36.0,26.7,-0.1108546365391125,-0.08749075938621816,60.25,29.686613783017627,-0.0690393608530452,0.04411237051416871,WAS,-7,66.5,28.0375,0.7058823529411765
2024,16,2024_16_NO_GB,NO,53,38.0,29.0,-0.033544937769571945,-0.3494658540365426,60.25,29.774657261278495,-0.06679124275771949,0.02127656539944048,GB,0,56.25,31.018341307814993,0.7169811320754716
2024,17,2024_17_LV_NO,NO,53,42.0,23.458333333333332,0.008540436625480673,-0.28024948803666727,59.5,28.789363143631437,-0.06838249791229303,-0.14391646957028395,LV,-1,63.5,28.87648185483871,0.7924528301886793
2024,18,2024_18_NO_TB,NO,63,45.0,26.53488372093023,0.03187277287244798,0.002094358297815979,55.5,27.867361111111112,-0.04876577811131415,-0.19979465494973042,TB,0,66.75,30.596296296296295,0.7142857142857143
2025,3,2025_03_NO_SEA,NO,70,45.0,24.333333333333332,-0.024605466259850193,-0.119150334676399,67.0,24.567567567567565,-0.03666758308488126,-0.05976444706293599,SEA,0,56.5,27.65674418604651,0.6428571428571429
2025,4,2025_04_NO_BUF,NO,66,35.0,25.055555555555557,-0.13333791876450563,-0.09360413658291655,68.0,24.48948948948949,-0.03264687747653757,-0.07955974293409034,BUF,-3,67.0,30.092539682539684,0.5303030303030303
2025,5,2025_05_NYG_NO,NO,61,32.0,21.75,-0.08044185241063441,0.04840769551918847,67.5,24.631006006006004,-0.05781963779852958,-0.08307084134629689,NYG,0,64.5,28.217580312407897,0.5245901639344263
2025,6,2025_06_NE_NO,NO,51,30.0,28.444444444444443,-0.0562618669122457,-0.04114743442538717,66.0,24.41985735735736,-0.06979076647318344,-0.060555420722211505,NE,0,56.25,30.740854865854867,0.5882352941176471
2025,7,2025_07_NO_CHI,NO,53,37.0,21.785714285714285,-0.034402124583721126,-0.29681739717672334,62.0,24.895833333333336,-0.07366177608680899,-0.05137355254137857,CHI,1,60.5,24.800620254567622,0.6981132075471698
2025,8,2025_08_TB_NO,NO,70,60.0,28.391304347826086,0.15330366348778754,-0.47267122273269613,57.75,24.25892857142857,-0.07611094066777672,-0.09579031816645965,TB,1,60.25,28.837618239146256,0.8571428571428571
2025,9,2025_09_NO_LA,NO,39,25.0,27.714285714285715,0.1246863272455005,-0.3207671691376996,58.75,25.092865769496207,-0.004450545104703427,-0.19055708970390456,LA,-7,59.25,27.59671052631579,0.6410256410256411
2025,10,2025_10_NO_CAR,NO,64,31.0,30.94736842105263,-0.0613638497889042,0.16176368779471506,53.25,26.583937198067634,0.046831499809330296,-0.28285080586812655,CAR,0,60.75,29.740904461363787,0.484375
2025,12,2025_12_ATL_NO,NO,78,52.0,25.152173913043477,-0.04924286246299743,-0.27482358596316864,56.5,27.20966819221968,0.04555600409016568,-0.23212302531310103,ATL,7,55.0,29.47441300717163,0.6666666666666666
2025,13,2025_13_NO_MIA,NO,71,46.0,29.714285714285715,-0.01624168718562419,-0.16475911940846238,62.75,28.05128309905198,0.0418458196203466,-0.22662457250971235,MIA,-7,57.75,33.39313903487817,0.647887323943662
2025,14,2025_14_NO_TB,NO,53,24.0,27.161290322580644,-0.16887349145753042,0.018192071700583914,63.0,28.382028440666883,-0.0005405180480063344,-0.1496465466786539,TB,0,64.25,30.044581807081805,0.4528301886792453
2025,15,2025_15_CAR_NO,NO,61,40.0,29.37837837837838,-0.07896732029161954,0.10643883001799229,66.5,28.243779592740616,-0.07393047272376406,-0.06490673646908302,CAR,-7,57.25,31.63424988753936,0.6557377049180327
2025,16,2025_16_NYJ_NO,NO,77,54.0,23.462962962962962,0.10129526220872755,-0.005796187007592069,65.75,27.851532082072055,-0.07833134034944289,-0.0787379509132637,NYJ,0,61.0,28.777803030303026,0.7012987012987013
2025,17,2025_17_NO_TEN,NO,51,31.0,30.61111111111111,0.04385812309655269,0.24544763631604474,65.5,27.429229344551928,-0.04069680918151165,-0.011481101174369563,TEN,0,59.0,28.89541860408796,0.6078431372549019
2025,18,2025_18_NO_ATL,NO,65,42.0,27.82051282051282,0.006941167513529458,-0.11437933394057467,60.5,27.653435693758276,-0.025671856610967436,0.09107058775675722,ATL,1,63.25,28.758185787048266,0.6461538461538462
2022,3,2022_03_DAL_NYG,NYG,67,49.0,26.523809523809526,0.07950148044847975,-0.06829858489149457,64.0,28.734375,0.026911920103270603,-0.05954348898948848,DAL,0,60.5,28.136904761904763,0.7313432835820896
2022,4,2022_04_CHI_NYG,NYG,61,22.0,27.516129032258064,-0.18168292366541347,0.07097742197445614,65.0,27.99751984126984,0.04444177355167365,-0.06246185429015718,CHI,-1,51.333333333333336,27.674414927261225,0.36065573770491804
2022,5,2022_05_NYG_GB,NYG,56,31.0,31.916666666666668,-0.1614110309344072,0.28341039412968,64.0,27.8771721390169,-0.012089400752598123,-0.02910203522400385,GB,0,63.75,31.202575202575204,0.5535714285714286
2022,6,2022_06_BAL_NYG,NYG,59,32.0,28.96969696969697,-0.09268945384593236,0.1271439138246467,63.0,29.231338805683563,-0.037703044790718655,0.03702981284823231,BAL,0,58.25,32.60114942528736,0.5423728813559322
2022,7,2022_07_NYG_JAX,NYG,70,36.0,26.204545454545453,-0.02108595291009318,0.16958020949109062,60.75,28.731575548107806,-0.08907048199931832,0.10330828625932206,JAX,0,62.75,27.528877005347596,0.5142857142857142
2022,8,2022_08_NYG_SEA,NYG,64,39.0,30.058823529411764,-0.14848439060151578,-0.10184879519542402,61.5,28.65175953079179,-0.11421734033896155,0.16277798485496836,SEA,0,59.5,25.58668056081849,0.609375
2022,10,2022_10_HOU_NYG,NYG,66,23.0,24.352941176470587,-0.1468401242047548,0.14421190018946126,62.25,29.287433155080215,-0.10591770707298712,0.11957143056249833,HOU,4,56.75,32.99594474153298,0.3484848484848485
2022,11,2022_11_DET_NYG,NYG,73,49.0,28.37037037037037,-0.1386696522434553,-0.021950113754327455,64.75,27.396501782531196,-0.10227498039057402,0.08477180707744364,DET,0,57.0,28.78864560578873,0.6712328767123288
2022,12,2022_12_NYG_DAL,NYG,56,36.0,27.73076923076923,0.04874246290751871,-0.06909114040541858,68.25,27.246670132699546,-0.11377002998995475,0.0474983001827001,DAL,0,65.25,27.22044801462905,0.6428571428571429
2022,13,2022_13_WAS_NYG,NYG,62,38.0,26.862068965517242,-0.19515640536944076,-0.10025252306204621,64.75,27.62822607675549,-0.09631292603555179,-0.012169537291427203,WAS,3,65.75,30.322810117810118,0.6129032258064516
2022,14,2022_14_PHI_NYG,NYG,64,44.0,25.444444444444443,0.05493487583266351,-0.05947608684732432,64.25,26.829037435781856,-0.10798092972753304,-0.011770469258082752,PHI,0,62.75,24.223967156032373,0.6875
2022,15,2022_15_NYG_WAS,NYG,59,34.0,29.233333333333334,0.024194661527872016,0.07181892093230968,63.75,27.101913252775322,-0.057537179718178455,-0.06269246601727914,WAS,-7,71.0,31.394560439560436,0.576271186440678
2022,16,2022_16_NYG_MIN,NYG,67,50.0,29.4,0.06772348738234975,0.024351611119021056,60.25,27.31765399351606,-0.016821101275346625,-0.03925020734561986,MIN,-1,69.5,26.86353726215645,0.746268656716418
2022,17,2022_17_IND_NYG,NYG,61,28.0,32.82608695652174,-0.023809108596581717,0.20803960644170544,63.0,27.734961685823755,-0.012075845156638863,-0.015889519464509956,IND,2,64.75,27.003717105263156,0.45901639344262296
2022,18,2022_18_NYG_PHI,NYG,64,45.0,27.444444444444443,-0.02991410493850701,-0.0017186217959182723,62.75,29.22596618357488,0.030760979036575896,0.061183512911427956,PHI,0,64.0,27.832797832797834,0.703125
2023,3,2023_03_NYG_SF,NYG,47,37.0,25.8,0.12532557381523982,-0.23185748663297423,66.0,30.87179487179487,0.012394185177981899,-0.11933666265280271,SF,0,58.5,31.734615384615388,0.7872340425531915
2023,4,2023_04_SEA_NYG,NYG,74,51.0,32.0,-0.01848385638968886,-0.4532766870056068,59.666666666666664,29.181196581196584,0.0500379813904012,-0.15684360397952654,SEA,3,60.0,26.90833333333333,0.6891891891891891
2023,5,2023_05_NYG_MIA,NYG,68,43.0,35.375,-0.09342369586229331,-0.16425444445177892,63.25,29.885897435897437,0.03290752194537869,-0.23095187473604661,MIA,-1,63.0,29.82847222222222,0.6323529411764706
2023,6,2023_06_NYG_BUF,NYG,71,42.0,29.285714285714285,-0.015800809487700476,-0.1563406754905502,64.0,31.460416666666667,-0.008047989814587927,-0.15674980315336656,BUF,0,60.25,30.910576923076924,0.5915492957746479
2023,7,2023_07_WAS_NYG,NYG,62,36.0,26.0,-0.04504936452834838,-0.05117553533921481,65.0,30.615178571428572,-0.000595696981110708,-0.25143232339522753,WAS,0,60.25,30.059294871794872,0.5806451612903226
2023,8,2023_08_NYJ_NYG,NYG,70,24.0,27.675675675675677,-0.24830651926059352,-0.37252179893573184,68.75,30.665178571428577,-0.043189431567007754,-0.20626183557178768,NYJ,-7,59.5,28.7000777000777,0.34285714285714286
2023,9,2023_09_NYG_LV,NYG,63,43.0,27.454545454545453,0.01679682075977327,-0.39015385567691824,67.75,29.584097490347496,-0.10064509728473392,-0.18607311355431894,LV,1,57.25,31.782894736842106,0.6825396825396826
2023,10,2023_10_NYG_DAL,NYG,54,37.0,31.545454545454547,-0.048011245330174715,-0.2504114897712004,66.5,27.603983853983856,-0.07308996812921727,-0.24254796636060377,DAL,0,59.25,27.00578304597701,0.6851851851851852
2023,11,2023_11_NYG_WAS,NYG,54,36.0,25.933333333333334,0.14806798791013112,-0.022890550747692966,62.25,28.168918918918926,-0.08114257708983584,-0.2660656699307663,WAS,0,68.25,28.080047928262214,0.6666666666666666
2023,12,2023_12_NE_NYG,NYG,49,33.0,29.846153846153847,0.043043521674055694,-0.2423258334152832,60.25,28.152252252252257,-0.03286323898021595,-0.2589944237828859,NE,-7,59.0,31.294238437001596,0.673469387755102
2023,14,2023_14_GB_NYG,NYG,54,27.0,31.285714285714285,-0.008438349133584603,0.009935958959670501,55.0,28.694871794871798,0.039974271253446346,-0.2264454324027737,GB,7,62.75,32.940698757763975,0.5
2023,15,2023_15_NYG_NO,NYG,60,46.0,23.25,0.017862823079614027,-0.3010920882446754,52.75,29.652664002664004,0.03366547878010688,-0.12642297874362654,NO,-1,61.25,31.840544871794872,0.7666666666666667
2023,16,2023_16_NYG_PHI,NYG,58,33.0,36.36363636363637,0.05718794266382866,-0.06430624724016036,54.25,27.57880036630037,0.05013399588255406,-0.13909312836199528,PHI,1,63.75,28.85585598896769,0.5689655172413793
2023,17,2023_17_LA_NYG,NYG,67,50.0,28.6,0.060062494033422245,-0.06790670621118004,55.25,30.18637612387613,0.027413984570978444,-0.14944705248511211,LA,-4,68.5,28.502410130718953,0.746268656716418
2023,18,2023_18_PHI_NYG,NYG,66,41.0,32.45,0.03829654678702347,0.0883382268613142,59.75,29.87483766233767,0.03166872766082009,-0.10584227068408633,PHI,0,60.5,29.389954991816694,0.6212121212121212
2024,3,2024_03_NYG_CLE,NYG,66,39.0,30.724137931034484,0.01149723876048536,0.04435736410041127,60.5,25.94272445820433,-0.09519812422139305,-0.12919815749445113,CLE,0,67.5,26.414956011730204,0.5909090909090909
2024,4,2024_04_DAL_NYG,NYG,64,41.0,29.794871794871796,-0.06992367439799838,-0.04494051165357953,62.333333333333336,27.53652894914772,-0.05963300322743358,-0.07134631696283034,DAL,0,65.33333333333333,27.38795518207283,0.640625
2024,5,2024_05_NYG_SEA,NYG,70,39.0,33.73913043478261,0.010992910103364424,0.013006962179552444,62.75,28.101114660578737,-0.06220567102007478,-0.06474486563551764,SEA,4,64.75,24.604393526920752,0.5571428571428572
2024,6,2024_06_CIN_NYG,NYG,71,43.0,27.435897435897434,0.02287656480961666,-0.13743570619927656,63.25,28.91747621664281,-0.037394732076558655,0.02781742815651606,CIN,0,62.5,26.65160601047698,0.6056338028169014
2024,7,2024_07_PHI_NYG,NYG,54,39.0,27.0,0.15171141028404242,-0.42661412718492403,67.75,30.42350939914658,-0.0061392401811329825,-0.0312529728932231,PHI,0,61.5,29.16216216216216,0.7222222222222222
2024,8,2024_08_NYG_PIT,NYG,68,44.0,24.483870967741936,-0.14586851447820665,0.043494613495584984,64.75,29.49247491638796,0.028914302699756284,-0.1489958457145569,PIT,0,62.75,26.84024577572965,0.6470588235294118
2024,9,2024_09_WAS_NYG,NYG,61,31.0,32.61538461538461,-0.23778365179896352,0.10500855010039499,65.75,28.164724709605494,0.009928092679704216,-0.12688706442726577,WAS,-1,63.5,26.327986633249793,0.5081967213114754
2024,10,2024_10_NYG_CAR,NYG,71,40.0,31.607142857142858,-0.06179875767592228,-0.12398125862417506,63.5,27.883788254755995,-0.05226604779587777,-0.10388666744705514,CAR,0,53.25,29.694117647058825,0.5633802816901409
2024,12,2024_12_TB_NYG,NYG,55,40.0,35.75,-0.09839953549883586,-0.2526268650375478,63.5,28.926599610067353,-0.07343487841726251,-0.10052305555327976,TB,0,64.75,33.04890583554376,0.7272727272727273
2024,13,2024_13_NYG_DAL,NYG,59,41.0,25.464285714285715,-0.04626997891399599,-0.22846491891259063,63.75,31.114099610067353,-0.13596261486298208,-0.05702624001643569,DAL,0,67.5,26.774803921568626,0.6949152542372882
2024,14,2024_14_NO_NYG,NYG,74,56.0,21.428571428571427,0.013928564886252085,-0.1331109222964618,61.5,31.3592032967033,-0.1110629809719294,-0.1250161231184796,NO,3,62.75,28.647724894128736,0.7567567567567568
2024,15,2024_15_BAL_NYG,NYG,59,40.0,30.31578947368421,-0.018985407596284722,-0.228196342456474,64.75,28.5625,-0.04813492680062551,-0.1845459912176938,BAL,-7,60.5,27.963374264434457,0.6779661016949152
2024,16,2024_16_NYG_ATL,NYG,55,42.0,35.1,0.12358999473077287,-0.4291385673378086,61.75,28.23966165413534,-0.037431589280716125,-0.21059976217576853,ATL,1,65.0,30.5207205988456,0.7636363636363637
2024,17,2024_17_IND_NYG,NYG,49,24.0,31.4,-0.21699585593663723,0.3768035532097897,61.75,28.077161654135338,0.01806579327668606,-0.25472768775083376,IND,0,60.0,29.60595238095238,0.4897959183673469
2024,18,2024_18_NYG_PHI,NYG,54,29.0,35.074074074074076,-0.17026581001632363,-0.11874411212082465,59.25,29.56109022556391,-0.02461567597897425,-0.10341056972023864,PHI,0,65.0,27.17491582491582,0.5370370370370371
2025,3,2025_03_KC_NYG,NYG,61,38.0,27.82758620689655,-0.179282299708575,-0.2496859000924146,63.5,28.63247863247863,0.08478837935697463,-0.009720734225846003,KC,0,57.5,30.135135135135137,0.6229508196721312
2025,4,2025_04_LAC_NYG,NYG,70,30.0,27.77777777777778,-0.0729762967675924,-0.1453065433353784,62.666666666666664,28.364181157284605,-0.0032351803315419183,-0.08970912284803552,LAC,0,64.0,28.18528421469598,0.42857142857142855
2025,5,2025_05_NYG_NO,NYG,69,45.0,28.641025641025642,0.0010201964866030971,-0.2907236500295637,64.5,28.217580312407897,-0.02067045944055454,-0.10360847796987124,NO,0,67.5,24.631006006006004,0.6521739130434783
2025,6,2025_06_PHI_NYG,NYG,64,33.0,24.02857142857143,0.0064476315791789736,0.25234636336153937,66.25,28.2667256115532,-0.04443638231534737,-0.11600833918367037,PHI,0,57.75,26.60566875653083,0.515625
2025,7,2025_07_NYG_DEN,NYG,70,38.0,25.8,0.10617298403611554,0.12273264830063242,66.0,27.06874026356785,-0.06119769210259633,-0.10834243252395431,DEN,3,62.5,27.086090686274513,0.5428571428571428
2025,8,2025_08_NYG_PHI,NYG,49,31.0,30.473684210526315,-0.04013359953056684,0.09014255693196313,68.25,26.561843711843714,0.010166128833576302,-0.01523779542569256,PHI,0,54.0,28.952553552769068,0.6326530612244898
2025,9,2025_09_SF_NYG,NYG,56,39.0,22.8,-0.014349614237916931,0.1701477025289472,63.0,27.235820320030847,0.018376803142832694,0.04362447964114283,SF,0,64.5,25.494309148720912,0.6964285714285714
2025,10,2025_10_NYG_CHI,NYG,70,43.0,26.0,-0.004345175623893714,0.004792117532313243,59.75,25.775563909774437,0.014534350461702686,0.15884231778077054,CHI,0,65.75,26.873172514619885,0.6142857142857143
2025,11,2025_11_GB_NYG,NYG,68,31.0,31.390243902439025,-0.17611767992723815,0.1518439626340887,61.25,26.26842105263158,0.011836148660934513,0.09695375632346401,GB,1,60.75,28.28780241935484,0.45588235294117646
2025,12,2025_12_NYG_DET,NYG,76,39.0,28.305555555555557,-0.0777310798334521,0.11667236768513418,60.75,27.665982028241334,-0.05873651732990391,0.10423158490682807,DET,0,63.5,28.884844054580896,0.5131578947368421
2025,13,2025_13_NYG_NE,NYG,54,31.0,26.75,-0.1444683949152629,-0.10817574793003802,67.5,27.123949864498645,-0.06813588740562523,0.11086403759512084,NE,0,62.25,29.93958088523306,0.5740740740740741
2025,15,2025_15_WAS_NYG,NYG,67,44.0,24.785714285714285,-0.02304666468075338,0.02027334797056544,67.0,28.111449864498645,-0.10066558257496172,0.04128317498037454,WAS,6,62.5,26.081730769230766,0.6567164179104478
2025,16,2025_16_MIN_NYG,NYG,48,19.0,28.483870967741936,-0.2434335459728499,-0.37904695331184296,66.25,27.807878435927215,-0.10534095483917663,0.04515348258993759,MIN,0,50.25,28.954326923076923,0.3958333333333333
2025,17,2025_17_NYG_LV,NYG,60,35.0,29.42105263157895,0.037941690534353305,0.23922356683374646,61.25,27.081285202252943,-0.12216992135057958,-0.08756924639654533,LV,0,46.75,28.366035353535356,0.5833333333333334
2025,18,2025_18_DAL_NYG,NYG,70,41.0,23.266666666666666,-0.006411941427933533,0.13465806505958802,57.25,27.36015947125879,-0.09325172875862824,-0.056931446609392256,DAL,-3,72.25,26.175466765883765,0.5857142857142857
2022,3,2022_03_CIN_NYJ,NYJ,76,56.0,32.23809523809524,-0.024442794422308612,-0.32115505356963814,72.5,26.39516129032258,-0.029847320356935044,0.036721189311358385,CIN,0,81.0,31.555555555555557,0.7368421052631579
2022,4,2022_04_NYJ_PIT,NYJ,67,40.0,29.466666666666665,-0.07703585496970589,0.037477785505773166,73.66666666666667,28.34280593958013,-0.028045811712059568,-0.08257089164897378,PIT,-3,57.666666666666664,30.381119465329988,0.5970149253731343
2022,5,2022_05_MIA_NYJ,NYJ,53,24.0,33.03225806451613,-0.03421886914815661,0.13641572089479503,72.0,28.623771121351766,-0.04029332252647115,-0.05255872236028705,MIA,-3,56.25,31.640272556390975,0.4528301886792453
2022,6,2022_06_NYJ_GB,NYJ,50,21.0,32.083333333333336,-0.0061445021454025655,0.029554817810577734,65.5,29.80925499231951,-0.053361386844764824,0.0318673246988869,GB,0,64.25,30.322330447330447,0.42
2022,7,2022_07_NYJ_DEN,NYJ,52,32.0,23.08,0.009009863879229588,-0.13980484119539105,61.5,31.705088325652845,-0.03546050517139342,-0.029426682339623055,DEN,1,60.0,28.136887508626636,0.6153846153846154
2022,8,2022_08_NE_NYJ,NYJ,58,43.0,24.96153846153846,0.04378697539077089,-0.11689618751009362,55.5,29.41556451612903,-0.02709734059600887,0.015910870753938718,NE,1,55.25,28.7484068627451,0.7413793103448276
2022,9,2022_09_BUF_NYJ,NYJ,60,29.0,30.428571428571427,-0.024542195267147494,0.0655201610708818,53.25,28.28928246484698,0.003108366994110325,-0.022682622500027977,BUF,0,58.5,28.535678294573643,0.48333333333333334
2022,11,2022_11_NYJ_NE,NYJ,49,29.0,22.2,-0.08149316556313456,-0.41999006334202826,55.0,27.638360805860806,0.005527535464362604,-0.04040651245600629,NE,0,60.5,27.467908141517476,0.5918367346938775
2022,12,2022_12_CHI_NYJ,NYJ,60,30.0,30.344827586206897,-0.06401483288833072,0.24551404088500725,54.75,25.167527472527468,-0.013309630390070396,-0.15279273274415778,CHI,0,66.75,30.76677489177489,0.5
2022,13,2022_13_NYJ_MIN,NYJ,83,60.0,26.125,0.039006946342332,-0.051180423043355246,56.75,26.983734369079198,-0.03156580458196047,-0.0564630122240582,MIN,-3,65.5,28.878009418320968,0.7228915662650602
2022,14,2022_14_NYJ_BUF,NYJ,73,51.0,29.025641025641026,-6.114112006184847e-06,-0.16866227625374686,63.0,27.27459975369458,-0.032760811844070196,-0.04003407110737361,BUF,-3,69.0,26.779646910160142,0.6986301369863014
2022,15,2022_15_DET_NYJ,NYJ,61,40.0,26.78787878787879,-0.028832293692089235,-0.06659240446396648,66.25,26.92386715296198,-0.02662679155528487,-0.09857968043853077,DET,0,67.25,27.56824494949495,0.6557377049180327
2022,16,2022_16_JAX_NYJ,NYJ,56,40.0,21.31578947368421,0.030853899924651484,-0.28826793301180187,69.25,28.070836849931677,-0.013461573587523536,-0.010230265719015325,JAX,0,63.75,28.165284062342884,0.7142857142857143
2022,17,2022_17_NYJ_SEA,NYJ,67,50.0,26.8,-0.027396095149657292,-0.322986228727292,68.25,25.813577321801006,0.010255609615722016,-0.14367575919321762,SEA,2,62.75,27.25243271221532,0.746268656716418
2022,18,2022_18_NYJ_MIA,NYJ,53,33.0,28.962962962962962,-0.12668629629271372,-0.14483493882409132,64.25,25.982327321801005,-0.006345150757275307,-0.2116272106142018,MIA,0,55.25,28.845562649910477,0.6226415094339622
2023,3,2023_03_NE_NYJ,NYJ,60,39.0,33.09090909090909,-0.22170422459021213,-0.3731904517918409,48.0,28.944444444444443,-0.032781242009471544,-0.31498405993052275,NE,0,74.5,26.164529914529915,0.65
2023,4,2023_04_KC_NYJ,NYJ,58,42.0,25.0,0.09875496583325524,0.020231388182711443,52.0,30.326599326599325,-0.09575556953638507,-0.33438619055096214,KC,0,65.33333333333333,28.17516225903323,0.7241379310344828
2023,5,2023_05_NYJ_DEN,NYJ,62,33.0,31.22222222222222,-0.09227179454432595,0.0026162901329111745,53.5,28.994949494949495,-0.047127935693975,-0.24573179586754373,DEN,0,56.25,32.823373538011694,0.532258064516129
2023,6,2023_06_PHI_NYJ,NYJ,58,41.0,25.487179487179485,0.05477279975362441,-0.137551233140751,56.25,28.57828282828283,-0.06213664761598789,-0.23322452384409492,PHI,0,74.75,27.882182645785587,0.7068965517241379
2023,8,2023_08_NYJ_NYG,NYJ,61,42.0,26.48148148148148,0.017743740975856744,-0.4133525790997827,59.5,28.7000777000777,-0.040112063386914615,-0.12197350165424231,NYG,7,68.75,30.665178571428577,0.6885245901639344
2023,9,2023_09_LAC_NYJ,NYJ,77,58.0,26.458333333333332,-0.09237639461794207,-0.3713671806112238,59.75,27.047720797720796,0.01974992800460261,-0.13201403348122775,LAC,0,61.25,30.702222222222222,0.7532467532467533
2023,10,2023_10_NYJ_LV,NYJ,63,46.0,23.82758620689655,-0.08610123032476849,-0.13154244095137757,64.5,27.412304131054128,-0.028032912108196716,-0.22991367567971158,LV,-1,56.75,32.63507727652464,0.7301587301587301
2023,11,2023_11_NYJ_BUF,NYJ,55,40.0,26.88888888888889,-0.04990598890516498,-0.37760150382448493,64.75,25.56364512722271,-0.02649027105330735,-0.26345335845078377,BUF,1,60.5,28.812776304155612,0.7272727272727273
2023,12,2023_12_MIA_NYJ,NYJ,55,45.0,26.833333333333332,-0.0013420346536134199,-0.3845972326044415,64.0,25.914072477650066,-0.0526599682180047,-0.32346592612171726,MIA,0,60.75,30.552518315018315,0.8181818181818182
2023,13,2023_13_ATL_NYJ,NYJ,67,43.0,28.685714285714287,-0.0920477310816447,-0.3492450431387668,62.5,26.002035440613028,-0.05743141212537224,-0.31627708949788197,ATL,2,64.25,27.94843137254902,0.6417910447761194
2023,14,2023_14_HOU_NYJ,NYJ,65,42.0,33.11538461538461,0.06716414732592439,-0.006837021773824421,60.0,26.558880678708263,-0.0573492462412979,-0.31074655512976773,HOU,0,65.25,28.30612501533554,0.6461538461538462
2023,15,2023_15_NYJ_MIA,NYJ,55,43.0,26.11111111111111,-0.0344949428524289,-0.5663793921909844,60.5,28.88083028083028,-0.019032901828624677,-0.27957020033537944,MIA,1,65.5,30.99117965367965,0.7818181818181819
2023,16,2023_16_WAS_NYJ,NYJ,85,51.0,25.6,0.24111294320651472,-0.23998283202580792,60.5,28.68638583638584,-0.015180140315440656,-0.3267646724270043,WAS,0,66.25,31.181691919191916,0.6
2023,17,2023_17_NYJ_CLE,NYJ,68,50.0,35.285714285714285,-0.054905268881055985,-0.17709796853202067,68.0,28.3780525030525,0.045433604149591376,-0.2906110722823459,CLE,0,71.0,28.33530701754386,0.7352941176470589
2023,18,2023_18_NYJ_NE,NYJ,64,21.0,31.216216216216218,-0.2832241480549177,-0.2307991038127716,68.25,30.028052503052503,0.05471921969973855,-0.24757430363065935,NE,3,53.25,31.11294117647059,0.328125
2024,3,2024_03_NE_NYJ,NYJ,70,40.0,35.166666666666664,0.056580078342686586,0.2564556206806316,52.5,30.220588235294116,-0.031145700535108872,-0.006857186581874515,NE,0,63.5,31.431578947368422,0.5714285714285714
2024,4,2024_04_DEN_NYJ,NYJ,70,51.0,25.5,0.02033723026514057,-0.28480938512520365,58.333333333333336,31.86928104575163,-0.0019037742425103883,0.0809137491722942,DEN,3,62.666666666666664,31.893162393162395,0.7285714285714285
2024,5,2024_05_NYJ_MIN,NYJ,71,57.0,24.0,0.09922640853457984,-0.33559866702078645,61.25,30.276960784313722,0.0036564768844023514,-0.010517034402080266,MIN,0,55.25,29.34868881118881,0.8028169014084507
2024,6,2024_06_BUF_NYJ,NYJ,59,38.0,31.25,-0.041217212875684084,0.18870879239171692,66.5,27.62990196078431,0.05090115068619536,-0.08207584661748024,BUF,0,54.25,28.357579185520365,0.6440677966101694
2024,7,2024_07_NYJ_PIT,NYJ,56,41.0,28.08823529411765,0.1459365536769232,-0.023287783072661838,67.5,28.979166666666664,0.03373162606668073,-0.04381090976841039,PIT,-1,62.0,27.899456302045436,0.7321428571428571
2024,8,2024_08_NYJ_NE,NYJ,58,30.0,29.666666666666668,-0.04585957527160643,0.10021236608975606,64.0,27.209558823529413,0.05607074490023989,-0.11374676070673374,NE,0,58.5,29.506666666666668,0.5172413793103449
2024,9,2024_09_HOU_NYJ,NYJ,54,34.0,28.333333333333332,0.017697911276373726,0.04756760713213152,61.0,28.25122549019608,0.03952154351605314,-0.01749132290299382,HOU,0,63.5,31.774172794117646,0.6296296296296297
2024,10,2024_10_NYJ_ARI,NYJ,55,38.0,32.94117647058823,-0.13563128262758253,-0.15724570151786887,56.75,29.33455882352941,0.01913941920150161,0.07830024563523567,ARI,3,56.75,29.13578869047619,0.6909090909090909
2024,11,2024_11_IND_NYJ,NYJ,52,33.0,33.15384615384615,-0.04445929566155307,-0.10101157170276044,55.75,29.75735294117647,-0.004464098236473004,-0.008188377842160782,IND,0,57.5,27.820308499743984,0.6346153846153846
2024,13,2024_13_SEA_NYJ,NYJ,62,42.0,30.692307692307693,0.012040167085586006,-0.27016031154503456,54.75,31.023755656108598,-0.05206306057109208,-0.027619324999685432,SEA,7,59.25,27.36644265232975,0.6774193548387096
2024,14,2024_14_NYJ_MIA,NYJ,63,42.0,29.416666666666668,0.097985063764182,0.2324546813383165,55.75,31.280165912518854,-0.03758812498179397,-0.12021249440838308,MIA,-3,61.25,34.63968253968254,0.6666666666666666
2024,15,2024_15_NYJ_JAX,NYJ,54,37.0,29.208333333333332,-0.042881647178105,0.39749838499044077,58.0,31.550999245852186,-0.0175163368598419,-0.07399072585683683,JAX,0,54.0,28.084722222222226,0.6851851851851852
2024,16,2024_16_LA_NYJ,NYJ,63,44.0,32.075,0.019889181236857952,-0.03264759123893502,57.75,30.61778846153846,0.005671072002527484,0.06469529577024058,LA,-3,62.5,32.47597040056718,0.6984126984126984
2024,17,2024_17_NYJ_BUF,NYJ,59,39.0,31.933333333333334,-0.001339804969335901,-0.20912926959246397,60.5,30.348076923076924,0.02175819122713024,0.08178629088619693,BUF,0,58.0,29.657436162870948,0.6610169491525424
2024,18,2024_18_MIA_NYJ,NYJ,63,40.0,26.72,0.09142973925918342,0.060140069045257365,59.75,30.658333333333335,0.018413198213399765,0.0970440513743396,MIA,0,61.5,29.726692662176532,0.6349206349206349
2025,3,2025_03_NYJ_TB,NYJ,61,46.0,23.04,0.03325242449839916,-0.18510991963156395,55.5,27.154654654654653,-0.12952629535917248,-0.041675129110570155,TB,1,64.0,27.690656565656568,0.7540983606557377
2025,4,2025_04_NYJ_MIA,NYJ,58,35.0,25.08695652173913,-0.16362302541732787,0.15883865643107678,57.333333333333336,25.7831031031031,-0.07526672207331526,-0.08948672595090142,MIA,-3,52.666666666666664,24.833333333333332,0.603448275862069
2025,5,2025_05_DAL_NYJ,NYJ,73,55.0,27.64,-0.010203718606914713,0.011919381357202897,57.5,25.609066457762108,-0.09735579790931842,-0.02740538035540687,DAL,-1,68.25,25.524848953728267,0.7534246575342466
2025,6,2025_06_DEN_NYJ,NYJ,57,29.0,26.857142857142858,-0.1516354375107344,-0.4206614677973193,59.75,25.052850241545894,-0.05279022124847245,-0.07741931323457335,DEN,0,62.25,27.290464743589745,0.5087719298245614
2025,7,2025_07_CAR_NYJ,NYJ,60,44.0,23.243243243243242,-0.06848457306623454,-0.25576603516145935,62.25,25.6560248447205,-0.07305243925914445,-0.10875333741015089,CAR,0,60.75,26.75297619047619,0.7333333333333333
2025,8,2025_08_NYJ_CIN,NYJ,70,38.0,32.0,-0.19631727863299214,0.3412436376629534,62.0,25.706835655531307,-0.09848668865030288,-0.12641736629262473,CIN,-3,57.5,24.818465909090907,0.5428571428571428
2025,10,2025_10_CLE_NYJ,NYJ,45,16.0,29.307692307692307,-0.20789942424744368,-0.29455701669196765,65.0,27.435096525096526,-0.10666025195421895,-0.08081612098465557,CLE,0,61.5,25.865566247883812,0.35555555555555557
2025,11,2025_11_NYJ_NE,NYJ,57,33.0,30.96153846153846,-0.16917947859599677,-0.08509738697760277,58.0,27.852019602019602,-0.15608417836435118,-0.15743522049694822,NE,0,61.75,31.794342789994964,0.5789473684210527
2025,12,2025_12_NYJ_BAL,NYJ,57,34.0,31.454545454545453,-0.17089856533627765,-0.17015552693500408,58.0,28.8781185031185,-0.16047018863566678,-0.0735442002920191,BAL,3,59.25,28.087290546849374,0.5964912280701754
2025,13,2025_13_ATL_NYJ,NYJ,62,41.0,28.24,0.06834753240857798,0.009249043064762322,57.25,30.930944055944053,-0.18607368670317756,-0.052141573235405275,ATL,0,56.5,28.10261813537676,0.6612903225806451
2025,14,2025_14_MIA_NYJ,NYJ,57,40.0,20.25,0.026336973905563388,-0.45283942731835786,55.25,29.990944055944055,-0.11990748394278501,-0.13514022188495303,MIA,0,55.5,32.17222994396907,0.7017543859649122
2025,15,2025_15_NYJ_JAX,NYJ,68,41.0,35.166666666666664,-0.05916360020637509,-0.15684513110884327,58.25,27.72652097902098,-0.06134838440453326,-0.1747108245415506,JAX,0,61.0,29.67276785714286,0.6029411764705882
2025,16,2025_16_NYJ_NO,NYJ,63,44.0,26.0,-0.06930674652795527,-0.3565103556337593,61.0,28.777803030303026,-0.03384441480712784,-0.19264776057436073,NO,0,65.75,27.851532082072055,0.6984126984126984
2025,17,2025_17_NE_NYJ,NYJ,63,35.0,21.666666666666668,-0.14511941870053616,-0.1983081967741459,62.5,27.414166666666667,-0.008446460105047245,-0.23923646774904953,NE,0,61.75,27.76458190931875,0.5555555555555556
2025,18,2025_18_NYJ_BUF,NYJ,47,25.0,34.0,-0.3458146502574284,-0.2558080334221906,62.75,25.770833333333332,-0.06181319788232578,-0.29112577770877657,BUF,0,60.75,29.520009902022096,0.5319148936170213
2022,3,2022_03_PHI_WAS,PHI,66,41.0,24.46153846153846,-0.015818908810615588,0.029547838745928777,69.5,25.31100795755968,0.05779044770355024,0.26392053337913135,WAS,-1,71.5,27.77536231884058,0.6212121212121212
2022,4,2022_04_JAX_PHI,PHI,75,30.0,27.19047619047619,-0.1378586256566147,-0.03460228869190885,68.33333333333333,25.027851458885937,0.03325399553216163,0.1857963018347305,JAX,0,67.66666666666667,30.898459383753504,0.4
2022,5,2022_05_PHI_ARI,PHI,70,40.0,27.129032258064516,0.19373384080827236,0.14259100900734173,70.0,25.568507641783505,-0.009524159765032451,0.13069665420307067,ARI,0,73.25,31.404356060606062,0.5714285714285714
2022,6,2022_06_DAL_PHI,PHI,67,30.0,31.41176470588235,0.09826027676463121,0.015735323734225943,69.75,26.281800189058252,0.015386602048441667,0.09608818665201806,DAL,0,56.25,30.049634273772206,0.44776119402985076
2022,8,2022_08_PIT_PHI,PHI,52,34.0,25.25,0.16952272640033206,0.4024086564862115,69.5,27.54820290399038,0.034579145776418324,0.0383179706988969,PIT,7,64.75,30.517184204684206,0.6538461538461539
2022,9,2022_09_PHI_HOU,PHI,61,33.0,26.842105263157894,-0.023424203859435132,0.1955010446197629,66.0,27.745318288605766,0.08091455457915524,0.13153317513396756,HOU,0,55.75,30.928637049225284,0.5409836065573771
2022,10,2022_10_WAS_PHI,PHI,47,28.0,23.821428571428573,0.01199329178780317,-0.12423966735343867,62.5,27.658225556776188,0.10952316002845014,0.1890590084618855,WAS,3,61.75,29.28892235873507,0.5957446808510638
2022,11,2022_11_PHI_IND,PHI,59,30.0,30.695652173913043,-0.008893421185868163,-0.13415898248027489,56.75,26.831324635117205,0.06408802277333284,0.12235133937169043,IND,-1,59.0,30.09403488779804,0.5084745762711864
2022,12,2022_12_GB_PHI,PHI,78,35.0,21.87878787878788,-0.04877394292412727,0.20015669162094005,54.75,26.652296502124877,0.03729959828570798,0.08487776281806521,GB,-3,63.0,30.708725182863116,0.44871794871794873
2022,13,2022_13_TEN_PHI,PHI,67,43.0,20.5,0.14975499908129383,0.3203631871716128,61.25,25.809493471821845,-0.01727456904540685,0.03431477160174735,TEN,0,56.0,25.870554035567714,0.6417910447761194
2022,14,2022_14_PHI_NYG,PHI,65,36.0,27.727272727272727,0.22120713442564008,0.3985216529448894,62.75,24.223967156032373,0.026020231689775394,0.06553030723970982,NYG,0,64.25,26.829037435781856,0.5538461538461539
2022,15,2022_15_PHI_CHI,PHI,70,42.0,22.28205128205128,-0.011628498849661472,0.01456342989567945,67.25,25.20042819499341,0.07832369234923461,0.19622063731429185,CHI,-7,57.0,30.945238095238096,0.6
2022,16,2022_16_PHI_DAL,PHI,68,41.0,26.594594594594593,-0.09119514037262318,0.04171380488398186,70.0,23.097027972027973,0.0776399229332863,0.23340124040828042,DAL,0,69.5,27.226470368711748,0.6029411764705882
2022,17,2022_17_NO_PHI,PHI,53,38.0,34.72727272727273,-0.07740822061896317,-0.2718265369404135,67.5,24.27597965097965,0.06703462357116233,0.19379051872404088,NO,0,54.0,29.507852965747702,0.7169811320754716
2022,18,2022_18_NYG_PHI,PHI,68,42.0,29.875,0.05886770950423351,-0.0002925204878436417,64.0,27.832797832797834,0.010243818646098066,0.0457430876960343,NYG,0,62.75,29.22596618357488,0.6176470588235294
2023,3,2023_03_PHI_TB,PHI,78,40.0,25.958333333333332,0.10023971672715812,0.09146332104677073,67.5,29.93212669683258,-0.08444851866516466,-0.0032367100549109268,TB,3,65.5,26.10868005738881,0.5128205128205128
2023,4,2023_04_WAS_PHI,PHI,68,44.0,26.742857142857144,0.010658730947694142,0.17746666411460926,71.0,28.607528908999498,-0.0228857735343904,0.02832996697898296,WAS,-1,61.0,28.189594356261022,0.6470588235294118
2023,5,2023_05_PHI_LA,PHI,78,43.0,28.886363636363637,0.062378156603428284,0.14865530429132245,70.25,28.14136096746391,-0.014499647413869264,0.06561414126288953,LA,0,71.25,28.61614597159791,0.5512820512820513
2023,6,2023_06_PHI_NYJ,PHI,69,50.0,29.11764705882353,0.1827262590328852,-0.1218945273789268,74.75,27.882182645785587,-0.0005032337559967882,0.14005151271041408,NYJ,0,56.25,28.57828282828283,0.7246376811594203
2023,7,2023_07_MIA_PHI,PHI,65,36.0,32.17948717948718,0.027893527348836263,0.10698444363418405,73.25,27.67630029284441,0.08900071582779144,0.07392269051844391,MIA,0,60.75,28.15222222222222,0.5538461538461539
2023,8,2023_08_PHI_WAS,PHI,60,41.0,31.59259259259259,0.0441511782507102,0.18448765807045317,70.0,29.231588754382873,0.07091416848321098,0.07780297116529725,WAS,0,64.25,28.97596153846154,0.6833333333333333
2023,9,2023_09_DAL_PHI,PHI,59,32.0,29.583333333333332,-0.04890261003945736,0.19354254204357627,68.0,30.444022616816735,0.079287280308965,0.07955821965425822,DAL,0,58.25,27.396436403508773,0.5423728813559322
2023,11,2023_11_PHI_KC,PHI,51,28.0,32.35294117647059,-0.058425771502348074,-0.019733723771174,63.25,30.61826504105916,0.05146708864824358,0.09078002909232166,KC,0,59.75,28.724358974358974,0.5490196078431373
2023,12,2023_12_BUF_PHI,PHI,64,38.0,27.62962962962963,-0.1180209036384309,0.03547633071424115,58.75,31.42708857047092,-0.008820918985564734,0.11632022999425987,BUF,-1,61.25,27.44017094017094,0.59375
2023,13,2023_13_SF_PHI,PHI,70,57.0,30.791666666666668,0.16600064981368293,0.0603953442638344,58.5,30.289624183006534,-0.04529952673238152,0.09844320176427414,SF,-3,58.25,30.308359260219515,0.8142857142857143
2023,14,2023_14_PHI_DAL,PHI,52,29.0,28.3,-0.03509190082550046,-0.17774963431662155,61.0,30.089392701525053,-0.014837158841638345,0.06742012331261946,DAL,-3,67.5,27.138221153846153,0.5576923076923077
2023,15,2023_15_PHI_SEA,PHI,69,37.0,28.70212765957447,-0.11509347937323834,0.11432601304566493,59.25,29.76855936819172,-0.011384481538149124,-0.025402920777429998,SEA,0,58.5,27.807381465517242,0.5362318840579711
2023,16,2023_16_NYG_PHI,PHI,74,41.0,28.25,-0.02694304901010848,0.13014396851299656,63.75,28.85585598896769,-0.02555140850587169,0.008112013426779734,NYG,-1,54.25,27.57880036630037,0.5540540540540541
2023,17,2023_17_ARI_PHI,PHI,47,25.0,32.30769230769231,-0.2614879477769137,0.22749688327204745,66.25,29.010948581560285,-0.0027819448487910875,0.031778922876468586,ARI,-1,64.75,27.901558441558443,0.5319148936170213
2023,18,2023_18_PHI_NYG,PHI,65,43.0,29.266666666666666,0.04177367545309534,-0.2821364232714883,60.5,29.389954991816694,-0.10965409424644024,0.07355430762852185,NYG,0,59.75,29.87483766233767,0.6615384615384615
2024,3,2024_03_PHI_NO,PHI,65,45.0,28.457142857142856,-0.0014383090393883338,0.03240860712731493,70.5,30.81904761904762,-0.05693555608964884,0.08785148195743096,NO,-1,57.5,35.16666666666667,0.6923076923076923
2024,4,2024_04_PHI_TB,PHI,55,37.0,26.0,0.004928112030029383,-0.06584126464493392,68.66666666666667,30.031746031746035,-0.038436473739562,0.06937052368072562,TB,0,53.666666666666664,33.49269168834386,0.6727272727272727
2024,6,2024_06_CLE_PHI,PHI,58,26.0,28.64864864864865,-0.18676111034371637,0.17127572927936302,65.25,29.023809523809526,-0.027595327297164157,0.03556757659931073,CLE,7,61.0,25.572990271377368,0.4482758620689655
2024,7,2024_07_PHI_NYG,PHI,64,23.0,34.15,-0.16077120716755203,0.14653977094530998,61.5,29.16216216216216,-0.05385258231408794,0.06429064954250921,NYG,0,67.75,30.42350939914658,0.359375
2024,8,2024_08_PHI_CIN,PHI,59,21.0,28.735294117647058,-0.141618963999626,0.3379380400955623,60.5,29.313947876447873,-0.08601062863015684,0.0710957106767635,CIN,0,57.0,26.78851077238174,0.3559322033898305
2024,9,2024_09_JAX_PHI,PHI,73,34.0,31.77777777777778,-0.08646163592735924,0.018917517639943152,59.0,29.383485691573927,-0.12105579237021624,0.14747806891882534,JAX,0,58.25,32.128571428571426,0.4657534246575342
2024,10,2024_10_PHI_DAL,PHI,64,30.0,23.807692307692307,0.05036468034790416,-0.05011665815093848,63.5,30.827930136018367,-0.1439032293595634,0.1686677644900446,DAL,0,68.0,27.854084666124514,0.46875
2024,11,2024_11_WAS_PHI,PHI,69,34.0,27.346938775510203,-0.09606480784714229,0.20099255148930104,65.0,29.617691050779285,-0.08462178168665829,0.11331966763246924,WAS,0,62.25,26.923520923520925,0.4927536231884058
2024,12,2024_12_PHI_LA,PHI,66,26.0,27.105263157894736,-0.1678269606955508,0.3400502677626874,66.25,27.916925744656837,-0.06844518185655585,0.126932862768467,LA,3,61.5,27.31734243697479,0.3939393939393939
2024,13,2024_13_PHI_BAL,PHI,52,21.0,27.473684210526315,0.0013583686489324817,0.04506097750205436,68.0,27.509418004718757,-0.07499718103053704,0.12746091968524825,BAL,1,56.0,28.935198951375423,0.40384615384615385
2024,14,2024_14_CAR_PHI,PHI,56,28.0,27.2,-0.1584724251713072,0.14238011264706227,62.75,26.43339461290589,-0.05304217988646412,0.13399678465077605,CAR,0,58.5,28.731006493506495,0.5
2024,15,2024_15_PIT_PHI,PHI,74,38.0,29.48148148148148,0.0026329511945897685,0.19869709359830212,60.75,27.28147153598281,-0.10525145626626695,0.18212097735027624,PIT,0,66.0,28.669977829188355,0.5135135135135135
2024,16,2024_16_PHI_WAS,PHI,71,37.0,24.2,-0.18938850959142062,0.026244056810248412,62.0,27.81510721247563,-0.08057701650583395,0.1815471128775265,WAS,0,70.25,29.156547619047622,0.5211267605633803
2024,17,2024_17_DAL_PHI,PHI,59,19.0,27.818181818181817,-0.1342195756733417,0.2714253621139113,63.25,27.088791423001947,-0.0859674037298014,0.10309556013941679,DAL,0,61.5,28.187095959595958,0.3220338983050847
2024,18,2024_18_NYG_PHI,PHI,67,43.0,32.75,0.14562157988548274,-0.04040916824392308,65.0,27.17491582491582,-0.11986188981036994,0.159686656292381,NYG,0,59.25,29.56109022556391,0.6417910447761194
2025,3,2025_03_LA_PHI,PHI,63,38.0,25.09090909090909,-0.08151457582910862,0.016639111488495756,57.5,27.87221095334686,-0.07463411485328028,0.07815509082693525,LA,0,56.0,28.007575757575758,0.6031746031746031
2025,4,2025_04_PHI_TB,PHI,58,31.0,33.333333333333336,0.30680823751858305,-0.07388661178406918,59.333333333333336,26.945110332534266,-0.07692760184522307,0.057649764380788754,TB,0,63.666666666666664,25.688507885876305,0.5344827586206896
2025,5,2025_05_DEN_PHI,PHI,54,45.0,24.136363636363637,0.17599253622548933,0.003161222405788759,59.0,28.542166082734035,0.01900635799572846,0.024765670339574268,DEN,1,61.75,28.09403617216117,0.8333333333333334
2025,6,2025_06_PHI_NYG,PHI,56,38.0,28.96551724137931,-0.032816898905568666,-0.09667333842203453,57.75,26.60566875653083,0.07494940584527864,-0.014556560549055865,NYG,0,66.25,28.2667256115532,0.6785714285714286
2025,7,2025_07_PHI_MIN,PHI,48,26.0,29.375,-0.05227045814196269,0.282872895584386,57.75,27.88153082549634,0.09211732475234877,-0.0376899040779548,MIN,-4,59.0,26.83996212121212,0.5416666666666666
2025,8,2025_08_NYG_PHI,PHI,54,27.0,28.181818181818183,-0.08592794013434443,0.4562564310064935,54.0,28.952553552769068,0.09942835417413524,0.02886854194601776,NYG,0,68.25,26.561843711843714,0.5
2025,10,2025_10_PHI_GB,PHI,60,29.0,30.941176470588236,-0.12241422229034946,-0.07821261090718405,53.0,27.664674764890282,0.0012443097609033844,0.16140430264365843,GB,7,59.25,30.20232447817837,0.48333333333333334
2025,11,2025_11_DET_PHI,PHI,68,31.0,26.17241379310345,-0.0597573469082514,-0.2294467512284281,54.5,29.36587797344643,-0.07335737986805632,0.14106084431541524,DET,-1,62.0,29.383058340295186,0.45588235294117646
2025,12,2025_12_PHI_DAL,PHI,58,43.0,24.6,0.034043108423550815,0.06195237126258705,57.5,28.66760211137747,-0.080092491868727,0.10786749111381684,DAL,1,63.25,25.51945054945055,0.7413793103448276
2025,13,2025_13_CHI_PHI,PHI,50,33.0,27.782608695652176,-0.09936556123918108,-0.036498725527299235,60.0,27.473852111377468,-0.058514100227348625,0.0526373600333671,CHI,0,67.75,27.330680785827845,0.66
2025,14,2025_14_PHI_LAC,PHI,65,43.0,25.771428571428572,-0.02185688462368271,-0.2629917956446107,59.0,27.374049739835964,-0.06187350550355778,-0.07055142910008108,LAC,2,60.5,28.592890199637022,0.6615384615384615
2025,15,2025_15_LV_PHI,PHI,66,22.0,29.307692307692307,-0.19009471152509969,0.246041426093172,60.25,26.08161276504605,-0.036734171086891095,-0.11674622528443775,LV,-1,56.0,28.363123167155422,0.3333333333333333
2025,16,2025_16_PHI_WAS,PHI,65,37.0,27.545454545454547,0.0463117358027672,0.2896811006046503,59.75,26.865432393693265,-0.06931851224110316,0.0021258190459622697,WAS,0,63.25,27.4525,0.5692307692307692
2025,17,2025_17_PHI_BUF,PHI,53,29.0,26.304347826086957,-0.029579992805208455,-0.11959278373005562,61.5,27.6017960300569,-0.06625135539629907,0.059058001381478084,BUF,1,61.0,29.501259902022095,0.5471698113207547
2025,18,2025_18_WAS_PHI,PHI,62,45.0,28.805555555555557,0.08410867811603974,-0.1029298458349927,62.25,27.2322308126656,-0.04880496328780592,0.038284486830788986,WAS,-3,48.75,26.968125,0.7258064516129032
2022,3,2022_03_PIT_CLE,PIT,55,33.0,28.37142857142857,-0.0945980981701897,-0.036778637044450335,59.0,31.3859649122807,0.02990408557353676,-0.0976426120703001,CLE,0,68.0,30.017543859649123,0.6
2022,4,2022_04_NYJ_PIT,PIT,60,33.0,29.86111111111111,-0.12804833830644688,-0.08039108961065301,57.666666666666664,30.381119465329988,-0.011596642341038728,-0.07735462039501685,NYJ,3,73.66666666666667,28.34280593958013,0.55
2022,5,2022_05_PIT_BUF,PIT,72,56.0,35.785714285714285,-0.03241529359537007,-0.12204620994325666,58.25,30.25111737677527,-0.04070956633239076,-0.07811373769892589,BUF,0,67.25,30.586061320754716,0.7777777777777778
2022,6,2022_06_TB_PIT,PIT,59,34.0,26.512820512820515,0.06387808399144997,0.030029905490964463,61.5,30.530879281537178,-0.062465686976063854,-0.07545376389939024,TB,0,63.5,29.39295297066195,0.576271186440678
2022,7,2022_07_PIT_MIA,PIT,68,48.0,29.90909090909091,0.03812301056138396,-0.09683088584517062,61.5,30.13276862026862,-0.04779591152013918,-0.05229650777684888,MIA,0,58.75,28.134320175438596,0.7058823529411765
2022,8,2022_08_PIT_PHI,PIT,70,51.0,31.4,0.2434619084000586,-0.055370190583156544,64.75,30.517184204684206,-0.014615634337245753,-0.06730956997702896,PHI,-7,69.5,27.54820290399038,0.7285714285714285
2022,10,2022_10_NO_PIT,PIT,78,40.0,26.681818181818183,0.04737259973497952,0.016728820420773918,67.25,30.90190642690643,0.07826192733938062,-0.06105434522015484,NO,8,63.25,30.06899766899767,0.5128205128205128
2022,11,2022_11_CIN_PIT,PIT,68,44.0,22.105263157894736,-0.07800880787165267,-0.03862462218363185,68.75,28.625932400932403,0.09820890067196802,-0.026360587629147197,CIN,-7,59.75,28.031845238095237,0.6470588235294118
2022,12,2022_12_PIT_IND,PIT,67,35.0,33.483870967741936,-0.06197178214788438,0.11786849541111691,71.0,27.52404306220096,0.06273717770619236,-0.04352421954779627,IND,0,58.5,30.97602246543779,0.5223880597014925
2022,13,2022_13_PIT_ATL,PIT,64,31.0,28.53125,-0.04663426810648383,0.18008784618441495,70.75,28.417738076863714,0.03771347952887527,0.010150625766275609,ATL,-1,55.5,28.476687514086095,0.484375
2022,14,2022_14_BAL_PIT,PIT,53,35.0,31.705882352941178,-0.009582472647108622,0.018191662327214773,69.25,27.700550576863712,-0.034810564597760336,0.06901513495816848,BAL,0,66.5,30.200267043254847,0.660377358490566
2022,15,2022_15_PIT_CAR,PIT,67,23.0,33.628571428571426,-0.18640508396284922,0.22951254663483858,63.0,28.956566619644462,-0.04904933269328237,0.0693808454347787,CAR,0,63.25,32.719291125541126,0.34328358208955223
2022,16,2022_16_LV_PIT,PIT,66,40.0,32.029411764705884,-0.04949149316133452,-0.02033821099249598,62.75,31.837393687313632,-0.0761484017160815,0.1364151376393963,LV,0,64.5,30.28420286609942,0.6060606060606061
2022,17,2022_17_PIT_BAL,PIT,68,29.0,33.96551724137931,-0.1902174982242287,0.15340378953005745,62.5,31.47377888655462,-0.07302832946944404,0.10186346103849309,BAL,0,58.75,29.870940170940173,0.4264705882352941
2022,18,2022_18_CLE_PIT,PIT,68,32.0,26.114285714285714,-0.12788036194714636,0.07744559709689586,63.5,32.832345696899445,-0.10892413699888026,0.09519244687490372,CLE,0,61.75,29.997753396029257,0.47058823529411764
2023,3,2023_03_PIT_LV,PIT,59,30.0,31.15625,-0.09078641017762624,0.017772677187032043,55.5,27.409090909090907,0.05813043916872315,-0.36727584092019866,LV,-1,45.0,29.64516129032258,0.5084745762711864
2023,4,2023_04_PIT_HOU,PIT,56,32.0,29.11111111111111,-0.10243898630142215,-0.28203496307540427,56.666666666666664,28.658143939393938,0.00849148938660669,-0.2389263348844551,HOU,0,67.66666666666667,28.108833546189867,0.5714285714285714
2023,5,2023_05_BAL_PIT,PIT,61,37.0,28.848484848484848,-0.0027440236437888677,-0.02825304761758003,56.5,28.771385732323232,-0.019241129535400518,-0.24970349193219238,BAL,0,63.75,28.57651334339937,0.6065573770491803
2023,7,2023_07_PIT_LA,PIT,52,28.0,32.75,0.033117628866626475,0.060223924340925064,56.75,29.233506944444443,-0.040554169653532895,-0.17112028643268096,LA,7,59.5,28.10911576168929,0.5384615384615384
2023,8,2023_08_JAX_PIT,PIT,63,49.0,27.964285714285715,-0.008838711513413366,-0.24144628118685738,57.0,30.46646148989899,-0.04071294781405269,-0.05807285229125679,JAX,-3,63.5,29.62462863933452,0.7777777777777778
2023,9,2023_09_TEN_PIT,PIT,59,30.0,28.794117647058822,-0.019680926576256783,0.12672774782180607,58.0,29.66847041847042,-0.020226023147999476,-0.12287759188472916,TEN,0,56.75,31.20079923273657,0.5084745762711864
2023,10,2023_10_GB_PIT,PIT,60,26.0,26.83783783783784,-0.07745720126799176,0.04238908531121012,58.75,29.589222052457345,0.00046349178329186443,-0.020686914160426555,GB,3,61.25,28.40770803270803,0.43333333333333335
2023,11,2023_11_PIT_CLE,PIT,56,33.0,29.423076923076923,-0.006474211812019294,-0.10724966047796862,58.5,29.086560299795593,-0.018214802622758857,-0.0030263809282290166,CLE,0,72.5,27.120649058149056,0.5892857142857143
2023,12,2023_12_PIT_CIN,PIT,65,37.0,31.08108108108108,-0.04749791711568825,0.0794645258137756,59.5,28.254829530564827,-0.0281127627924203,-0.04489477713295244,CIN,-3,60.75,29.01632867132867,0.5692307692307692
2023,13,2023_13_ARI_PIT,PIT,57,30.0,32.53333333333333,-0.17470477852556443,-0.09221512000953334,60.0,29.034028372263663,-0.03777756419298902,0.0353329246172058,ARI,0,58.25,28.40088858509911,0.5263157894736842
2023,14,2023_14_NE_PIT,PIT,66,43.0,34.85,-0.10552918027948452,-0.30590865443825216,59.5,29.968832293832293,-0.07653352718031593,-0.019402792340629048,NE,0,65.0,29.442909923173083,0.6515151515151515
2023,15,2023_15_PIT_IND,PIT,54,30.0,28.72,-0.06869259682194934,-0.3199567999135645,61.0,31.971872834372835,-0.08355152193318913,-0.10647722727799462,IND,3,62.5,26.38036616161616,0.5555555555555556
2023,16,2023_16_CIN_PIT,PIT,58,29.0,40.0,-0.05402571956316634,0.22046579698746538,60.5,31.796103603603605,-0.09910611818567164,-0.1596540121368936,CIN,0,59.0,29.923863636363635,0.5
2023,17,2023_17_PIT_SEA,PIT,70,26.0,31.63888888888889,-0.186314979378058,0.28368883046959925,58.75,34.02583333333333,-0.10073806879754116,-0.12440369434347115,SEA,1,59.0,27.154133916497635,0.37142857142857144
2023,18,2023_18_PIT_BAL,PIT,61,23.0,34.1578947368421,-0.21156419752811906,-0.0678641907034632,62.0,33.80222222222222,-0.10364061901066454,-0.030427706723687997,BAL,0,63.75,27.000595238095237,0.3770491803278688
2024,3,2024_03_LAC_PIT,PIT,63,35.0,32.23684210526316,-0.06852022185921666,0.13160701266305747,62.0,29.013468013468014,-0.13479505849607068,-0.1102109702479276,LAC,0,57.0,31.242236024844722,0.5555555555555556
2024,4,2024_04_PIT_IND,PIT,67,41.0,27.285714285714285,-0.054531369358301204,-0.0590124028993757,62.333333333333336,30.087926044066393,-0.112703446283786,-0.02960497594426591,IND,0,49.0,26.80493827160494,0.6119402985074627
2024,5,2024_05_DAL_PIT,PIT,57,31.0,26.333333333333332,-0.010463762283325167,0.045424226530764694,63.5,29.387373104478367,-0.0981604270524148,-0.03695683268304336,DAL,-3,61.5,27.374299719887954,0.543859649122807
2024,6,2024_06_PIT_LV,PIT,61,33.0,25.741935483870968,-0.03172065700803486,0.09707485110831884,61.25,29.00100946811473,-0.07352824074526629,-0.0006521478862537376,LV,0,59.5,30.948395958879832,0.5409836065573771
2024,7,2024_07_NYJ_PIT,PIT,66,31.0,28.0,-0.05965088378815426,0.15664224441246202,62.0,27.899456302045436,-0.04130900262721947,0.053773421850691325,NYJ,1,67.5,28.979166666666664,0.4696969696969697
2024,8,2024_08_NYG_PIT,PIT,61,32.0,27.11764705882353,-0.10800758367631498,0.08404874594364928,62.75,26.84024577572965,-0.03909166810945387,0.060032229788042464,NYG,0,64.75,29.49247491638796,0.5245901639344263
2024,10,2024_10_PIT_WAS,PIT,72,33.0,27.194444444444443,-0.07035104618516069,-0.02265036711469299,61.25,26.798228969006956,-0.05246072168895731,0.09579751699879871,WAS,6,61.5,28.056854256854255,0.4583333333333333
2024,11,2024_11_BAL_PIT,PIT,72,41.0,27.02857142857143,0.04620779108028018,-0.2507253060152086,65.0,27.013506746784735,-0.0674325426644162,0.07877886858743428,BAL,-3,56.25,27.99983003108003,0.5694444444444444
2024,12,2024_12_PIT_CLE,PIT,68,35.0,33.473684210526315,-0.1651482144370675,-0.03671367572519074,67.75,27.33516573295985,-0.047950430642337435,-0.008171170693447576,CLE,0,72.75,27.067024558416236,0.5147058823529411
2024,13,2024_13_PIT_CIN,PIT,64,41.0,26.82051282051282,0.12306739611828582,0.27613297432982475,68.25,28.703586785591426,-0.07432476330456575,-0.05651015072786077,CIN,-4,70.0,30.11229187479188,0.640625
2024,14,2024_14_CLE_PIT,PIT,60,29.0,27.357142857142858,-0.03215880490638116,-0.10542690436555914,69.0,28.629303226013754,-0.016556018355915546,-0.00848909363131689,CLE,1,72.25,27.001633986928105,0.48333333333333334
2024,15,2024_15_PIT_PHI,PIT,41,26.0,21.647058823529413,0.004382809867029624,-0.2778170759312048,66.0,28.669977829188355,-0.007007958036220662,-0.029183227944033434,PHI,0,60.75,27.28147153598281,0.6341463414634146
2024,16,2024_16_PIT_BAL,PIT,59,37.0,28.482758620689655,0.04030384161533445,-0.17896074560762934,58.25,27.32459967792785,-0.017464203339533302,-0.03595617042303249,BAL,0,60.5,28.509009185069374,0.6271186440677966
2024,17,2024_17_KC_PIT,PIT,73,48.0,29.685714285714287,-0.06822714973718697,-0.11093377590989545,56.0,26.076868280468688,0.03389881067356719,-0.07151793789364214,KC,0,67.25,27.135456972470703,0.6575342465753424
2024,18,2024_18_CIN_PIT,PIT,58,37.0,23.5,-0.2208391226389829,-0.17476171327459988,58.25,26.793168646769054,-0.01392482579030101,-0.1682846254535722,CIN,3,66.0,31.173368226600985,0.6379310344827587
2025,3,2025_03_PIT_NE,PIT,46,24.0,30.68,-0.04838464529283588,-0.05209427356084783,56.0,25.251724137931035,-0.06534752609678286,-0.0032553753822357617,NE,0,60.5,29.064698867024447,0.5217391304347826
2025,4,2025_04_MIN_PIT,PIT,51,25.0,32.36363636363637,0.2547072367026256,0.1987203925612028,52.666666666666664,27.061149425287354,-0.0596932324954672,-0.019535008108439784,MIN,0,51.666666666666664,25.260521885521886,0.49019607843137253
2025,6,2025_06_CLE_PIT,PIT,55,31.0,31.517241379310345,4.0037127641535406e-05,0.1301541118708453,52.25,28.38677115987461,0.018906884804055994,0.03502884205897086,CLE,7,64.5,26.36114187276978,0.5636363636363636
2025,7,2025_07_PIT_CIN,PIT,54,35.0,23.9375,-0.012430821721618308,0.36488681497630077,52.75,29.9160815047022,0.04091157291492719,0.02498346388127179,CIN,0,53.25,27.197037337662337,0.6481481481481481
2025,8,2025_08_GB_PIT,PIT,58,40.0,29.962962962962962,-0.06622048384613458,-0.15699676583711486,51.5,29.62459443573668,0.04848295170395323,0.16041676146187528,GB,3,62.25,30.32269484854874,0.6896551724137931
2025,9,2025_09_IND_PIT,PIT,60,39.0,26.48148148148148,0.06427741398413986,-0.11347969608452617,54.5,29.44533517647742,0.044023992065628556,0.1341911383928085,IND,0,56.0,27.78024100303512,0.65
2025,10,2025_10_PIT_LAC,PIT,50,34.0,35.142857142857146,-0.043679853731935635,-0.3766053134213113,56.75,27.974796455938698,-0.0035834636139928724,0.056141116231376256,LAC,0,68.0,30.89137616769196,0.68
2025,11,2025_11_CIN_PIT,PIT,59,33.0,26.473684210526315,-0.0737872637332754,0.1992746811569686,55.5,28.881200396825395,-0.014513436328887165,-0.0705487400916629,CIN,-7,63.25,25.981994635798983,0.559322033898305
2025,12,2025_12_PIT_CHI,PIT,69,34.0,30.727272727272727,-0.11170175862617977,0.001050861481496274,56.75,29.515246449456974,-0.02985254683180144,-0.11195177354649592,CHI,0,68.5,27.474728404875464,0.4927536231884058
2025,13,2025_13_BUF_PIT,PIT,43,25.0,24.526315789473685,0.043141776961939673,-0.42424915427461163,59.5,29.706323890534414,-0.041222865526812744,-0.07243986671684315,BUF,-3,62.0,28.819047619047616,0.5813953488372093
2025,14,2025_14_PIT_BAL,PIT,50,35.0,30.545454545454547,0.18368921776612593,0.2688341833459264,55.25,29.217532467532465,-0.046506774782362786,-0.1501322312643645,BAL,-3,59.0,27.031494856925892,0.7
2025,15,2025_15_MIA_PIT,PIT,62,30.0,30.428571428571427,-0.09900873361362354,0.22322518065301414,55.25,28.06818181818182,0.010335493092152606,0.011227642927444922,MIA,0,55.5,35.41581968755882,0.4838709677419355
2025,16,2025_16_PIT_DET,PIT,70,45.0,25.42,0.030214222638230627,0.21174516583752817,56.0,29.056903622693095,0.004030125622065572,0.017215267801456303,DET,-1,60.0,26.680059523809526,0.6428571428571429
2025,17,2025_17_PIT_CLE,PIT,63,40.0,32.93333333333333,-0.12310206294059749,-0.20442885323041043,56.25,27.730085440874912,0.03950912093816817,0.06988884389046428,CLE,0,61.75,26.91991341991342,0.6349206349206349
2025,18,2025_18_BAL_PIT,PIT,73,50.0,24.357142857142858,0.034102014494392166,0.05849587082471795,61.25,29.831839826839825,-0.0020518390374661168,0.12484391915151459,BAL,-1,59.5,30.110668630779983,0.684931506849315
2022,3,2022_03_ATL_SEA,SEA,69,46.0,27.733333333333334,0.004440941776220615,0.19240257909789432,46.5,29.439542483660134,-0.0196963251331747,-0.16629822060896288,ATL,0,63.5,32.94642857142857,0.6666666666666666
2022,4,2022_04_SEA_DET,SEA,61,32.0,31.5,0.02741449296474443,0.5991196454990414,54.0,28.870806100217866,-0.011650569496709597,-0.04673128737334381,DET,0,66.33333333333333,29.040854978354975,0.5245901639344263
2022,5,2022_05_SEA_NO,SEA,50,31.0,21.137931034482758,-0.034470640304611895,-0.0025057970287316066,55.75,29.5281045751634,-0.0018843038813460894,0.11473144584475249,NO,0,61.25,28.15568134822167,0.62
2022,6,2022_06_ARI_SEA,SEA,66,38.0,25.785714285714285,0.043677605487204826,-0.19058264973341835,56.75,27.731704980842913,-0.035220064974485134,0.10906288545702927,ARI,0,74.0,29.005233253588514,0.5757575757575758
2022,7,2022_07_SEA_LAC,SEA,61,30.0,23.923076923076923,-0.0010065704584121427,0.12802792367268195,61.5,26.539244663382593,0.010265599980889493,0.14960844445869645,LAC,1,67.75,25.298236229804758,0.4918032786885246
2022,8,2022_08_NYG_SEA,SEA,61,41.0,27.4,0.1175251831610998,-0.09442014092243572,59.5,25.58668056081849,0.008903721922231305,0.13351478060239336,NYG,0,61.5,28.65175953079179,0.6721311475409836
2022,9,2022_09_SEA_ARI,SEA,68,38.0,28.17948717948718,0.010860320627689405,0.08884308019679596,59.5,24.56168056081849,0.03143139447132015,-0.03987016600297593,ARI,0,67.25,26.99105770963356,0.5588235294117647
2022,10,2022_10_SEA_TB,SEA,51,41.0,26.46153846153846,-0.06316450238227837,0.010261092579590174,64.0,26.3220695970696,0.04276413470439547,-0.01703294669659404,TB,0,68.5,27.542748917748916,0.803921568627451
2022,12,2022_12_LV_SEA,SEA,62,42.0,28.46875,0.10913597047328953,0.033765373423553006,60.25,26.49102564102564,0.016053607737024675,0.03317798888165809,LV,7,59.75,30.08804137039431,0.6774193548387096
2022,13,2022_13_SEA_LA,SEA,64,44.0,31.82857142857143,0.09696595844897359,0.14571322272233925,60.5,27.62744391025641,0.04358924296995009,0.009612351319375854,LA,0,57.0,29.44461805555556,0.6875
2022,14,2022_14_CAR_SEA,SEA,53,42.0,22.347826086956523,0.05116182154622577,-0.07895279309414793,61.25,28.734586767399264,0.038449436791918534,0.0696456922305696,CAR,-7,57.5,31.10565476190476,0.7924528301886793
2022,15,2022_15_SF_SEA,SEA,61,48.0,24.333333333333332,0.0839599453169724,-0.2412315708671879,57.5,27.2766714942666,0.04852481202155263,0.027696723907833627,SF,0,63.5,28.351856401856402,0.7868852459016393
2022,16,2022_16_SEA_KC,SEA,73,44.0,30.5,-0.0825786803449903,-0.22398312549118707,60.0,26.74462021221532,0.08530592394636533,-0.035176441953860896,KC,3,66.75,28.07883089133089,0.6027397260273972
2022,17,2022_17_NYJ_SEA,SEA,71,35.0,24.25,0.09317703409628447,-0.03014876416139933,62.75,27.25243271221532,0.03737726124179536,-0.09961356668254592,NYJ,-2,68.25,25.813577321801006,0.49295774647887325
2022,18,2022_18_LA_SEA,SEA,69,37.0,31.666666666666668,-0.06400191470196374,-0.10295518274334509,64.5,25.35778985507246,0.03643003015362309,-0.14357906340348056,LA,0,53.0,31.952299331103678,0.5362318840579711
2023,3,2023_03_CAR_SEA,SEA,68,39.0,24.866666666666667,0.015188914938614894,0.20921183329274853,56.0,27.929166666666667,0.031175229554446994,0.06796387871884976,CAR,1,64.5,31.065365853658538,0.5735294117647058
2023,4,2023_04_SEA_NYG,SEA,51,29.0,24.4375,0.18290085026196076,-0.11488637546175422,60.0,26.90833333333333,0.025846458015836293,0.1150465302434827,NYG,-3,59.666666666666664,29.181196581196584,0.5686274509803921
2023,6,2023_06_SEA_CIN,SEA,70,48.0,29.55,-0.0045572172688401625,-0.06760867389978488,57.75,26.290625,0.06511005607736742,0.057563303817173464,CIN,6,63.75,28.671305870932343,0.6857142857142857
2023,7,2023_07_ARI_SEA,SEA,56,28.0,31.48,0.02542675426229836,0.021397064206919107,63.75,26.54479166666667,0.054535735615676394,0.06753715975205687,ARI,0,62.5,28.36630608974359,0.5
2023,8,2023_08_CLE_SEA,SEA,54,38.0,23.0,0.041574475488492406,0.06915861818362742,61.25,27.58354166666667,0.05473982554850846,0.012028462034532136,CLE,0,67.75,26.993506493506494,0.7037037037037037
2023,9,2023_09_SEA_BAL,SEA,46,33.0,30.6875,-0.05610081702470778,-0.4455855544696668,57.75,27.116875,0.06133621568597784,-0.02298484174274814,BAL,0,62.25,30.794236242884253,0.717391304347826
2023,10,2023_10_WAS_SEA,SEA,73,48.0,24.372093023255815,-0.004460113552900522,0.097822806780474,56.5,28.679375,0.0015857988643107057,-0.10565963649472629,WAS,0,65.0,28.338206436420723,0.6575342465753424
2023,11,2023_11_SEA_LA,SEA,61,41.0,31.6875,0.0567468506725211,-0.00836422006244788,57.25,27.38489825581395,0.0016100747932956158,-0.06430176632466157,LA,-7,57.75,28.59407051282051,0.6721311475409836
2023,12,2023_12_SF_SEA,SEA,54,35.0,25.0,0.04292456805706031,-0.26491192075628495,58.5,27.436773255813954,0.009440098895851302,-0.07174208739200331,SF,0,55.25,31.117883069743325,0.6481481481481481
2023,13,2023_13_SEA_DAL,SEA,63,42.0,24.09375,-0.022123358771204943,0.13198856570451148,58.5,27.936773255813954,0.009777622037993278,-0.15525972212698141,DAL,0,65.5,27.62661637931035,0.6666666666666666
2023,14,2023_14_SEA_SF,SEA,56,38.0,30.448275862068964,0.028829572974024623,-0.12247094398922433,62.75,26.288335755813954,0.018271986601368986,-0.01086619208343683,SF,3,58.25,28.856692593552847,0.6785714285714286
2023,15,2023_15_PHI_SEA,SEA,58,35.0,28.633333333333333,-0.06763682172105125,0.057648502321199245,58.5,27.807381465517242,0.026594408233100275,-0.06593962977586142,PHI,0,59.25,29.76855936819172,0.603448275862069
2023,16,2023_16_SEA_TEN,SEA,59,40.0,25.441176470588236,-0.014597736299037944,0.1311907636978496,57.75,27.043839798850573,-0.004501509865292814,-0.04943644917994964,TEN,-1,65.0,30.17886904761905,0.6779661016949152
2023,17,2023_17_PIT_SEA,SEA,49,37.0,28.0,0.039506991420473384,0.12261408835964234,59.0,27.154133916497635,-0.01888208595431738,0.049589221933584,PIT,-1,58.75,34.02583333333333,0.7551020408163265
2023,18,2023_18_SEA_ARI,SEA,54,31.0,28.71794871794872,-0.10957867652177809,0.11255847196048736,55.5,28.130696416497635,-0.003474498406397797,0.04724560259736671,ARI,0,66.25,29.627909792909794,0.5740740740740741
2024,3,2024_03_MIA_SEA,SEA,58,37.0,24.666666666666668,0.03763721982638035,-0.004640908284680654,61.0,25.00045372050817,-0.03973607956008478,-0.02882926213342335,MIA,-3,70.0,32.13257575757576,0.6379310344827587
2024,4,2024_04_SEA_DET,SEA,79,63.0,23.75,0.21478765308856967,0.08613013850663451,60.0,24.88919136922767,-0.013944979764596402,-0.020766477517175783,DET,0,69.66666666666667,31.15226017943409,0.7974683544303798
2024,5,2024_05_NYG_SEA,SEA,58,51.0,25.916666666666668,0.1707994136317023,-0.09542315789686183,64.75,24.604393526920752,0.04323817844869512,0.005957676488776788,NYG,-4,62.75,28.101114660578737,0.8793103448275862
2024,6,2024_06_SF_SEA,SEA,72,52.0,28.0,-0.1944993045181036,0.01363810779810067,64.75,24.971491228070175,0.1247453010424022,0.0020739616483688404,SF,0,63.5,33.2617673992674,0.7222222222222222
2024,7,2024_07_SEA_ATL,SEA,56,33.0,26.4,0.04292937864859897,0.11313181220236436,66.75,25.583333333333332,0.057181245507137185,-7.395496920182621e-05,ATL,3,62.5,25.854340277777776,0.5892857142857143
2024,8,2024_08_BUF_SEA,SEA,46,32.0,29.38888888888889,0.024340190670706995,-0.21150003550330973,66.25,26.016666666666666,0.05850428521269184,0.029369225152559426,BUF,0,56.75,27.24986504723347,0.6956521739130435
2024,9,2024_09_LA_SEA,SEA,73,43.0,23.193548387096776,-0.11014753542840475,-0.24853514300815574,58.0,27.426388888888887,0.01089241960822617,-0.04503831834992664,LA,-3,62.0,30.055608974358975,0.589041095890411
2024,11,2024_11_SEA_SF,SEA,59,38.0,27.633333333333333,0.033845257602239914,0.0034594915832334033,61.75,26.745609318996415,-0.059344317656800594,-0.0833163146277501,SF,7,60.0,29.269074692044658,0.6440677966101694
2024,12,2024_12_ARI_SEA,SEA,59,37.0,29.25,0.018571104854345342,-0.06546132758983629,58.5,26.65394265232975,-0.002258177126714715,-0.08586096868146692,ARI,-7,57.0,29.433407738095237,0.6271186440677966
2024,13,2024_13_SEA_NYJ,SEA,56,35.0,27.82758620689655,0.08731454172555139,-0.01596439009645798,59.25,27.36644265232975,-0.008347745575278122,-0.13050925362951707,NYJ,-7,54.75,31.023755656108598,0.625
2024,14,2024_14_SEA_ARI,SEA,61,30.0,30.09090909090909,0.030758145230787844,0.15525940599889415,61.75,26.976116981831666,0.007395842188432977,-0.08162534227780414,ARI,0,61.25,28.509664862336273,0.4918032786885246
2024,15,2024_15_GB_SEA,SEA,56,42.0,26.533333333333335,0.19127329997718331,-0.33940678994108936,58.75,28.700457157784747,0.042622262353231126,0.01932329497395833,GB,-3,51.75,30.461499202551835,0.75
2024,16,2024_16_MIN_SEA,SEA,60,46.0,25.678571428571427,0.12143839895725254,0.038190921471755734,58.0,28.425457157784745,0.08197927294696697,-0.06639327540712237,MIN,1,59.75,26.90392857142857,0.7666666666666667
2024,17,2024_17_SEA_CHI,SEA,50,28.0,35.02857142857143,-0.10042520248612696,-0.17081621145457912,58.25,27.532600014927603,0.10769609647269378,-0.040480213141724355,CHI,0,58.5,30.0,0.56
2024,18,2024_18_SEA_LA,SEA,53,30.0,31.151515151515152,-0.024353130561549505,0.24005317011635177,56.75,29.33284632034632,0.06076116041977418,-0.07919316848125464,LA,2,59.25,30.577801902398676,0.5660377358490566
2025,3,2025_03_NO_SEA,SEA,53,21.0,29.2,-0.09601892034212746,0.14118265817502412,56.5,27.65674418604651,-0.10374053362146453,-0.09556745083985116,NO,0,67.0,24.567567567567565,0.39622641509433965
2025,4,2025_04_SEA_ARI,SEA,64,30.0,27.24,-0.08225488861401874,0.055276751934495535,55.333333333333336,28.171162790697675,-0.10116666252835217,-0.016650747834892732,ARI,0,57.333333333333336,26.94090909090909,0.46875
2025,5,2025_05_TB_SEA,SEA,54,34.0,25.178571428571427,-0.010012921194235379,0.40564259705959244,57.5,27.938372093023254,-0.0964387190497688,0.001331127107454335,TB,3,64.5,26.480666628692944,0.6296296296296297
2025,6,2025_06_SEA_JAX,SEA,51,29.0,26.08695652173913,-0.052594076970527925,0.051627135239407165,58.75,27.893014950166112,-0.05024882875585634,0.16908957289596355,JAX,1,62.25,28.537016438845708,0.5686274509803921
2025,7,2025_07_HOU_SEA,SEA,65,35.0,26.0,-0.0726459597547849,-0.24831872541773356,55.5,26.92638198757764,-0.06022020178022738,0.16343228560212983,HOU,-7,58.25,29.19337300630404,0.5384615384615384
2025,9,2025_09_SEA_WAS,SEA,48,24.0,32.294117647058826,-0.1155142376297399,0.44841564752138074,58.5,26.126381987577638,-0.05437696163339173,0.06605693970394041,WAS,7,57.25,27.488950715421304,0.5
2025,10,2025_10_ARI_SEA,SEA,54,13.0,34.142857142857146,0.04655052082879218,0.0737041313480597,54.5,27.389911399342346,-0.06269179888732203,0.1643416636006617,ARI,1,66.75,27.581626016260163,0.24074074074074073
2025,11,2025_11_SEA_LA,SEA,79,45.0,30.5,-0.12802237393904708,-0.19965516479720183,54.5,29.630982827913776,-0.048550938381565135,0.08135704717277852,LA,0,61.0,29.379605263157895,0.569620253164557
2025,12,2025_12_SEA_TEN,SEA,46,27.0,21.375,-0.09117255210876472,0.29043922414280726,61.5,30.734243697478995,-0.06740801262369492,0.01853647216362627,TEN,0,54.5,29.235919540229883,0.5869565217391305
2025,13,2025_13_MIN_SEA,SEA,62,30.0,31.85,-0.04449643194675448,-0.17788509006690023,56.75,29.577993697478995,-0.07203966071218988,0.15322595955376145,MIN,0,53.75,27.842719780219777,0.4838709677419355
2025,14,2025_14_SEA_ATL,SEA,58,34.0,24.041666666666668,-0.01728927993005322,0.1518138774378451,60.25,29.466964285714287,-0.05428520929144354,-0.003349224843308782,ATL,0,59.75,28.002618135376757,0.5862068965517241
2025,15,2025_15_IND_SEA,SEA,56,37.0,26.057142857142857,-0.06982596740126615,-0.041440171575002634,61.25,26.941666666666666,-0.07024515948115488,0.01617821167913757,IND,0,59.5,29.581719898762984,0.6607142857142857
2025,16,2025_16_LA_SEA,SEA,65,41.0,28.28,-0.0731265996183667,0.03187544195747668,55.5,25.830952380952382,-0.05569605784670964,0.05573195998468737,LA,0,59.5,30.71963111133618,0.6307692307692307
2025,17,2025_17_SEA_CAR,SEA,65,31.0,30.225806451612904,-0.13588450883710107,-0.05358890314740915,60.25,27.557202380952383,-0.05118456972411013,-0.008908985561645277,CAR,3,53.0,29.647755417956656,0.47692307692307695
2025,18,2025_18_SEA_SF,SEA,64,30.0,33.59375,-0.1561946764588356,0.06867175021080557,61.0,27.15115399385561,-0.07403158894669679,0.02216506116822749,SF,0,66.25,27.620263424518747,0.46875
2022,3,2022_03_SF_DEN,SF,52,33.0,25.428571428571427,-0.03786777876890627,-0.3027737840938035,68.5,29.686904761904763,-0.25152511199315386,-0.06815665997906555,DEN,0,64.0,24.25765765765766,0.6346153846153846
2022,4,2022_04_LA_SF,SF,49,28.0,31.058823529411764,-0.013701219111680957,0.1959491493081513,63.0,28.26746031746032,-0.18030600091840465,-0.14636236801731153,LA,0,57.666666666666664,31.235209235209236,0.5714285714285714
2022,5,2022_05_SF_CAR,SF,59,32.0,29.5,0.023377775242834353,0.26779079334574496,59.5,28.965301120448178,-0.13865480546672374,-0.06078448868594583,CAR,-1,53.5,26.515185377685377,0.5423728813559322
2022,6,2022_06_SF_ATL,SF,57,42.0,21.785714285714285,0.018189080887370684,-0.12068417551518809,57.5,29.313515406162463,-0.07646953435983761,0.04728762101854591,ATL,0,55.75,30.360281385281382,0.7368421052631579
2022,7,2022_07_KC_SF,SF,71,52.0,28.526315789473685,-0.015499104247536819,0.05438227973129728,54.25,26.94327731092437,-0.0025005354375955474,0.010070495761226157,KC,0,67.0,26.488972063995718,0.7323943661971831
2022,8,2022_08_SF_LA,SF,52,29.0,32.81481481481482,0.01836514778626272,0.34139265029149485,59.0,27.717713401149933,0.0030916331927468154,0.09935951171750135,LA,-7,60.5,30.3454290807232,0.5576923076923077
2022,10,2022_10_LAC_SF,SF,69,30.0,30.52777777777778,-0.12500859896341956,0.0597831948706464,59.75,28.156711222500697,0.011108224917232734,0.13572038696333724,LAC,7,71.5,24.825512144633265,0.43478260869565216
2022,11,2022_11_SF_ARI,SF,55,29.0,29.8,0.017932250681850576,0.37182081155518015,62.25,28.41365566694514,-0.025988368634330745,0.08371848734456258,ARI,0,64.0,27.716909924630514,0.5272727272727272
2022,12,2022_12_NO_SF,SF,65,38.0,28.757575757575758,0.006178911402821526,-0.020612828697303808,61.75,30.41722709551657,-0.026052576185710774,0.20684473411215465,NO,-1,52.75,30.142607526881722,0.5846153846153846
2022,13,2022_13_MIA_SF,SF,76,45.0,26.405405405405407,-0.06037441742691129,-0.0022352908078727843,60.25,30.475042087542086,-0.020633072273121184,0.18809595700500437,MIA,0,60.75,29.018207242532583,0.5921052631578947
2022,14,2022_14_TB_SF,SF,58,24.0,28.444444444444443,-0.020455620505592978,0.1665788023222783,66.25,28.872689735189738,-0.04031796357641469,0.10218897173016249,TB,1,71.5,29.72370354225193,0.41379310344827586
2022,15,2022_15_SF_SEA,SF,58,28.0,33.04545454545455,-0.053314124201906135,0.20574411601811268,63.5,28.351856401856402,-0.014179718961958042,0.12888787359307047,SEA,0,57.5,27.2766714942666,0.4827586206896552
2022,16,2022_16_WAS_SF,SF,51,26.0,31.043478260869566,-0.08031852286437467,0.11875740836497604,64.25,29.16322003822004,-0.03199131268289722,0.0873686997088036,WAS,3,66.25,32.101597476597476,0.5098039215686274
2022,17,2022_17_SF_LV,SF,60,35.0,28.88,-0.10593829868417795,0.30591318316229743,60.75,29.734695664043493,-0.05361567124969627,0.12221125897437354,LV,0,58.25,29.727384684281237,0.5833333333333334
2022,18,2022_18_ARI_SF,SF,61,26.0,29.91304347826087,-0.019638521969318357,0.05105318700350749,56.75,30.353344312692137,-0.06500664156401294,0.1992483774669161,ARI,0,67.75,24.91806860778206,0.4262295081967213
2023,3,2023_03_NYG_SF,SF,75,39.0,28.862068965517242,0.04064206537362684,0.1859455148749329,58.5,31.734615384615388,-0.036155665097268044,0.14898095308827256,NYG,0,66.0,30.87179487179487,0.52
2023,4,2023_04_ARI_SF,SF,51,22.0,31.75,0.07078032060102996,0.500390978659019,64.0,30.77709991158267,-0.010556421606969749,0.161302473683826,ARI,3,57.333333333333336,29.86873638344227,0.43137254901960786
2023,5,2023_05_DAL_SF,SF,66,26.0,31.61904761904762,0.02401884473287142,0.20159002192844072,60.75,31.020324933687004,0.009777763945030177,0.24607459992762426,DAL,0,69.0,29.738906467047386,0.3939393939393939
2023,6,2023_06_SF_CLE,SF,53,30.0,27.548387096774192,-0.13602091410221193,-0.19412102598999265,61.5,31.232779146141215,0.006425029254927944,0.25672610059638257,CLE,-7,71.75,28.252401244588746,0.5660377358490566
2023,7,2023_07_SF_MIN,SF,51,32.0,33.476190476190474,-0.03766430377960205,0.07834105938196456,61.25,29.944875920334763,-0.00014492084867092497,0.17345137236810002,MIN,0,60.75,27.143939393939394,0.6274509803921569
2023,8,2023_08_CIN_SF,SF,56,39.0,32.766666666666666,0.023449936195423782,-0.031718588663059336,55.25,31.098406298003074,-0.019721513136978147,0.14655025849485792,CIN,-8,62.5,28.35416898482994,0.6964285714285714
2023,10,2023_10_SF_JAX,SF,57,30.0,30.263157894736842,0.07743803518159058,0.32201751455031036,56.5,31.35257296466974,-0.031554109238379695,0.013522866664338325,JAX,0,64.75,27.578282828282827,0.5263157894736842
2023,11,2023_11_TB_SF,SF,57,31.0,27.96551724137931,0.02345734067035454,0.21202445266687114,54.25,31.013600533592047,-0.0181993116261999,0.04362973981980574,TB,0,62.25,27.415197122209317,0.543859649122807
2023,12,2023_12_SF_SEA,SF,63,33.0,30.238095238095237,0.015430854558944678,0.1095437831466301,55.25,31.117883069743325,0.021670252066941717,0.1451661094840217,SEA,0,58.5,27.436773255813954,0.5238095238095238
2023,13,2023_13_SF_PHI,SF,56,30.0,26.96,0.04259825233490238,0.5297241679114189,58.25,30.308359260219515,0.0349440416515784,0.15296679042518807,PHI,3,58.5,30.289624183006534,0.5357142857142857
2023,14,2023_14_SEA_SF,SF,52,31.0,31.545454545454547,0.07006281241774562,0.26301940512628535,58.25,28.856692593552847,0.039731120686448046,0.2933274795688076,SEA,-3,62.75,26.288335755813954,0.5961538461538461
2023,15,2023_15_SF_ARI,SF,51,27.0,30.666666666666668,0.021739281140840856,0.4262815998297522,57.0,29.177266756232275,0.03788731499548681,0.27857795221280135,ARI,-7,61.25,27.171992481203006,0.5294117647058824
2023,16,2023_16_BAL_SF,SF,68,51.0,30.454545454545453,0.006086448507924223,-0.2289337522270254,55.5,29.852554112554113,0.03745780011310838,0.33214223900352163,BAL,0,66.75,26.693590733590735,0.75
2023,17,2023_17_SF_WAS,SF,66,30.0,34.6578947368421,-0.07353327439890964,0.22816854806366318,56.75,29.906666666666666,0.035121698600353274,0.24752285516010775,WAS,-1,61.5,27.70252525252525,0.45454545454545453
2023,18,2023_18_LA_SF,SF,57,30.0,31.677419354838708,-0.1509486674456983,0.157289083299936,59.25,31.83114035087719,0.006088816916900268,0.17213395019816885,LA,0,68.25,31.37306985294118,0.5263157894736842
2024,3,2024_03_SF_LA,SF,65,38.0,29.321428571428573,-0.03458811079754557,0.2003130995559064,68.0,34.5,-0.12157208308492709,0.013057564461523029,LA,0,63.0,24.386363636363633,0.5846153846153846
2024,4,2024_04_NE_SF,SF,59,30.0,34.93333333333333,-0.10094549258550009,0.13354876115420425,67.0,32.773809523809526,-0.09257742565579992,0.07547607615965081,NE,-3,58.333333333333336,30.82938596491228,0.5084745762711864
2024,5,2024_05_ARI_SF,SF,63,41.0,32.19230769230769,0.04167494706569171,-0.041769841300806,65.0,33.31369047619047,-0.09466944238822496,0.08999424740828918,ARI,0,58.25,29.055551005551006,0.6507936507936508
2024,6,2024_06_SF_SEA,SF,61,31.0,33.0,0.08615319273973761,0.34049717114634487,63.5,33.2617673992674,-0.03995802157819463,0.05440199873736124,SEA,0,64.75,24.971491228070175,0.5081967213114754
2024,7,2024_07_KC_SF,SF,57,38.0,27.074074074074073,-0.010155736085246628,-0.17998239998507926,62.0,32.3617673992674,-0.0019263658944040848,0.1581472976389124,KC,-3,65.25,28.884890664423885,0.6666666666666666
2024,8,2024_08_DAL_SF,SF,63,33.0,26.03448275862069,-0.07461819938711214,0.2514795341508653,60.0,31.799928774928777,0.004181727783670651,0.06307342275366597,DAL,-7,65.5,26.099789915966383,0.5238095238095238
2024,10,2024_10_SF_TB,SF,59,41.0,30.967741935483872,-0.01015842033595577,0.2401123034899672,61.0,29.575216131250613,0.010763551083267639,0.09255611600283123,TB,8,68.5,30.952622051759985,0.6949152542372882
2024,11,2024_11_SEA_SF,SF,57,35.0,29.375,0.011331273686318147,0.10295889722616924,60.0,29.269074692044658,-0.0021947907671442317,0.16302665220052454,SEA,-7,61.75,26.745609318996415,0.6140350877192983
2024,12,2024_12_SF_GB,SF,46,32.0,28.6,0.16232137382030506,-0.42066519900423377,59.0,28.362824692044658,-0.020900270530499098,0.10364208372048063,GB,0,56.5,31.413042499296367,0.6956521739130435
2024,13,2024_13_SF_BUF,SF,46,21.0,37.166666666666664,-0.1503290325403214,-0.2471101430332274,56.25,28.74430617352614,0.022219006945888825,0.043471383965692015,BUF,-7,65.75,27.234887936717204,0.45652173913043476
2024,14,2024_14_CHI_SF,SF,60,28.0,37.63636363636363,0.05060791770617175,0.4070073706351577,52.0,31.527352150537634,0.003291298657586511,-0.08117603533033119,CHI,-3,65.25,32.02822104018912,0.4666666666666667
2024,15,2024_15_LA_SF,SF,53,34.0,28.9,-0.006902989745140054,-0.2849397209168315,52.25,33.19450757575758,0.018482883168118393,-0.03945226854403358,LA,0,58.25,31.28673963133641,0.6415094339622641
2024,16,2024_16_SF_MIA,SF,59,44.0,24.925925925925927,0.1071130009116354,0.06002081279891407,51.25,33.07575757575758,0.013924317310253842,-0.13642692307978377,MIA,3,64.5,32.17159498207885,0.7457627118644068
2024,17,2024_17_DET_SF,SF,59,43.0,30.285714285714285,0.07368542560759717,0.34407548521447734,54.5,32.15723905723905,0.00012222408308642727,-0.016255420128996795,DET,0,71.0,29.668488529014844,0.7288135593220338
2024,18,2024_18_SF_ARI,SF,71,46.0,26.11111111111111,-0.004992729702661228,0.009232503674161306,57.75,30.437000962000962,0.056125838620066065,0.13154098693292937,ARI,-2,66.0,32.43660714285714,0.647887323943662
2025,3,2025_03_ARI_SF,SF,60,41.0,24.542857142857144,0.05777427554130547,-0.05528022227968029,67.0,28.86317135549872,-0.01747647783648081,0.08012223938170772,ARI,0,54.0,24.9,0.6833333333333333
2025,4,2025_04_JAX_SF,SF,64,41.0,24.060606060606062,-0.10364617178073292,-0.0694931249937171,64.66666666666667,27.42306661795153,0.007607106622781285,0.03498808549457838,JAX,0,65.0,27.389037791476813,0.640625
2025,5,2025_05_SF_LA,SF,82,49.0,25.62162162162162,0.011701954342424851,0.12498951755959802,64.5,26.582451478615162,-0.020206212978097264,0.00886778287250451,LA,0,61.0,27.79055258467023,0.5975609756097561
2025,6,2025_06_SF_TB,SF,67,47.0,28.59090909090909,0.04151782271813372,-0.08532056090353145,67.5,24.58568297097709,-0.005693903868378201,0.01200429265523257,TB,3,65.25,28.083005809979493,0.7014925373134329
2025,7,2025_07_ATL_SF,SF,64,28.0,29.764705882352942,-0.14564117436346258,0.03446365946299332,68.25,25.70399847899848,0.0018369702052827806,-0.021276097654332707,ATL,1,63.5,29.21703431372549,0.4375
2025,8,2025_08_SF_HOU,SF,45,37.0,18.0,0.20670971274375916,-0.04005459639431089,69.25,27.009460663872428,-0.04901689227090923,0.001159872781335695,HOU,1,64.25,28.499317062248096,0.8222222222222222
2025,9,2025_09_SF_NYG,SF,63,28.0,33.208333333333336,-0.06566559882075701,0.3299612511886196,64.5,25.494309148720912,0.028572078860213786,0.00851950493118725,NYG,0,63.0,27.235820320030847,0.4444444444444444
2025,10,2025_10_LA_SF,SF,61,40.0,30.428571428571427,0.20291740364498567,0.1266335708317729,59.75,27.39098707664884,0.00923019056941832,0.059762438338442636,LA,0,60.75,29.97171052631579,0.6557377049180327
2025,11,2025_11_SF_ARI,SF,50,28.0,28.7,0.032622349581548096,0.19118915616353532,58.25,27.85040266106443,0.04958008580113131,0.11275097127226873,ARI,0,69.25,27.039959349593495,0.56
2025,12,2025_12_CAR_SF,SF,68,33.0,31.25,0.00664928364448061,-0.00134787502232322,54.75,27.584226190476194,0.09414596678738398,0.15193234544740422,CAR,0,59.75,30.713333466050855,0.4852941176470588
2025,13,2025_13_SF_CLE,SF,64,33.0,26.97142857142857,-0.10426684936811764,0.008921418854560909,60.5,30.896726190476194,0.04413085951256434,0.16160902579040112,CLE,-1,56.0,29.405842911877393,0.515625
2025,15,2025_15_TEN_SF,SF,70,37.0,25.523809523809526,0.05104506264130263,0.24785541111916856,60.75,29.3375,0.03448054687572419,0.08134906770688648,TEN,7,61.0,29.547829635809336,0.5285714285714286
2025,16,2025_16_SF_IND,SF,63,36.0,28.666666666666668,0.005429165832924104,0.4026968567348457,63.0,28.111309523809524,-0.0034875383751965753,0.11165452777873539,IND,0,55.25,29.29160436602871,0.5714285714285714
2025,17,2025_17_CHI_SF,SF,68,38.0,29.319148936170212,-0.0340401459823955,0.28495281093808655,66.25,28.10297619047619,-0.010285834312352573,0.16453145292156296,CHI,-2,69.0,29.48796957671958,0.5588235294117647
2025,18,2025_18_SEA_SF,SF,42,32.0,34.84,0.08609467264144659,-0.358990701150869,66.25,27.620263424518747,-0.0204581917190716,0.2361066244116654,SEA,0,61.0,27.15115399385561,0.7619047619047619
2022,3,2022_03_GB_TB,TB,59,46.0,29.31578947368421,0.10771376978267316,-0.20393332258251046,61.5,31.26705882352941,-0.07757542924614758,-0.12449237413436755,GB,0,62.0,30.136752136752136,0.7796610169491526
2022,4,2022_04_KC_TB,TB,59,53.0,33.42857142857143,0.04782134956783739,0.14037069031283136,60.666666666666664,30.616635706914348,-0.01581236290320733,-0.15097269028374852,KC,0,59.666666666666664,28.39470383275261,0.8983050847457628
2022,5,2022_05_ATL_TB,TB,73,53.0,25.533333333333335,0.1799731337848832,0.1467129368051097,60.25,31.319619637328614,9.606521455384973e-05,-0.07813684513460355,ATL,0,57.75,31.942261904761907,0.726027397260274
2022,6,2022_06_TB_PIT,TB,68,42.0,26.428571428571427,-0.052870519020978175,0.0714510275508033,63.5,29.39295297066195,0.06710418858471524,-0.0448782638122853,PIT,0,61.5,30.530879281537178,0.6176470588235294
2022,7,2022_07_TB_CAR,TB,66,51.0,31.606060606060606,0.09094211978967799,-0.15481061373272906,64.75,28.676566416040103,0.07065943352860389,0.03865033302155847,CAR,0,55.0,28.111914715719063,0.7727272727272727
2022,8,2022_08_BAL_TB,TB,62,47.0,27.636363636363637,0.07160614071221193,0.06802189239174211,66.5,29.249134199134197,0.0664665210303551,0.050931010234003815,BAL,0,60.75,31.44173669467787,0.7580645161290323
2022,9,2022_09_LA_TB,TB,78,58.0,24.5,-0.05103951754669351,-0.16011073121333302,67.25,27.801082251082253,0.07241271881644873,0.0328438107537315,LA,3,63.25,30.55516297428062,0.7435897435897436
2022,10,2022_10_SEA_TB,TB,68,30.0,31.296296296296298,-0.16619759317367316,0.16604592297822918,68.5,27.542748917748916,0.014659555983554557,-0.043862106250879176,SEA,0,64.0,26.3220695970696,0.4411764705882353
2022,12,2022_12_TB_CLE,TB,66,46.0,31.774193548387096,0.019530336196358144,-0.03333263937057055,68.5,28.75968013468014,-0.01367221255461919,-0.020213382394022705,CLE,7,62.75,30.956042032459706,0.696969696969697
2022,13,2022_13_NO_TB,TB,74,55.0,31.324324324324323,0.020450663498856846,-0.026504306741186246,68.5,28.80171337026176,-0.031525158452949155,0.010156111196516915,NO,0,50.25,26.75927419354839,0.7432432432432432
2022,14,2022_14_TB_SF,TB,73,56.0,23.363636363636363,-0.02802406127254174,-0.17902455124482927,71.5,29.72370354225193,-0.04431402775628792,-0.013475438586715176,SF,-1,66.25,28.872689735189738,0.7671232876712328
2022,15,2022_15_CIN_TB,TB,71,47.0,26.88,0.12231287103274774,-0.10564986884501229,70.25,29.43961263316102,-0.038560163687749976,-0.018203893594589238,CIN,0,61.75,25.994166944166942,0.6619718309859155
2022,16,2022_16_TB_ARI,TB,77,48.0,30.44736842105263,-0.05374024777362746,-0.09827332432668985,71.0,28.33553855908694,0.03356745236385525,-0.0861278415503996,ARI,0,66.0,27.604264418377323,0.6233766233766234
2022,17,2022_17_CAR_TB,TB,75,50.0,29.7027027027027,0.02781216901811687,0.11955578994781185,73.75,28.00383227725333,0.015249806371358848,-0.10236301278942943,CAR,-1,60.25,32.090921027501906,0.6666666666666666
2022,18,2022_18_TB_ATL,TB,54,34.0,30.181818181818183,-0.01702681218468861,-0.1687999634166907,74.0,27.598426871847924,0.017090182751173855,-0.06584798861717991,ATL,0,62.75,27.60866560340245,0.6296296296296297
2023,3,2023_03_PHI_TB,TB,45,29.0,29.608695652173914,-0.003356225531676721,-0.19908147269570658,65.5,26.10868005738881,-0.05630100338296459,0.06434239645264603,PHI,-3,67.5,29.93212669683258,0.6444444444444445
2023,4,2023_04_TB_NO,TB,65,40.0,24.586206896551722,0.027556865579552108,0.049559823210211615,58.666666666666664,27.275351922317174,-0.03865274409920197,-0.023465559930138175,NO,-1,64.33333333333333,26.821297749869178,0.6153846153846154
2023,6,2023_06_DET_TB,TB,54,40.0,27.48148148148148,0.009384020286447803,-0.2432004774404715,60.25,26.603065665875814,-0.022100341679513448,-0.005209214145050729,DET,7,63.5,29.765826330532214,0.7407407407407407
2023,7,2023_07_ATL_TB,TB,64,46.0,24.097560975609756,0.08254998127619427,-0.13255855228051153,57.5,27.333730153893242,-0.011083876852459132,-0.03989359151406948,ATL,0,68.5,31.330157908540038,0.71875
2023,8,2023_08_TB_BUF,TB,62,48.0,25.05,0.027889177799224844,-0.0742080300387661,57.0,26.443486251454217,0.029033660402629363,-0.13132016980161948,BUF,0,57.75,30.962348953728263,0.7741935483870968
2023,9,2023_09_TB_HOU,TB,63,34.0,28.142857142857142,-0.05375293867532599,0.15025631298896153,61.25,25.303812338410744,0.03684501123535476,-0.10010180913738438,HOU,3,60.25,28.900641025641026,0.5396825396825397
2023,10,2023_10_TEN_TB,TB,60,34.0,32.370370370370374,0.028718719312122852,0.05325110234052676,60.75,26.192974899987096,0.01651756017163523,-0.0749276866926969,TEN,-3,58.25,29.688299232736572,0.5666666666666667
2023,11,2023_11_TB_SF,TB,66,50.0,29.26086956521739,0.07442588828228132,-0.11537704090358511,62.25,27.415197122209317,0.021351234928053995,-0.0008147917474473371,SF,0,54.25,31.013600533592047,0.7575757575757576
2023,12,2023_12_TB_IND,TB,56,38.0,26.0,-0.020400348429878586,-0.08423193042463485,62.75,28.706024269611227,0.019320211679575757,0.003480586096784269,IND,-7,60.25,27.55960914085914,0.6785714285714286
2023,13,2023_13_CAR_TB,TB,56,30.0,27.193548387096776,-0.07142436053863793,-0.0453493899564948,61.25,28.943524269611224,0.0072478301222999005,0.0009746110003170799,CAR,0,63.25,25.203150110758806,0.5357142857142857
2023,14,2023_14_TB_ATL,TB,67,31.0,32.03125,-0.16989697758541555,-0.03212770888048162,59.5,28.70619708067113,0.002829974656471914,-0.047926814736047,ATL,0,63.75,28.936539480657128,0.4626865671641791
2023,15,2023_15_TB_GB,TB,58,33.0,30.57894736842105,0.017896964498188145,0.3644939105352218,61.25,28.621416988078543,-0.046823949567912686,-0.0692715175412991,GB,1,63.5,33.38266304347826,0.5689655172413793
2023,16,2023_16_JAX_TB,TB,70,39.0,36.38095238095238,-0.013905446976423185,0.05241863031272682,59.25,28.950936438879456,-0.06095618051393598,0.05069622031840263,JAX,0,67.75,28.120895402154964,0.5571428571428572
2023,17,2023_17_NO_TB,TB,50,36.0,27.0,-0.07485545873641962,-0.16686391382623492,62.75,31.54617453411755,-0.05933245515057213,0.08485886050274305,NO,-3,57.25,31.85763299377476,0.72
2023,18,2023_18_TB_CAR,TB,61,37.0,26.705882352941178,0.023970009589737103,-0.09411871407956798,61.25,31.497787437343355,-0.060190229700017556,0.05448022953530802,CAR,0,63.75,30.960746534167587,0.6065573770491803
2024,3,2024_03_DEN_TB,TB,56,40.0,30.22222222222222,-0.03510967303406114,-0.37624740803429263,52.5,35.12792642140468,0.0074310806144047715,0.0831930202395305,DEN,0,62.5,31.173076923076927,0.7142857142857143
2024,4,2024_04_PHI_TB,TB,73,50.0,32.833333333333336,0.47090577276853407,0.20875409261944278,53.666666666666664,33.49269168834386,-0.006749170601750531,-0.0699537891850772,PHI,0,68.66666666666667,30.031746031746035,0.684931506849315
2024,5,2024_05_TB_ATL,TB,50,30.0,31.3125,0.08100397757121505,0.1732246314704606,58.5,33.32785209959123,0.11266456524082062,-0.0002768187339472136,ATL,0,53.0,27.050056043758968,0.6
2024,6,2024_06_TB_NO,TB,73,41.0,25.864864864864863,0.0966353313553901,0.22035999537670697,56.25,31.851629273504273,0.13844210075569915,-0.02356115177113733,NO,4,57.25,30.279361598440545,0.5616438356164384
2024,7,2024_07_BAL_TB,TB,79,54.0,35.13793103448276,-0.09881628411156795,0.1229136622352591,63.0,30.058230105105103,0.1533588521652695,0.056522827858079425,BAL,0,62.75,32.36470434568812,0.6835443037974683
2024,8,2024_08_ATL_TB,TB,70,50.0,31.974358974358974,-0.02331509330171216,0.08780195819872409,68.75,31.28715730817024,0.13743219939589282,0.18131309542546736,ATL,-1,66.25,25.429340277777776,0.7142857142857143
2024,9,2024_09_TB_KC,TB,52,36.0,30.833333333333332,0.034447530905405754,0.18954355936319875,68.0,31.072413718426652,0.013876982878331258,0.15107506182028768,KC,0,65.5,28.38605263157895,0.6923076923076923
2024,10,2024_10_SF_TB,TB,58,32.0,34.25,-0.05490598455071458,-0.055726770076866564,68.5,30.952622051759985,0.0022378712118789335,0.15515479379347222,SF,-8,61.0,29.575216131250613,0.5517241379310345
2024,12,2024_12_TB_NYG,TB,62,32.0,38.27777777777778,0.05717422626912592,0.26243697680024375,64.75,33.04890583554376,-0.035647457764647235,0.08613310243007885,NYG,0,63.5,28.926599610067353,0.5161290322580645
2024,13,2024_13_TB_CAR,TB,76,39.0,30.31578947368421,-0.04825874633259245,-0.030901692524250773,60.5,33.83386752136752,0.003350169830526231,0.121013931071325,CAR,0,56.5,32.59954481792717,0.5131578947368421
2024,14,2024_14_LV_TB,TB,59,35.0,25.85185185185185,0.017647534608840974,0.12407973330365393,62.0,33.419225146198826,-0.0028857434271938407,0.09133801839058128,LV,-2,64.25,27.398659575064734,0.5932203389830508
2024,15,2024_15_TB_LAC,TB,67,30.0,28.033333333333335,-0.040289455375006035,0.22441281418351675,63.75,32.17385477582846,-0.007085742501335036,0.07497206187569509,LAC,0,55.75,31.107332725753775,0.44776119402985076
2024,16,2024_16_TB_DAL,TB,70,50.0,34.5,-0.008595166667815205,0.08336109182054117,66.0,30.619688109161793,-0.003431610207407899,0.1450069579407909,DAL,0,63.5,28.681748366013075,0.7142857142857143
2024,17,2024_17_CAR_TB,TB,71,35.0,34.0,-0.05527623768510491,0.45438960213542495,68.0,29.67524366471735,-0.01987395844164318,0.10023798669586527,CAR,0,62.5,27.868302591128682,0.49295774647887325
2024,18,2024_18_NO_TB,TB,63,40.0,26.714285714285715,-0.019408832962920033,0.22456962449190782,66.75,30.596296296296295,-0.021628331279771294,0.2215608103607842,NO,0,55.5,27.867361111111112,0.6349206349206349
2025,3,2025_03_NYJ_TB,TB,63,33.0,21.68421052631579,-0.029895968380428427,0.017624620730731694,64.0,27.690656565656568,0.02620847057290275,0.12433818978504493,NYJ,-1,55.5,27.154654654654653,0.5238095238095238
2025,4,2025_04_PHI_TB,TB,67,43.0,28.857142857142858,0.07158651246744038,-0.14611229033813666,63.666666666666664,25.688507885876305,0.007506990921792357,0.08876700010027384,PHI,0,59.333333333333336,26.945110332534266,0.6417910447761194
2025,5,2025_05_TB_SEA,TB,58,39.0,33.63157894736842,0.09589885383151292,0.3966835299692939,64.5,26.480666628692944,0.023526871308204363,0.030047177490671227,SEA,-3,57.5,27.938372093023254,0.6724137931034483
2025,6,2025_06_SF_TB,TB,50,25.0,26.29032258064516,-0.0416983046701976,0.294364429849522,65.25,28.083005809979493,0.039434019682933655,0.10070790564824923,SF,-3,67.5,24.58568297097709,0.5
2025,7,2025_07_TB_DET,TB,66,55.0,26.571428571428573,0.09451155452167295,-0.4194793221907245,59.5,27.61581372786806,0.023972773312081818,0.1406400725528527,DET,0,57.75,30.75808090678132,0.8333333333333334
2025,8,2025_08_TB_NO,TB,56,27.0,30.178571428571427,-0.11933913103171763,-0.14794995938809857,60.25,28.837618239146256,0.05507465403760716,0.03136408682248869,NO,-1,57.75,24.25892857142857,0.48214285714285715
2025,10,2025_10_NE_TB,TB,67,45.0,28.966666666666665,0.04998331537117831,0.04433766933688482,57.5,29.167975382003398,0.007343243162817658,0.03090466955999821,NE,7,61.25,31.76948757763975,0.6716417910447762
2025,11,2025_11_TB_BUF,TB,69,35.0,30.511111111111113,-0.13921093754470346,0.05390374443740402,59.75,28.001747311827955,-0.004135641452265994,-0.05718179559810406,BUF,0,60.75,28.581582633053223,0.5072463768115942
2025,12,2025_12_TB_LA,TB,67,42.0,33.30769230769231,-0.05518062412738805,-0.4299177406598995,64.5,29.056944444444447,-0.02851379967089246,-0.11729696695113355,LA,0,61.25,29.3583089668616,0.6268656716417911
2025,13,2025_13_ARI_TB,TB,54,33.0,27.392857142857142,-0.021515323780477002,0.06203239796188115,64.75,30.741010378510378,-0.0659368443331577,-0.11990657156842731,ARI,0,71.5,26.383993055555553,0.6111111111111112
2025,14,2025_14_NO_TB,TB,69,35.0,25.536585365853657,-0.14912030691245826,-0.17834828406160366,64.25,30.044581807081805,-0.041480892520347555,-0.06741098223093238,NO,0,63.0,28.382028440666883,0.5072463768115942
2025,15,2025_15_ATL_TB,TB,62,41.0,26.289473684210527,0.06510537117719649,0.05510730061320123,64.75,29.18706148187856,-0.0912567980912567,-0.12308247058055449,ATL,0,60.25,29.683930704898447,0.6612903225806451
2025,16,2025_16_TB_CAR,TB,60,30.0,33.285714285714285,-0.21044976004334384,0.1068543509019222,63.0,28.13165212515341,-0.0401777209107817,-0.12278158153660519,CAR,3,58.75,30.999037469238708,0.5
2025,17,2025_17_TB_MIA,TB,63,50.0,32.2,0.039516121149063194,0.0350676979048034,61.25,28.126157619658905,-0.07899500488977065,0.011411441353850228,MIA,0,56.25,32.829878454878454,0.7936507936507936
2025,18,2025_18_CAR_TB,TB,66,28.0,33.02857142857143,-0.16706753912426178,0.006040095488994271,63.5,29.327943333944617,-0.06373714365738561,0.004670266339580792,CAR,0,54.25,28.429219948849102,0.42424242424242425
2022,3,2022_03_LV_TEN,TEN,53,28.0,35.31578947368421,-0.022697430849075193,0.1869555335154715,56.0,32.487132352941174,-0.03478580271913893,-0.17596053740493875,LV,-1,59.0,32.741176470588236,0.5283018867924528
2022,4,2022_04_TEN_IND,TEN,49,26.0,36.63636363636363,-0.0007545820304325242,0.04236085769287215,55.0,33.43001805985552,-0.03075634542911768,-0.054988513764801995,IND,0,68.66666666666667,30.50885368126747,0.5306122448979592
2022,5,2022_05_TEN_WAS,TEN,62,31.0,28.94736842105263,-0.13098811986399636,-0.01704861277023394,53.5,34.23160445398255,-0.02325590457944639,-0.03065117090038346,WAS,0,72.25,28.568855248489115,0.5
2022,7,2022_07_IND_TEN,TEN,55,22.0,28.1875,-0.06519976582216179,-0.11781253263436307,54.25,33.577821559245706,-0.05122001436369422,-0.04199475129489512,IND,7,69.75,26.76556021306861,0.4
2022,8,2022_08_TEN_HOU,TEN,57,15.0,29.322580645161292,-0.33095757886767396,0.04433115727587975,54.75,32.27175538277512,-0.05490997464141646,0.023613811450936655,HOU,0,57.5,30.40662000377074,0.2631578947368421
2022,9,2022_09_TEN_KC,TEN,47,21.0,29.0,-0.3154104076899014,-0.0778743759544806,55.75,30.773453175644388,-0.13197501164606615,-0.012042282608961284,KC,-7,65.5,25.510395926883,0.44680851063829785
2022,10,2022_10_DEN_TEN,TEN,60,38.0,23.5,-0.029469416222789025,-0.08458143977035684,55.25,28.864362266553478,-0.21063896806093335,-0.04210109102079947,DEN,-7,64.75,25.270670995670997,0.6333333333333333
2022,11,2022_11_TEN_GB,TEN,61,32.0,27.511627906976745,-0.026925752344338777,0.24084030887251331,54.75,27.50252016129032,-0.18525929215063153,-0.058984297770830196,GB,0,59.5,30.733766233766236,0.5245901639344263
2022,12,2022_12_CIN_TEN,TEN,56,37.0,23.470588235294116,-0.011363485124376098,0.06004013382602548,56.25,27.333552138034506,-0.1756907887811758,0.0306789126058889,CIN,3,62.0,28.35246212121212,0.6607142857142857
2022,13,2022_13_TEN_PHI,TEN,53,35.0,28.761904761904763,0.07883759617805478,-0.2318919237389723,56.0,25.870554035567714,-0.09579226534535132,0.034606156743425334,PHI,0,61.25,25.809493471821845,0.660377358490566
2022,14,2022_14_JAX_TEN,TEN,63,45.0,31.0,-0.06311715068295594,-0.13120148055433561,57.5,25.811030226043908,0.002769735621637733,-0.0038982302026975973,JAX,0,61.25,28.08059346567411,0.7142857142857143
2022,15,2022_15_TEN_LAC,TEN,56,32.0,33.19230769230769,0.019750451190130993,-0.053985220024048305,58.25,27.686030226043908,-0.005642197993403996,-0.01555324039869229,LAC,0,69.5,27.927120870870873,0.5714285714285714
2022,16,2022_16_HOU_TEN,TEN,58,28.0,28.060606060606062,-0.23641656562685967,-0.261498003158365,57.0,29.106200172376642,0.006026852890213447,-0.0892596226228327,HOU,0,60.25,29.630089595646872,0.4827586206896552
2022,17,2022_17_DAL_TEN,TEN,65,42.0,27.366666666666667,-0.060956729984864955,-0.1639871131224794,57.5,30.253704628704632,-0.05023641723540745,-0.1696441568689303,DAL,0,70.0,27.49228064539159,0.6461538461538462
2022,18,2022_18_TEN_JAX,TEN,72,35.0,28.11627906976744,-0.20088649034500122,-0.09295700008742358,60.5,29.904895104895104,-0.08518499877613736,-0.1526679542148071,JAX,3,66.25,29.960247432306254,0.4861111111111111
2023,3,2023_03_TEN_CLE,TEN,45,30.0,20.27777777777778,0.04120998355475339,-0.4379818726668917,61.0,30.652310924369747,-0.04133068495474954,-0.10595089763886296,CLE,1,78.0,26.742897727272727,0.6666666666666666
2023,4,2023_04_CIN_TEN,TEN,61,31.0,31.05,0.025528918951749722,0.20212646460574138,55.666666666666664,27.19413320883909,-0.013817128784915233,-0.21662788931487253,CIN,1,59.666666666666664,27.28480204342273,0.5081967213114754
2023,5,2023_05_TEN_IND,TEN,56,36.0,30.852941176470587,0.006392636677113957,0.0997040036071276,57.0,28.158099906629317,-0.003980616850748994,-0.11193930083471906,IND,0,67.0,27.415029088558498,0.6428571428571429
2023,6,2023_06_BAL_TEN,TEN,46,30.0,29.11764705882353,-0.029070021017737865,-0.1970388610308663,56.25,28.14812091503268,-0.008923579159958311,-0.031377871993351875,BAL,0,65.75,28.516168515813163,0.6521739130434783
2023,8,2023_08_ATL_TEN,TEN,64,32.0,33.78260869565217,0.00041289819825075476,0.06637833869535861,52.0,27.82459150326797,0.0110153795414698,-0.08329756637122225,ATL,7,68.25,30.498964070285865,0.5
2023,9,2023_09_TEN_PIT,TEN,67,44.0,25.0,-0.032756137135236126,-0.0025226740998949217,56.75,31.20079923273657,0.0008161082023441418,0.04279248646934033,PIT,0,58.0,29.66847041847042,0.6567164179104478
2023,10,2023_10_TEN_TB,TEN,59,43.0,30.24,-0.03654400959159389,-0.2696010521121989,58.25,29.688299232736572,-0.01375515581940232,-0.008369798207068747,TB,3,60.75,26.192974899987096,0.7288135593220338
2023,11,2023_11_TEN_JAX,TEN,36,20.0,28.416666666666668,-0.10359593257308002,0.03798047847683636,59.0,29.535063938618922,-0.02448931738657928,-0.10069606213690038,JAX,0,57.75,28.79040404040404,0.5555555555555556
2023,12,2023_12_CAR_TEN,TEN,49,28.0,31.523809523809526,0.02754033178091039,0.04109319935467261,56.5,29.35981884057971,-0.04312079527541482,-0.04194122725997471,CAR,0,61.75,24.460426618035314,0.5714285714285714
2023,13,2023_13_IND_TEN,TEN,80,40.0,28.0,-0.12849197806196008,0.030810059981491344,52.75,28.795119047619046,-0.036338936879749914,-0.04826251209514622,IND,0,60.75,25.797109140859142,0.5
2023,14,2023_14_TEN_MIA,TEN,68,42.0,29.525,-0.08280069768428809,0.0670025562487063,56.0,29.545119047619046,-0.0602728971114309,-0.039929328574799645,MIA,0,62.75,30.737012987012985,0.6176470588235294
2023,15,2023_15_HOU_TEN,TEN,63,36.0,31.666666666666668,-0.08192717780669526,-0.1818944790099014,58.25,29.36636904761905,-0.07183706913460446,0.04422157351542666,HOU,-1,59.75,27.829257679772553,0.5714285714285714
2023,16,2023_16_SEA_TEN,TEN,63,34.0,26.483870967741936,-0.05615515452484754,0.09455044940788757,65.0,30.17886904761905,-0.06641988044300827,-0.010747165856257783,SEA,1,57.75,27.043839798850573,0.5396825396825397
2023,17,2023_17_TEN_HOU,TEN,53,32.0,30.7,-0.09236090133587506,-0.42931560298710836,68.5,28.91888440860215,-0.08734375201944775,0.0026171466570459566,HOU,0,63.75,26.940431922196794,0.6037735849056604
2023,18,2023_18_JAX_TEN,TEN,52,29.0,27.58823529411765,0.013449009345925465,0.1261247023055778,61.75,29.59388440860215,-0.0783109828379265,-0.11241426908510396,JAX,0,64.0,29.743393640350877,0.5576923076923077
2024,3,2024_03_GB_TEN,TEN,53,44.0,30.727272727272727,0.047068240741888624,-0.3672178017540026,60.5,28.869565217391305,-0.05040229681051442,-0.17684303668478393,GB,0,63.0,28.5625,0.8301886792452831
2024,4,2024_04_TEN_MIA,TEN,61,22.0,31.0,-0.1625688508862541,-0.12303492048345094,58.0,29.48880105401845,-0.01791211762638007,-0.24030129170785683,MIA,0,65.33333333333333,31.7550505050505,0.36065573770491804
2024,6,2024_06_IND_TEN,TEN,55,30.0,34.44444444444444,-0.09816827997565265,-0.02593452022349266,58.75,29.866600790513836,-0.05407630094134858,-0.21098469890175536,IND,6,58.5,25.706349206349206,0.5454545454545454
2024,7,2024_07_TEN_BUF,TEN,66,43.0,27.763157894736842,-0.01486941038266471,-0.22372470715019943,57.25,30.542929292929294,-0.07557933918008257,-0.15143216685752794,BUF,1,58.0,26.7081983805668,0.6515151515151515
2024,8,2024_08_TEN_DET,TEN,71,42.0,33.642857142857146,0.13257133513689048,-0.2904079267824837,58.75,30.983718766613503,-0.05713457512567072,-0.18497798740278643,DET,0,58.0,33.45178571428571,0.5915492957746479
2024,9,2024_09_NE_TEN,TEN,73,36.0,28.945945945945947,-0.1183492163817088,0.011146080145846443,63.25,31.712614870509604,-0.03575880152692026,-0.1657755186599067,NE,0,59.0,28.411428571428573,0.4931506849315068
2024,10,2024_10_TEN_LAC,TEN,51,33.0,30.73913043478261,-0.05788747314363719,0.116893013446498,66.25,31.199101356996092,-0.02470389290078392,-0.13223026850258238,LAC,0,63.0,32.03228291316526,0.6470588235294118
2024,11,2024_11_MIN_TEN,TEN,55,38.0,29.772727272727273,-0.05912606914838155,-0.14260744115284113,65.25,30.272772854580634,-0.014633691192780055,-0.09652338508508468,MIN,0,63.0,30.961360095428212,0.6909090909090909
2024,12,2024_12_TEN_HOU,TEN,64,35.0,30.25581395348837,-0.040862747559360396,-0.09636980106419976,62.5,30.775165199078245,-0.025697855884209267,-0.07624406858574512,HOU,1,66.75,30.396681749622925,0.546875
2024,13,2024_13_TEN_WAS,TEN,51,40.0,24.857142857142858,0.05040168017148985,-0.10154991066288348,60.75,29.928404401736053,-0.06905637655827199,-0.02773453715617412,WAS,0,61.75,27.304545454545455,0.7843137254901961
2024,14,2024_14_JAX_TEN,TEN,62,34.0,31.22222222222222,-0.026773981230203553,-0.15862419363598337,55.25,28.906203629535277,-0.02686865241997232,-0.055908534858356604,JAX,0,52.75,29.687968975468976,0.5483870967741935
2024,15,2024_15_CIN_TEN,TEN,64,39.0,29.846153846153847,-0.09188735485076911,-0.11534370897061322,58.0,29.02697657639518,-0.019090279441613914,-0.12478783662897694,CIN,1,68.5,27.643777056277052,0.609375
2024,16,2024_16_TEN_IND,TEN,58,37.0,31.25,0.07765866168167287,0.07221309393267741,60.25,29.045333219751825,-0.027280600867210805,-0.11797190358341997,IND,0,61.75,28.65357142857143,0.6379310344827587
2024,17,2024_17_TEN_JAX,TEN,64,38.0,32.625,-0.15152389530477853,0.03728812583230863,58.75,29.293879731379732,0.0023497514430475125,-0.07582617983420066,JAX,0,66.25,25.044543650793653,0.59375
2024,18,2024_18_HOU_TEN,TEN,61,31.0,27.615384615384617,-0.2737765237689017,-0.18464127046662512,62.0,31.235844017094017,-0.04813164242601958,-0.04111667071040265,HOU,-4,54.0,29.84297810033104,0.5081967213114754
2025,3,2025_03_IND_TEN,TEN,65,45.0,28.38095238095238,0.012414808074633313,-0.17245561312711896,59.5,26.922764227642276,-0.06539860269189016,-0.26700272933150665,IND,0,68.5,29.148102815177477,0.6923076923076923
2025,4,2025_04_TEN_HOU,TEN,45,29.0,22.85185185185185,-0.15756899406833028,-0.33984141296230647,61.333333333333336,27.40882694541231,-0.039460799103049005,-0.2354870239300441,HOU,0,53.333333333333336,28.495601237842617,0.6444444444444445
2025,5,2025_05_TEN_ARI,TEN,61,42.0,29.5,-0.12964545763455912,-0.0401843889896097,57.25,26.269583172022195,-0.06898784784436932,-0.2615756211881097,ARI,-3,59.0,26.651333992094862,0.6885245901639344
2025,6,2025_06_TEN_LV,TEN,58,43.0,31.066666666666666,0.008145348893271512,-0.30766865473885496,58.75,26.561249838688862,-0.09082933241748725,-0.16904806080220428,LV,0,61.25,28.631317204301073,0.7413793103448276
2025,7,2025_07_NE_TEN,TEN,51,39.0,31.5,-0.00246626966529421,-0.28418670217351033,57.25,27.949867724867723,-0.06666357368374615,-0.21503751745447253,NE,0,57.0,29.339527027027028,0.7647058823529411
2025,8,2025_08_TEN_IND,TEN,66,42.0,28.4,-0.12355537787079811,-0.08746747893923318,53.75,28.729629629629628,-0.07038384311872803,-0.24297028971607038,IND,0,56.75,27.0379022933577,0.6363636363636364
2025,9,2025_09_LAC_TEN,TEN,44,26.0,27.733333333333334,-0.04228521357564372,-0.1772392417559913,59.0,30.116666666666667,-0.061880439069344984,-0.17987680621030205,LAC,-3,67.75,30.03271010598597,0.5909090909090909
2025,11,2025_11_HOU_TEN,TEN,57,43.0,29.310344827586206,0.014333188533782947,-0.11977042686512415,54.75,29.675,-0.04004037805461614,-0.21414051940189743,HOU,7,72.0,27.455211455211455,0.7543859649122807
2025,12,2025_12_SEA_TEN,TEN,68,50.0,29.296296296296298,0.09469290591519461,-0.005286902499385006,54.5,29.235919540229883,-0.03849341814448828,-0.1671659624334647,SEA,0,61.5,30.734243697478995,0.7352941176470589
2025,13,2025_13_JAX_TEN,TEN,55,42.0,29.875,0.006442773800629755,-0.42417983943685056,58.75,28.684993614303963,-0.014203624249366074,-0.09744101251493341,JAX,0,65.25,31.04404761904762,0.7636363636363637
2025,14,2025_14_TEN_CLE,TEN,64,29.0,29.70967741935484,-0.14813945993133218,-0.09271315196570784,56.0,29.05374361430396,0.01829591366849089,-0.18161910263933775,CLE,0,58.0,29.609125740160223,0.453125
2025,15,2025_15_TEN_SF,TEN,49,29.0,23.88888888888889,-0.11813809840302728,0.23221759362338262,61.0,29.547829635809336,-0.008167647920431224,-0.1604875801917669,SF,-7,60.75,29.3375,0.5918367346938775
2025,16,2025_16_KC_TEN,TEN,68,31.0,32.108108108108105,-0.028516935184598014,0.044660974405335015,59.0,28.192465651135006,-0.041285469654633776,-0.0724905750696402,KC,0,68.5,27.021544715447153,0.45588235294117646
2025,17,2025_17_NO_TEN,TEN,72,46.0,32.23076923076923,-0.06185337578928153,-0.18078528304507235,59.0,28.89541860408796,-0.07208792992958193,-0.06000360584346019,NO,0,65.5,27.429229344551928,0.6388888888888888
2025,18,2025_18_TEN_JAX,TEN,53,35.0,31.714285714285715,0.057755857706069946,-0.34853634520370413,63.25,29.484360911780264,-0.08916196732705975,0.0008450332544843592,JAX,0,63.0,25.383104395604395,0.660377358490566
2022,3,2022_03_PHI_WAS,WAS,75,56.0,28.263157894736842,-0.0033168685436248675,-0.3102656599314633,71.5,27.77536231884058,0.08049387015916154,0.04909846244563426,PHI,1,69.5,25.31100795755968,0.7466666666666667
2022,4,2022_04_WAS_DAL,WAS,71,45.0,30.46153846153846,-0.16601009964942934,-0.26546563118502137,72.66666666666667,27.937960844139337,0.052556957258232735,-0.0706895783467316,DAL,1,60.0,28.9498556998557,0.6338028169014085
2022,5,2022_05_TEN_WAS,WAS,57,43.0,30.807692307692307,0.05901013721119272,-0.045868048771587414,72.25,28.568855248489115,-0.0020848069686827814,-0.11938359155630404,TEN,0,53.5,34.23160445398255,0.7543859649122807
2022,6,2022_06_WAS_CHI,WAS,54,26.0,27.655172413793103,-0.09790947004443123,-0.10838856358584573,69.25,29.466430499325234,-0.021416650925847595,-0.1427483256003847,CHI,0,52.25,29.900516456582633,0.48148148148148145
2022,7,2022_07_GB_WAS,WAS,72,35.0,30.27906976744186,-0.11352464753501819,-0.05818335264887661,64.25,29.296890269440176,-0.05205657525657317,-0.18249697586847946,GB,3,65.25,28.509830447330447,0.4861111111111111
2022,8,2022_08_WAS_IND,WAS,61,38.0,31.032258064516128,-0.0749816760420799,-0.0659895682877463,63.5,29.80086823761643,-0.0796085200044215,-0.11947639904783278,IND,0,68.75,26.472375724231945,0.6229508196721312
2022,9,2022_09_MIN_WAS,WAS,60,34.0,28.18918918918919,-0.06058147788047782,-0.16324590561069058,61.0,29.94354813836085,-0.05685141410258415,-0.06960738332351402,MIN,0,64.0,28.35031746031746,0.5666666666666667
2022,10,2022_10_WAS_PHI,WAS,77,31.0,29.32,-0.14973266289702483,0.07644625488794457,61.75,29.28892235873507,-0.08674931787550179,-0.09895184753328981,PHI,-3,62.5,27.658225556776188,0.4025974025974026
2022,11,2022_11_WAS_HOU,WAS,67,28.0,31.5,-0.15382723645730453,-0.06384998658309099,67.5,29.705129255286792,-0.09970511608865018,-0.05274314291484223,HOU,-1,58.0,31.22269912749789,0.417910447761194
2022,12,2022_12_ATL_WAS,WAS,59,23.0,32.282051282051285,-0.1295417921410667,0.12345921490799618,66.25,30.01036181342633,-0.10978076331922176,-0.054159801398395824,ATL,0,58.25,30.323909736308316,0.3898305084745763
2022,13,2022_13_WAS_NYG,WAS,81,47.0,32.476190476190474,-0.10046173568735728,0.042763374958087116,65.75,30.322810117810118,-0.12342079234396847,-0.006797605599460212,NYG,-3,64.75,27.62822607675549,0.5802469135802469
2022,15,2022_15_NYG_WAS,WAS,58,33.0,32.148148148148145,-0.17563603562968122,-0.09581635156161111,71.0,31.394560439560436,-0.13339085679568832,0.04470471454273421,NYG,7,63.75,27.101913252775322,0.5689655172413793
2022,16,2022_16_WAS_SF,WAS,70,37.0,33.08571428571429,-0.30439527687572304,-0.1341323498738331,66.25,32.101597476597476,-0.13986669997885243,0.001639062930345287,SF,-3,64.25,29.16322003822004,0.5285714285714286
2022,17,2022_17_CLE_WAS,WAS,68,32.0,30.837209302325583,-0.2874165240754472,-0.17672617939327945,67.0,32.49802604802605,-0.17750871008345706,-0.01593152789234024,CLE,0,63.75,29.652515300791162,0.47058823529411764
2022,18,2022_18_DAL_WAS,WAS,62,25.0,16.666666666666668,-0.04663065820932362,-0.19370374138977547,69.25,32.13681555309462,-0.21697739306705216,-0.09097787646765915,DAL,-3,72.0,27.410885296554383,0.4032258064516129
2023,3,2023_03_BUF_WAS,WAS,51,39.0,31.333333333333332,0.22747716059287393,-0.598769619115629,66.0,26.617724867724867,0.10308011091014446,-0.04656730539281945,BUF,0,69.5,33.22794117647059,0.7647058823529411
2023,4,2023_04_WAS_PHI,WAS,74,51.0,29.0,0.04308624056781205,0.20363694590479642,61.0,28.189594356261022,0.14454579413772095,-0.23063474330042263,PHI,1,71.0,28.607528908999498,0.6891891891891891
2023,5,2023_05_CHI_WAS,WAS,68,61.0,31.75,-0.09761043389638253,-0.10337574538745503,64.25,28.392195767195766,0.11918090574524373,-0.12206682099911786,CHI,0,61.0,31.777647243107772,0.8970588235294118
2023,6,2023_06_WAS_ATL,WAS,48,29.0,28.153846153846153,0.12339843665399862,-0.03237380377784994,65.0,30.41898148148148,0.07311828661765718,-0.07436487486253436,ATL,3,68.0,30.57715715835249,0.6041666666666666
2023,7,2023_07_WAS_NYG,WAS,67,49.0,27.0,0.07866868138313292,-0.23017099172767566,60.25,30.059294871794872,0.07408785097957551,-0.1327205555940344,NYG,0,65.0,30.615178571428572,0.7313432835820896
2023,8,2023_08_PHI_WAS,WAS,69,55.0,28.892857142857142,0.2355077432261573,0.0687156282795553,64.25,28.97596153846154,0.036885731177140266,-0.04057089874704605,PHI,0,70.0,29.231588754382873,0.7971014492753623
2023,9,2023_09_WAS_NE,WAS,76,51.0,29.306122448979593,0.09332190531081166,0.0373545250698953,63.0,28.949175824175825,0.08499110684172659,-0.07430122815335634,NE,0,53.0,30.000883838383835,0.6710526315789473
2023,10,2023_10_WAS_SEA,WAS,61,47.0,27.12121212121212,0.18751626548378972,0.10915612898183218,65.0,28.338206436420723,0.1327241916435251,-0.039118660539018746,SEA,0,56.5,28.679375,0.7704918032786885
2023,11,2023_11_NYG_WAS,WAS,77,52.0,30.25,-0.0350489341295683,-0.17081263140632683,68.25,28.080047928262214,0.1487536488509729,-0.003736177349098223,NYG,0,62.25,28.168918918918926,0.6753246753246753
2023,12,2023_12_WAS_DAL,WAS,75,49.0,31.22222222222222,0.1289001250018675,-0.22685714284017877,70.75,28.892547928262214,0.1203242449727976,0.011103412731238986,DAL,0,67.75,28.534949712643677,0.6533333333333333
2023,13,2023_13_MIA_WAS,WAS,55,30.0,32.45454545454545,0.04811581770579021,-0.17663887556606928,72.25,29.474889198103483,0.09367234041672515,-0.06278978004869454,MIA,1,65.5,30.18095238095238,0.5454545454545454
2023,15,2023_15_WAS_LA,WAS,58,41.0,30.8,0.07514228475721263,-0.14444259610097337,67.0,30.261994949494948,0.08237081851546979,-0.11628813020768566,LA,7,64.5,25.94745323416723,0.7068965517241379
2023,16,2023_16_WAS_NYJ,WAS,58,37.0,16.333333333333332,0.2331742048263549,-0.1827446009746981,66.25,31.181691919191916,0.05427732333382551,-0.17968781147838708,NYJ,0,60.5,28.68638583638584,0.6379310344827587
2023,17,2023_17_SF_WAS,WAS,43,29.0,36.5,0.021847630883085254,-0.18317498533560392,61.5,27.70252525252525,0.12133310807280631,-0.1826708038704799,SF,1,56.75,29.906666666666666,0.6744186046511628
2023,18,2023_18_DAL_WAS,WAS,48,33.0,29.541666666666668,0.2082885445067377,-0.29947396023535117,53.5,29.0219696969697,0.09456998454311075,-0.17175026449433617,DAL,-1,63.0,26.83790322580645,0.6875
2024,3,2024_03_WAS_CIN,WAS,55,30.0,31.15,0.08996483424435485,0.5153402799418086,61.5,33.27872340425532,-0.09549675560189408,0.13855921019989836,CIN,0,54.5,28.9375,0.5454545454545454
2024,4,2024_04_WAS_ARI,WAS,68,37.0,34.30769230769231,-0.0038662361912429775,0.4156882703863847,59.333333333333336,32.569148936170215,-0.03367622565314444,0.26415290011386844,ARI,-1,58.333333333333336,29.56789516789517,0.5441176470588235
2024,5,2024_05_CLE_WAS,WAS,65,36.0,25.63157894736842,-0.04196412364641824,0.0844964952522619,61.5,33.00378477905073,-0.026223728287669074,0.30203674268199754,CLE,0,63.75,26.17652562491272,0.5538461538461539
2024,6,2024_06_WAS_BAL,WAS,56,42.0,26.066666666666666,0.11713589204324255,0.10231656484340815,63.75,30.761679515892844,-0.010911599057777522,0.2930032861021333,BAL,0,62.25,33.45650470219436,0.75
2024,7,2024_07_CAR_WAS,WAS,61,28.0,,-0.401663541793823,0.2692260682342438,61.0,29.28898448043185,0.04031759161248405,0.27946040260596583,CAR,0,64.5,30.231639928698755,0.45901639344262296
2024,8,2024_08_CHI_WAS,WAS,72,46.0,27.285714285714285,-0.0006066542863846958,0.07505590199857656,62.5,28.668645973909133,-0.08258950239706042,0.21793184967907464,CHI,-7,65.25,26.535370670995672,0.6388888888888888
2024,9,2024_09_WAS_NYG,WAS,57,25.0,30.818181818181817,-0.11540929457316033,0.31158005607325057,63.5,26.327986633249793,-0.08177460692084584,0.1327737575821226,NYG,1,65.75,28.164724709605494,0.43859649122807015
2024,10,2024_10_PIT_WAS,WAS,59,37.0,22.666666666666668,0.009556744733582416,-0.13645924922788857,61.5,28.056854256854255,-0.10013589965253138,0.18954464778736976,PIT,-6,61.25,26.798228969006956,0.6271186440677966
2024,11,2024_11_WAS_PHI,WAS,64,40.0,28.733333333333334,-0.04798561687532216,-0.11744629858753639,62.25,26.923520923520925,-0.12703068647994642,0.1298506942695456,PHI,0,65.0,29.617691050779285,0.625
2024,12,2024_12_DAL_WAS,WAS,67,43.0,27.0,-0.11235514736693844,-0.029198595789598086,63.0,27.375974025974024,-0.03861120525032119,0.033182602564100536,DAL,4,66.75,26.27978494623656,0.6417910447761194
2024,13,2024_13_TEN_WAS,WAS,76,38.0,33.75,0.23399994522333148,0.29231445376932497,61.75,27.304545454545455,-0.06654832852045962,0.0071189781170568735,TEN,0,60.75,29.928404401736053,0.5
2024,15,2024_15_WAS_NO,WAS,74,45.0,27.142857142857142,0.014086827103580831,0.07163261401595833,66.5,28.0375,0.020803981428663326,0.002302577541075476,NO,7,60.25,29.686613783017627,0.6081081081081081
2024,16,2024_16_PHI_WAS,WAS,64,45.0,18.357142857142858,0.15746974034441852,-0.06638440221672509,70.25,29.156547619047622,0.02193650202116293,0.0543255433520372,PHI,0,62.0,27.81510721247563,0.703125
2024,17,2024_17_ATL_WAS,WAS,76,48.0,26.825,0.058563669833044237,0.22150347765688638,70.25,26.5625,0.0733003413260981,0.06709101744474003,ATL,0,67.0,29.59378823169584,0.631578947368421
2024,18,2024_18_WAS_DAL,WAS,54,40.0,26.884615384615383,0.060411455109715476,0.08709049513575912,72.5,26.518749999999997,0.11603004562609377,0.12976653580636116,DAL,0,60.0,29.204004172156345,0.7407407407407407
2025,3,2025_03_LV_WAS,WAS,53,22.0,29.545454545454547,-0.0989394054881165,0.2802268965676273,63.5,29.44055944055944,0.020694015125433576,0.011675886002073907,LV,4,62.5,25.475490196078432,0.41509433962264153
2025,4,2025_04_WAS_ATL,WAS,51,30.0,25.64,-0.0025461871048500285,0.13131269248133223,60.0,29.475524475524477,-0.019183791745749783,0.10119288952392502,ATL,0,66.0,28.56924019607843,0.5882352941176471
2025,5,2025_05_WAS_LAC,WAS,54,31.0,25.72,0.04979102611541738,0.2549900184067639,57.75,28.516643356643357,-0.015024390585524844,0.10872284026327683,LAC,0,62.25,27.481555753614575,0.5740740740740741
2025,6,2025_06_CHI_WAS,WAS,59,35.0,29.56756756756757,-0.03278588231016952,-0.06369690371164809,55.75,27.514825174825177,-0.010337961084945028,0.12605647307460102,CHI,-7,61.5,24.840642184392184,0.5932203389830508
2025,7,2025_07_WAS_DAL,WAS,64,40.0,23.08,-0.02593290519255848,-0.22131152660881312,54.25,27.618255528255528,-0.021120112196929667,0.15070817593601885,DAL,-1,60.75,28.187279277028154,0.625
2025,8,2025_08_WAS_KC,WAS,52,35.0,31.58823529411765,0.049551346012063985,-0.18105482519828137,57.0,26.00189189189189,-0.0028684871230401617,0.025323570141908752,KC,0,65.75,30.893340574866308,0.6730769230769231
2025,9,2025_09_SEA_WAS,WAS,62,35.0,29.76923076923077,0.11593918750683467,-0.01966609920735564,57.25,27.488950715421304,0.010155896156188341,-0.05276830927799465,SEA,-7,58.5,26.126381987577638,0.5645161290322581
2025,10,2025_10_DET_WAS,WAS,52,27.0,23.076923076923077,0.06344652814524501,0.17317353615379838,59.25,28.501258407728997,0.026692936504042662,-0.12143233868152453,DET,0,59.75,30.31500278473963,0.5192307692307693
2025,11,2025_11_WAS_MIA,WAS,64,32.0,26.952380952380953,-0.03145284586482572,0.07062747970214614,57.5,26.878597285067876,0.0507510391178963,-0.0622147287151629,MIA,0,58.5,33.18254120879121,0.5
2025,13,2025_13_DEN_WAS,WAS,85,56.0,28.047619047619047,-0.05550220376915408,0.07272244522995158,57.5,27.846692523163114,0.04937105394982949,0.01077002286257691,DEN,0,58.25,26.403481934731936,0.6588235294117647
2025,14,2025_14_WAS_MIN,WAS,49,32.0,26.25,0.10636892318725596,-0.4321306956342745,65.75,26.96153846153846,0.02310766650452497,0.07421434046963515,MIN,0,52.25,27.97553228021978,0.6530612244897959
2025,15,2025_15_WAS_NYG,WAS,55,26.0,28.56,-0.19385128021240244,0.002524845881955235,62.5,26.081730769230766,0.020715100424630293,-0.028901808637094573,NYG,-6,67.0,28.111449864498645,0.4727272727272727
2025,16,2025_16_PHI_WAS,WAS,51,25.0,27.0625,-0.04714927946527803,-0.1250445440991019,63.25,27.4525,-0.04360935166478157,-0.07156398120505536,PHI,0,59.75,26.865432393693265,0.49019607843137253
2025,17,2025_17_DAL_WAS,WAS,40,26.0,26.0,-0.06633698774708642,0.19653274427039705,60.0,27.48002976190476,-0.047533460064894645,-0.12048198715536737,DAL,1,66.25,26.266007306424306,0.65
2025,18,2025_18_WAS_PHI,WAS,61,27.0,32.5625,-0.09959346237705977,-0.025166327970555572,48.75,26.968125,-0.050242156059377735,-0.08952941239525601,PHI,3,62.25,27.2322308126656,0.4426229508196721
